trial_nr	onset	event_type	phase	response	nr_frames	picture_index	picture_file	onset_abs	duration
0	0.16892433166503906	stim	0		363			102.9645254611969	3.041682004928589
0	3.1943068504333496	response	0	space				105.98990797996521	
2	3.210606336593628	picture	0		184	0.0	/experiments/Knapen_AOT/AOT_stimuli/pictures/0321_fw.png	106.00620746612549	1.5561270713806152
2	4.741919755935669	response	0	k		0.0	/experiments/Knapen_AOT/AOT_stimuli/pictures/0321_fw.png	107.53752088546753	
3	4.766733407974243	picture	0		162	1.0	/experiments/Knapen_AOT/AOT_stimuli/pictures/0267_fw.png	107.5623345375061	1.3651251792907715
3	6.1191465854644775	response	0	k		1.0	/experiments/Knapen_AOT/AOT_stimuli/pictures/0267_fw.png	108.91474771499634	
4	6.131858587265015	picture	0		160	2.0	/experiments/Knapen_AOT/AOT_stimuli/pictures/0209_fw.png	108.92745971679688	1.3402738571166992
4	7.460874795913696	response	0	k		2.0	/experiments/Knapen_AOT/AOT_stimuli/pictures/0209_fw.png	110.25647592544556	
5	7.472132444381714	picture	0		113	3.0	/experiments/Knapen_AOT/AOT_stimuli/pictures/0117_fw.png	110.26773357391357	0.938509464263916
5	8.402543306350708	response	0	j		3.0	/experiments/Knapen_AOT/AOT_stimuli/pictures/0117_fw.png	111.19814443588257	
6	8.41064190864563	picture	0		98	4.0	/experiments/Knapen_AOT/AOT_stimuli/pictures/0899_fw.png	111.20624303817749	0.8185336589813232
6	9.219605922698975	response	0	j		4.0	/experiments/Knapen_AOT/AOT_stimuli/pictures/0899_fw.png	112.01520705223083	
7	9.229175567626953	picture	0		108	5.0	/experiments/Knapen_AOT/AOT_stimuli/pictures/1357_fw.png	112.02477669715881	0.9027915000915527
7	10.119226932525635	response	0	j		5.0	/experiments/Knapen_AOT/AOT_stimuli/pictures/1357_fw.png	112.9148280620575	
8	10.131967067718506	picture	0		122	6.0	/experiments/Knapen_AOT/AOT_stimuli/pictures/0323_fw.png	112.92756819725037	1.0139071941375732
8	11.135993242263794	response	0	k		6.0	/experiments/Knapen_AOT/AOT_stimuli/pictures/0323_fw.png	113.93159437179565	
9	11.145874261856079	picture	0		107	7.0	/experiments/Knapen_AOT/AOT_stimuli/pictures/0819_fw.png	113.94147539138794	0.8959288597106934
9	12.0276038646698	response	0	k		7.0	/experiments/Knapen_AOT/AOT_stimuli/pictures/0819_fw.png	114.82320499420166	
10	12.041803121566772	picture	0		84	8.0	/experiments/Knapen_AOT/AOT_stimuli/pictures/0131_fw.png	114.83740425109863	0.7022244930267334
10	12.73590874671936	response	0	j		8.0	/experiments/Knapen_AOT/AOT_stimuli/pictures/0131_fw.png	115.53150987625122	
11	12.744027614593506	picture	0		105	9.0	/experiments/Knapen_AOT/AOT_stimuli/pictures/1514_fw.png	115.53962874412537	0.8833751678466797
11	13.610907554626465	response	0	j		9.0	/experiments/Knapen_AOT/AOT_stimuli/pictures/1514_fw.png	116.40650868415833	
12	13.627402782440186	picture	0		133	10.0	/experiments/Knapen_AOT/AOT_stimuli/pictures/0861_fw.png	116.42300391197205	1.1087446212768555
12	14.727846622467041	response	0	k		10.0	/experiments/Knapen_AOT/AOT_stimuli/pictures/0861_fw.png	117.5234477519989	
13	14.736147403717041	picture	0		124	11.0	/experiments/Knapen_AOT/AOT_stimuli/pictures/1856_fw.png	117.5317485332489	1.0347213745117188
13	15.760945796966553	response	0	k		11.0	/experiments/Knapen_AOT/AOT_stimuli/pictures/1856_fw.png	118.55654692649841	
14	15.77086877822876	picture	0		105	12.0	/experiments/Knapen_AOT/AOT_stimuli/pictures/0476_fw.png	118.56646990776062	0.8750104904174805
14	16.63597059249878	response	0	k		12.0	/experiments/Knapen_AOT/AOT_stimuli/pictures/0476_fw.png	119.43157172203064	
15	16.64587926864624	picture	0		101	13.0	/experiments/Knapen_AOT/AOT_stimuli/pictures/1616_fw.png	119.4414803981781	0.8402957916259766
15	17.47768783569336	response	0	j		13.0	/experiments/Knapen_AOT/AOT_stimuli/pictures/1616_fw.png	120.27328896522522	
16	17.486175060272217	picture	0		208	14.0	/experiments/Knapen_AOT/AOT_stimuli/pictures/1175_fw.png	120.28177618980408	1.7360303401947021
16	19.21098494529724	response	0	k		14.0	/experiments/Knapen_AOT/AOT_stimuli/pictures/1175_fw.png	122.0065860748291	
17	19.22220540046692	picture	0		100	15.0	/experiments/Knapen_AOT/AOT_stimuli/pictures/0684_fw.png	122.01780652999878	0.8334691524505615
17	20.0443274974823	response	0	j		15.0	/experiments/Knapen_AOT/AOT_stimuli/pictures/0684_fw.png	122.83992862701416	
18	20.05567455291748	picture	0		138	16.0	/experiments/Knapen_AOT/AOT_stimuli/pictures/0176_fw.png	122.85127568244934	1.155163288116455
18	21.187700986862183	response	0	k		16.0	/experiments/Knapen_AOT/AOT_stimuli/pictures/0176_fw.png	123.98330211639404	
19	21.210837841033936	picture	0		97	17.0	/experiments/Knapen_AOT/AOT_stimuli/pictures/0980_fw.png	124.0064389705658	0.8101050853729248
19	22.004705667495728	response	0	k		17.0	/experiments/Knapen_AOT/AOT_stimuli/pictures/0980_fw.png	124.80030679702759	
20	22.02094292640686	picture	0		97	18.0	/experiments/Knapen_AOT/AOT_stimuli/pictures/0439_fw.png	124.81654405593872	0.8124880790710449
20	22.819396257400513	response	0	j		18.0	/experiments/Knapen_AOT/AOT_stimuli/pictures/0439_fw.png	125.61499738693237	
21	22.833431005477905	picture	0		105	19.0	/experiments/Knapen_AOT/AOT_stimuli/pictures/1720_fw.png	125.62903213500977	0.8819668292999268
21	23.702727794647217	response	0	k		19.0	/experiments/Knapen_AOT/AOT_stimuli/pictures/1720_fw.png	126.49832892417908	
22	23.715397834777832	picture	0		101	20.0	/experiments/Knapen_AOT/AOT_stimuli/pictures/1522_fw.png	126.51099896430969	0.8403000831604004
22	24.544445753097534	response	0	k		20.0	/experiments/Knapen_AOT/AOT_stimuli/pictures/1522_fw.png	127.3400468826294	
23	24.555697917938232	picture	0		95	21.0	/experiments/Knapen_AOT/AOT_stimuli/pictures/0287_fw.png	127.35129904747009	0.791642427444458
23	25.336126565933228	response	0	k		21.0	/experiments/Knapen_AOT/AOT_stimuli/pictures/0287_fw.png	128.1317276954651	
24	25.34734034538269	picture	0		130	22.0	/experiments/Knapen_AOT/AOT_stimuli/pictures/0271_fw.png	128.14294147491455	1.0833640098571777
24	26.41943597793579	response	0	k		22.0	/experiments/Knapen_AOT/AOT_stimuli/pictures/0271_fw.png	129.21503710746765	
25	26.430704355239868	picture	0		111	23.0	/experiments/Knapen_AOT/AOT_stimuli/pictures/1016_fw.png	129.22630548477173	0.9235987663269043
25	27.34445333480835	response	0	k		23.0	/experiments/Knapen_AOT/AOT_stimuli/pictures/1016_fw.png	130.1400544643402	
26	27.354303121566772	picture	0		122	24.0	/experiments/Knapen_AOT/AOT_stimuli/pictures/0501_fw.png	130.14990425109863	1.0232758522033691
26	28.361090660095215	response	0	j		24.0	/experiments/Knapen_AOT/AOT_stimuli/pictures/0501_fw.png	131.15669178962708	
27	28.37757897377014	picture	0		240	25.0	/experiments/Knapen_AOT/AOT_stimuli/pictures/0603_fw.png	131.173180103302	2.004431962966919
27	30.369450569152832	response	0	k		25.0	/experiments/Knapen_AOT/AOT_stimuli/pictures/0603_fw.png	133.1650516986847	
28	30.38201093673706	picture	0		120	26.0	/experiments/Knapen_AOT/AOT_stimuli/pictures/0740_fw.png	133.17761206626892	1.0001037120819092
28	31.36948800086975	response	0	k		26.0	/experiments/Knapen_AOT/AOT_stimuli/pictures/0740_fw.png	134.1650891304016	
29	31.38211464881897	picture	0		139	27.0	/experiments/Knapen_AOT/AOT_stimuli/pictures/1530_fw.png	134.17771577835083	1.1621882915496826
29	32.5279815196991	response	0	k		27.0	/experiments/Knapen_AOT/AOT_stimuli/pictures/1530_fw.png	135.32358264923096	
30	32.54430294036865	picture	0		135	28.0	/experiments/Knapen_AOT/AOT_stimuli/pictures/0163_fw.png	135.3399040699005	1.1333317756652832
30	33.66117858886719	response	0	j		28.0	/experiments/Knapen_AOT/AOT_stimuli/pictures/0163_fw.png	136.45677971839905	
31	33.677634716033936	picture	0		105	29.0	/experiments/Knapen_AOT/AOT_stimuli/pictures/1988_fw.png	136.4732358455658	0.8781468868255615
31	34.544532775878906	response	0	k		29.0	/experiments/Knapen_AOT/AOT_stimuli/pictures/1988_fw.png	137.34013390541077	
32	34.5557816028595	picture	0		118	30.0	/experiments/Knapen_AOT/AOT_stimuli/pictures/1136_fw.png	137.35138273239136	0.9885649681091309
32	35.5281708240509	response	0	k		30.0	/experiments/Knapen_AOT/AOT_stimuli/pictures/1136_fw.png	138.32377195358276	
33	35.54434657096863	picture	0		102	31.0	/experiments/Knapen_AOT/AOT_stimuli/pictures/0357_fw.png	138.3399477005005	0.8516504764556885
33	36.386385440826416	response	0	k		31.0	/experiments/Knapen_AOT/AOT_stimuli/pictures/0357_fw.png	139.18198657035828	
34	36.395997047424316	picture	0		137	32.0	/experiments/Knapen_AOT/AOT_stimuli/pictures/0255_fw.png	139.19159817695618	1.1399943828582764
34	37.528109312057495	response	0	j		32.0	/experiments/Knapen_AOT/AOT_stimuli/pictures/0255_fw.png	140.32371044158936	
35	37.53599143028259	picture	0		117	33.0	/experiments/Knapen_AOT/AOT_stimuli/pictures/1176_fw.png	140.33159255981445	0.9781754016876221
35	38.502954721450806	response	0	k		33.0	/experiments/Knapen_AOT/AOT_stimuli/pictures/1176_fw.png	141.29855585098267	
36	38.514166831970215	picture	0		121	34.0	/experiments/Knapen_AOT/AOT_stimuli/pictures/0556_fw.png	141.30976796150208	1.0069477558135986
36	39.51124906539917	response	0	j		34.0	/experiments/Knapen_AOT/AOT_stimuli/pictures/0556_fw.png	142.30685019493103	
37	39.52111458778381	picture	0		111	35.0	/experiments/Knapen_AOT/AOT_stimuli/pictures/1755_fw.png	142.31671571731567	0.9235320091247559
37	40.43624258041382	response	0	k		35.0	/experiments/Knapen_AOT/AOT_stimuli/pictures/1755_fw.png	143.23184370994568	
38	40.44464659690857	picture	0		124	36.0	/experiments/Knapen_AOT/AOT_stimuli/pictures/1223_fw.png	143.24024772644043	1.0347530841827393
38	41.46968221664429	response	0	k		36.0	/experiments/Knapen_AOT/AOT_stimuli/pictures/1223_fw.png	144.26528334617615	
39	41.47939968109131	picture	0		124	37.0	/experiments/Knapen_AOT/AOT_stimuli/pictures/1390_fw.png	144.27500081062317	1.0347237586975098
39	42.50298476219177	response	0	j		37.0	/experiments/Knapen_AOT/AOT_stimuli/pictures/1390_fw.png	145.29858589172363	
40	42.51412343978882	picture	0		259	38.0	/experiments/Knapen_AOT/AOT_stimuli/pictures/1570_fw.png	145.30972456932068	2.163658857345581
40	44.66133499145508	response	0	j		38.0	/experiments/Knapen_AOT/AOT_stimuli/pictures/1570_fw.png	147.45693612098694	
41	44.6777822971344	picture	0		80	39.0	/experiments/Knapen_AOT/AOT_stimuli/pictures/0598_fw.png	147.47338342666626	0.669750452041626
41	45.33631658554077	response	0	j		39.0	/experiments/Knapen_AOT/AOT_stimuli/pictures/0598_fw.png	148.13191771507263	
42	45.347532749176025	picture	0		125	40.0	/experiments/Knapen_AOT/AOT_stimuli/pictures/0588_fw.png	148.14313387870789	1.0416827201843262
42	46.3780403137207	response	0	k		40.0	/experiments/Knapen_AOT/AOT_stimuli/pictures/0588_fw.png	149.17364144325256	
43	46.38921546936035	picture	0		120	41.0	/experiments/Knapen_AOT/AOT_stimuli/pictures/0341_fw.png	149.1848165988922	1.005260705947876
43	47.37804317474365	response	0	k		41.0	/experiments/Knapen_AOT/AOT_stimuli/pictures/0341_fw.png	150.1736443042755	
44	47.39447617530823	picture	0		262	42.0	/experiments/Knapen_AOT/AOT_stimuli/pictures/1045_fw.png	150.1900773048401	2.1916935443878174
44	49.569700717926025	response	0	j		42.0	/experiments/Knapen_AOT/AOT_stimuli/pictures/1045_fw.png	152.36530184745789	
45	49.586169719696045	picture	0		148	43.0	/experiments/Knapen_AOT/AOT_stimuli/pictures/1473_fw.png	152.3817708492279	1.2335939407348633
45	50.81149482727051	response	0	j		43.0	/experiments/Knapen_AOT/AOT_stimuli/pictures/1473_fw.png	153.60709595680237	
46	50.81976366043091	picture	0		83	44.0	/experiments/Knapen_AOT/AOT_stimuli/pictures/1941_fw.png	153.61536478996277	0.6944525241851807
46	51.50328755378723	response	0	j		44.0	/experiments/Knapen_AOT/AOT_stimuli/pictures/1941_fw.png	154.2988886833191	
47	51.51421618461609	picture	0		173	45.0	/experiments/Knapen_AOT/AOT_stimuli/pictures/0883_fw.png	154.30981731414795	1.4444289207458496
47	52.94478988647461	response	0	j		45.0	/experiments/Knapen_AOT/AOT_stimuli/pictures/0883_fw.png	155.74039101600647	
48	52.95864510536194	picture	0		101	46.0	/experiments/Knapen_AOT/AOT_stimuli/pictures/1615_fw.png	155.7542462348938	0.8472182750701904
48	53.794761657714844	response	0	j		46.0	/experiments/Knapen_AOT/AOT_stimuli/pictures/1615_fw.png	156.5903627872467	
49	53.80586338043213	picture	0		123	47.0	/experiments/Knapen_AOT/AOT_stimuli/pictures/0157_fw.png	156.601464509964	1.0277798175811768
49	54.819761514663696	response	0	k		47.0	/experiments/Knapen_AOT/AOT_stimuli/pictures/0157_fw.png	157.61536264419556	
50	54.833643198013306	picture	0		103	48.0	/experiments/Knapen_AOT/AOT_stimuli/pictures/1934_fw.png	157.62924432754517	0.8611443042755127
50	55.686424016952515	response	0	j		48.0	/experiments/Knapen_AOT/AOT_stimuli/pictures/1934_fw.png	158.48202514648438	
51	55.69478750228882	picture	0		118	49.0	/experiments/Knapen_AOT/AOT_stimuli/pictures/0928_fw.png	158.49038863182068	0.991478681564331
51	56.66994762420654	response	0	j		49.0	/experiments/Knapen_AOT/AOT_stimuli/pictures/0928_fw.png	159.4655487537384	
52	56.68626618385315	picture	0		89	50.0	/experiments/Knapen_AOT/AOT_stimuli/pictures/0550_fw.png	159.481867313385	0.7500021457672119
52	57.41978883743286	response	0	j		50.0	/experiments/Knapen_AOT/AOT_stimuli/pictures/0550_fw.png	160.21538996696472	
53	57.43626832962036	picture	0		107	51.0	/experiments/Knapen_AOT/AOT_stimuli/pictures/0071_fw.png	160.23186945915222	0.8974614143371582
53	58.31983232498169	response	0	k		51.0	/experiments/Knapen_AOT/AOT_stimuli/pictures/0071_fw.png	161.11543345451355	
54	58.33372974395752	picture	0		132	52.0	/experiments/Knapen_AOT/AOT_stimuli/pictures/0545_fw.png	161.12933087348938	1.1040990352630615
54	59.42817425727844	response	0	k		52.0	/experiments/Knapen_AOT/AOT_stimuli/pictures/0545_fw.png	162.2237753868103	
55	59.43782877922058	picture	0		94	53.0	/experiments/Knapen_AOT/AOT_stimuli/pictures/0371_fw.png	162.23342990875244	0.7901368141174316
55	60.21162438392639	response	0	j		53.0	/experiments/Knapen_AOT/AOT_stimuli/pictures/0371_fw.png	163.00722551345825	
56	60.22796559333801	picture	0		98	54.0	/experiments/Knapen_AOT/AOT_stimuli/pictures/1456_fw.png	163.02356672286987	0.825014591217041
56	61.03648257255554	response	0	j		54.0	/experiments/Knapen_AOT/AOT_stimuli/pictures/1456_fw.png	163.8320837020874	
57	61.052980184555054	picture	0		121	55.0	/experiments/Knapen_AOT/AOT_stimuli/pictures/1505_fw.png	163.8485813140869	1.0099387168884277
57	62.0533401966095	response	0	k		55.0	/experiments/Knapen_AOT/AOT_stimuli/pictures/1505_fw.png	164.84894132614136	
58	62.06291890144348	picture	0		251	56.0	/experiments/Knapen_AOT/AOT_stimuli/pictures/2015_fw.png	164.85852003097534	2.098433256149292
58	64.14490556716919	response	0	k		56.0	/experiments/Knapen_AOT/AOT_stimuli/pictures/2015_fw.png	166.94050669670105	
59	64.16135215759277	picture	0		105	57.0	/experiments/Knapen_AOT/AOT_stimuli/pictures/1796_fw.png	166.95695328712463	0.8807482719421387
59	65.0281982421875	response	0	k		57.0	/experiments/Knapen_AOT/AOT_stimuli/pictures/1796_fw.png	167.82379937171936	
60	65.04210042953491	picture	0		96	58.0	/experiments/Knapen_AOT/AOT_stimuli/pictures/1351_fw.png	167.83770155906677	0.8109588623046875
60	65.83677649497986	response	0	k		58.0	/experiments/Knapen_AOT/AOT_stimuli/pictures/1351_fw.png	168.63237762451172	
61	65.8530592918396	picture	0		93	59.0	/experiments/Knapen_AOT/AOT_stimuli/pictures/2118_fw.png	168.64866042137146	0.7793288230895996
61	66.6199209690094	response	0	k		59.0	/experiments/Knapen_AOT/AOT_stimuli/pictures/2118_fw.png	169.41552209854126	
62	66.6323881149292	picture	0		118	60.0	/experiments/Knapen_AOT/AOT_stimuli/pictures/1549_fw.png	169.42798924446106	0.9873170852661133
62	67.603590965271	response	0	k		60.0	/experiments/Knapen_AOT/AOT_stimuli/pictures/1549_fw.png	170.39919209480286	
63	67.61970520019531	picture	0		145	61.0	/experiments/Knapen_AOT/AOT_stimuli/pictures/1182_fw.png	170.41530632972717	1.2167198657989502
63	68.82011032104492	response	0	j		61.0	/experiments/Knapen_AOT/AOT_stimuli/pictures/1182_fw.png	171.61571145057678	
64	68.83642506599426	picture	0		110	62.0	/experiments/Knapen_AOT/AOT_stimuli/pictures/0986_fw.png	171.63202619552612	0.9209799766540527
64	69.74494194984436	response	0	k		62.0	/experiments/Knapen_AOT/AOT_stimuli/pictures/0986_fw.png	172.54054307937622	
65	69.75740504264832	picture	0		154	63.0	/experiments/Knapen_AOT/AOT_stimuli/pictures/0295_fw.png	172.55300617218018	1.2847099304199219
65	71.02847003936768	response	0	j		63.0	/experiments/Knapen_AOT/AOT_stimuli/pictures/0295_fw.png	173.82407116889954	
66	71.04211497306824	picture	0		136	64.0	/experiments/Knapen_AOT/AOT_stimuli/pictures/1770_fw.png	173.8377161026001	1.1388356685638428
66	72.16994667053223	response	0	j		64.0	/experiments/Knapen_AOT/AOT_stimuli/pictures/1770_fw.png	174.9655478000641	
67	72.18095064163208	picture	0		104	65.0	/experiments/Knapen_AOT/AOT_stimuli/pictures/1882_fw.png	174.97655177116394	0.8681249618530273
67	73.0368185043335	response	0	k		65.0	/experiments/Knapen_AOT/AOT_stimuli/pictures/1882_fw.png	175.83241963386536	
68	73.04907560348511	picture	0		136	66.0	/experiments/Knapen_AOT/AOT_stimuli/pictures/1968_fw.png	175.84467673301697	1.131960391998291
68	74.17003321647644	response	0	k		66.0	/experiments/Knapen_AOT/AOT_stimuli/pictures/1968_fw.png	176.9656343460083	
69	74.1810359954834	picture	0		89	67.0	/experiments/Knapen_AOT/AOT_stimuli/pictures/0950_fw.png	176.97663712501526	0.7471413612365723
69	74.91171932220459	response	0	j		67.0	/experiments/Knapen_AOT/AOT_stimuli/pictures/0950_fw.png	177.70732045173645	
70	74.92817735671997	picture	0		98	68.0	/experiments/Knapen_AOT/AOT_stimuli/pictures/0408_fw.png	177.72377848625183	0.8249738216400146
70	75.73678708076477	response	0	j		68.0	/experiments/Knapen_AOT/AOT_stimuli/pictures/0408_fw.png	178.53238821029663	
71	75.75315117835999	picture	0		99	69.0	/experiments/Knapen_AOT/AOT_stimuli/pictures/0792_fw.png	178.54875230789185	0.8333425521850586
71	76.57011723518372	response	0	k		69.0	/experiments/Knapen_AOT/AOT_stimuli/pictures/0792_fw.png	179.36571836471558	
72	76.58649373054504	picture	0		125	70.0	/experiments/Knapen_AOT/AOT_stimuli/pictures/1773_fw.png	179.3820948600769	1.050027847290039
72	77.6200520992279	response	0	k		70.0	/experiments/Knapen_AOT/AOT_stimuli/pictures/1773_fw.png	180.41565322875977	
73	77.63652157783508	picture	0		255	71.0	/experiments/Knapen_AOT/AOT_stimuli/pictures/0006_fw.png	180.43212270736694	2.1277639865875244
73	79.75336837768555	response	0	k		71.0	/experiments/Knapen_AOT/AOT_stimuli/pictures/0006_fw.png	182.5489695072174	
74	79.76428556442261	picture	0		90	72.0	/experiments/Knapen_AOT/AOT_stimuli/pictures/0053_fw.png	182.55988669395447	0.7556543350219727
74	80.5034453868866	response	0	k		72.0	/experiments/Knapen_AOT/AOT_stimuli/pictures/0053_fw.png	183.29904651641846	
75	80.51993989944458	picture	0		108	73.0	/experiments/Knapen_AOT/AOT_stimuli/pictures/0320_fw.png	183.31554102897644	0.9041581153869629
75	81.4117476940155	response	0	j		73.0	/experiments/Knapen_AOT/AOT_stimuli/pictures/0320_fw.png	184.20734882354736	
76	81.42409801483154	picture	0		123	74.0	/experiments/Knapen_AOT/AOT_stimuli/pictures/1040_fw.png	184.2196991443634	1.034743070602417
76	82.44519352912903	response	0	j		74.0	/experiments/Knapen_AOT/AOT_stimuli/pictures/1040_fw.png	185.2407946586609	
77	82.45884108543396	picture	0		180	75.0	/experiments/Knapen_AOT/AOT_stimuli/pictures/1111_fw.png	185.25444221496582	1.5068674087524414
77	83.95341324806213	response	0	k		75.0	/experiments/Knapen_AOT/AOT_stimuli/pictures/1111_fw.png	186.749014377594	
78	83.9657084941864	picture	0		97	76.0	/experiments/Knapen_AOT/AOT_stimuli/pictures/1367_fw.png	186.76130962371826	0.8056473731994629
78	84.76182341575623	response	0	k		76.0	/experiments/Knapen_AOT/AOT_stimuli/pictures/1367_fw.png	187.5574245452881	
79	84.77135586738586	picture	0		113	77.0	/experiments/Knapen_AOT/AOT_stimuli/pictures/1547_fw.png	187.56695699691772	0.9485807418823242
79	85.70363092422485	response	0	k		77.0	/experiments/Knapen_AOT/AOT_stimuli/pictures/1547_fw.png	188.4992320537567	
80	85.71993660926819	picture	0		126	78.0	/experiments/Knapen_AOT/AOT_stimuli/pictures/1702_fw.png	188.51553773880005	1.0514378547668457
80	86.76196646690369	response	0	k		78.0	/experiments/Knapen_AOT/AOT_stimuli/pictures/1702_fw.png	189.55756759643555	
81	86.77137446403503	picture	0		100	79.0	/experiments/Knapen_AOT/AOT_stimuli/pictures/1515_fw.png	189.5669755935669	0.8333315849304199
81	87.58772492408752	response	0	j		79.0	/experiments/Knapen_AOT/AOT_stimuli/pictures/1515_fw.png	190.38332605361938	
82	87.60470604896545	picture	0		120	80.0	/experiments/Knapen_AOT/AOT_stimuli/pictures/0261_fw.png	190.40030717849731	1.000032901763916
82	88.58749771118164	response	0	j		80.0	/experiments/Knapen_AOT/AOT_stimuli/pictures/0261_fw.png	191.3830988407135	
83	88.60473895072937	picture	0		114	81.0	/experiments/Knapen_AOT/AOT_stimuli/pictures/1444_fw.png	191.40034008026123	0.9569141864776611
83	89.54522633552551	response	0	j		81.0	/experiments/Knapen_AOT/AOT_stimuli/pictures/1444_fw.png	192.34082746505737	
84	89.56165313720703	picture	0		125	82.0	/experiments/Knapen_AOT/AOT_stimuli/pictures/1932_fw.png	192.3572542667389	1.0430541038513184
84	90.58762574195862	response	0	k		82.0	/experiments/Knapen_AOT/AOT_stimuli/pictures/1932_fw.png	193.38322687149048	
85	90.60470724105835	picture	0		116	83.0	/experiments/Knapen_AOT/AOT_stimuli/pictures/0265_fw.png	193.4003083705902	0.9736838340759277
85	91.5618782043457	response	0	j		83.0	/experiments/Knapen_AOT/AOT_stimuli/pictures/0265_fw.png	194.35747933387756	
86	91.57839107513428	picture	0		108	84.0	/experiments/Knapen_AOT/AOT_stimuli/pictures/2112_fw.png	194.37399220466614	0.9013557434082031
86	92.47028303146362	response	0	k		84.0	/experiments/Knapen_AOT/AOT_stimuli/pictures/2112_fw.png	195.26588416099548	
87	92.47974681854248	picture	0		102	85.0	/experiments/Knapen_AOT/AOT_stimuli/pictures/0730_fw.png	195.27534794807434	0.85416579246521
87	93.32024049758911	response	0	k		85.0	/experiments/Knapen_AOT/AOT_stimuli/pictures/0730_fw.png	196.11584162712097	
88	93.33391261100769	picture	0		100	86.0	/experiments/Knapen_AOT/AOT_stimuli/pictures/0742_fw.png	196.12951374053955	0.8402886390686035
88	94.16189742088318	response	0	j		86.0	/experiments/Knapen_AOT/AOT_stimuli/pictures/0742_fw.png	196.95749855041504	
89	94.1742012500763	picture	0		102	87.0	/experiments/Knapen_AOT/AOT_stimuli/pictures/1707_fw.png	196.96980237960815	0.8542203903198242
89	95.01189422607422	response	0	k		87.0	/experiments/Knapen_AOT/AOT_stimuli/pictures/1707_fw.png	197.80749535560608	
90	95.02842164039612	picture	0		184	88.0	/experiments/Knapen_AOT/AOT_stimuli/pictures/1802_fw.png	197.82402276992798	1.541649580001831
90	96.55358719825745	response	0	k		88.0	/experiments/Knapen_AOT/AOT_stimuli/pictures/1802_fw.png	199.3491883277893	
91	96.57007122039795	picture	0		164	89.0	/experiments/Knapen_AOT/AOT_stimuli/pictures/0086_fw.png	199.3656723499298	1.3679373264312744
91	97.92861199378967	response	0	j		89.0	/experiments/Knapen_AOT/AOT_stimuli/pictures/0086_fw.png	200.72421312332153	
92	97.93800854682922	picture	0		104	90.0	/experiments/Knapen_AOT/AOT_stimuli/pictures/0202_fw.png	200.73360967636108	0.8681666851043701
92	98.78790926933289	response	0	j		90.0	/experiments/Knapen_AOT/AOT_stimuli/pictures/0202_fw.png	201.58351039886475	
93	98.8061752319336	picture	0		86	91.0	/experiments/Knapen_AOT/AOT_stimuli/pictures/1776_fw.png	201.60177636146545	0.7153568267822266
93	99.5120120048523	response	0	j		91.0	/experiments/Knapen_AOT/AOT_stimuli/pictures/1776_fw.png	202.30761313438416	
94	99.52153205871582	picture	0		88	92.0	/experiments/Knapen_AOT/AOT_stimuli/pictures/2151_fw.png	202.31713318824768	0.7360405921936035
94	100.24530673027039	response	0	j		92.0	/experiments/Knapen_AOT/AOT_stimuli/pictures/2151_fw.png	203.04090785980225	
95	100.25757265090942	picture	0		114	93.0	/experiments/Knapen_AOT/AOT_stimuli/pictures/1028_fw.png	203.05317378044128	0.9514260292053223
95	101.18783378601074	response	0	k		93.0	/experiments/Knapen_AOT/AOT_stimuli/pictures/1028_fw.png	203.9834349155426	
96	101.20899868011475	picture	0		78	94.0	/experiments/Knapen_AOT/AOT_stimuli/pictures/0892_fw.png	204.0045998096466	0.6528511047363281
96	101.85367918014526	response	0	j		94.0	/experiments/Knapen_AOT/AOT_stimuli/pictures/0892_fw.png	204.64928030967712	
97	101.86184978485107	picture	0		118	95.0	/experiments/Knapen_AOT/AOT_stimuli/pictures/1599_fw.png	204.65745091438293	0.9916293621063232
97	102.8369710445404	response	0	k		95.0	/experiments/Knapen_AOT/AOT_stimuli/pictures/1599_fw.png	205.63257217407227	
98	102.8534791469574	picture	0		134	96.0	/experiments/Knapen_AOT/AOT_stimuli/pictures/2165_fw.png	205.64908027648926	1.1250553131103516
98	103.96198868751526	response	0	k		96.0	/experiments/Knapen_AOT/AOT_stimuli/pictures/2165_fw.png	206.75758981704712	
99	103.97853446006775	picture	0		264	97.0	/experiments/Knapen_AOT/AOT_stimuli/pictures/1585_fw.png	206.7741355895996	2.202625036239624
99	106.17034840583801	response	0	k		97.0	/experiments/Knapen_AOT/AOT_stimuli/pictures/1585_fw.png	208.96594953536987	
100	106.18115949630737	picture	0		111	98.0	/experiments/Knapen_AOT/AOT_stimuli/pictures/1849_fw.png	208.97676062583923	0.9237008094787598
100	107.0953779220581	response	0	k		98.0	/experiments/Knapen_AOT/AOT_stimuli/pictures/1849_fw.png	209.89097905158997	
101	107.10486030578613	picture	0		233	99.0	/experiments/Knapen_AOT/AOT_stimuli/pictures/0648_fw.png	209.900461435318	1.944333553314209
101	109.03709149360657	response	0	j		99.0	/experiments/Knapen_AOT/AOT_stimuli/pictures/0648_fw.png	211.83269262313843	
102	109.04919385910034	picture	0		141	100.0	/experiments/Knapen_AOT/AOT_stimuli/pictures/1745_fw.png	211.8447949886322	1.1793689727783203
102	110.21219301223755	response	0	k		100.0	/experiments/Knapen_AOT/AOT_stimuli/pictures/1745_fw.png	213.0077941417694	
103	110.22856283187866	picture	0		104	101.0	/experiments/Knapen_AOT/AOT_stimuli/pictures/2039_fw.png	213.02416396141052	0.8693258762359619
103	111.0870954990387	response	0	k		101.0	/experiments/Knapen_AOT/AOT_stimuli/pictures/2039_fw.png	213.88269662857056	
104	111.09788870811462	picture	0		133	102.0	/experiments/Knapen_AOT/AOT_stimuli/pictures/1399_fw.png	213.89348983764648	1.1111955642700195
104	112.18870162963867	response	0	k		102.0	/experiments/Knapen_AOT/AOT_stimuli/pictures/1399_fw.png	214.98430275917053	
105	112.20908427238464	picture	0		143	103.0	/experiments/Knapen_AOT/AOT_stimuli/pictures/1301_fw.png	215.0046854019165	1.202911138534546
105	113.395583152771	response	0	k		103.0	/experiments/Knapen_AOT/AOT_stimuli/pictures/1301_fw.png	216.19118428230286	
106	113.41199541091919	picture	0		167	104.0	/experiments/Knapen_AOT/AOT_stimuli/pictures/0897_fw.png	216.20759654045105	1.3999791145324707
106	114.7956211566925	response	0	k		104.0	/experiments/Knapen_AOT/AOT_stimuli/pictures/0897_fw.png	217.59122228622437	
107	114.81197452545166	picture	0		86	105.0	/experiments/Knapen_AOT/AOT_stimuli/pictures/2096_fw.png	217.60757565498352	0.7166228294372559
107	115.52046704292297	response	0	k		105.0	/experiments/Knapen_AOT/AOT_stimuli/pictures/2096_fw.png	218.31606817245483	
108	115.52859735488892	picture	0		132	106.0	/experiments/Knapen_AOT/AOT_stimuli/pictures/1134_fw.png	218.32419848442078	1.1041464805603027
108	116.62045240402222	response	0	k		106.0	/experiments/Knapen_AOT/AOT_stimuli/pictures/1134_fw.png	219.41605353355408	
109	116.63274383544922	picture	0		100	107.0	/experiments/Knapen_AOT/AOT_stimuli/pictures/1139_fw.png	219.42834496498108	0.833259105682373
109	117.45380926132202	response	0	k		107.0	/experiments/Knapen_AOT/AOT_stimuli/pictures/1139_fw.png	220.24941039085388	
110	117.46600294113159	picture	0		98	108.0	/experiments/Knapen_AOT/AOT_stimuli/pictures/1161_fw.png	220.26160407066345	0.8209898471832275
110	118.27048826217651	response	0	k		108.0	/experiments/Knapen_AOT/AOT_stimuli/pictures/1161_fw.png	221.06608939170837	
111	118.28699278831482	picture	0		84	109.0	/experiments/Knapen_AOT/AOT_stimuli/pictures/1181_fw.png	221.08259391784668	0.6999936103820801
111	118.9788019657135	response	0	k		109.0	/experiments/Knapen_AOT/AOT_stimuli/pictures/1181_fw.png	221.77440309524536	
112	118.9869863986969	picture	0		145	110.0	/experiments/Knapen_AOT/AOT_stimuli/pictures/0917_fw.png	221.78258752822876	1.2083380222320557
112	120.17985558509827	response	0	k		110.0	/experiments/Knapen_AOT/AOT_stimuli/pictures/0917_fw.png	222.97545671463013	
113	120.19532442092896	picture	0		95	111.0	/experiments/Knapen_AOT/AOT_stimuli/pictures/0033_fw.png	222.99092555046082	0.7917189598083496
113	120.97881054878235	response	0	j		111.0	/experiments/Knapen_AOT/AOT_stimuli/pictures/0033_fw.png	223.7744116783142	
114	120.9870433807373	picture	0		116	112.0	/experiments/Knapen_AOT/AOT_stimuli/pictures/0029_fw.png	223.78264451026917	0.9750299453735352
114	121.94551920890808	response	0	k		112.0	/experiments/Knapen_AOT/AOT_stimuli/pictures/0029_fw.png	224.74112033843994	
115	121.96207332611084	picture	0		92	113.0	/experiments/Knapen_AOT/AOT_stimuli/pictures/0786_fw.png	224.7576744556427	0.76788330078125
115	122.72050929069519	response	0	j		113.0	/experiments/Knapen_AOT/AOT_stimuli/pictures/0786_fw.png	225.51611042022705	
116	122.72995662689209	picture	0		93	114.0	/experiments/Knapen_AOT/AOT_stimuli/pictures/0204_fw.png	225.52555775642395	0.7777881622314453
116	123.49554419517517	response	0	j		114.0	/experiments/Knapen_AOT/AOT_stimuli/pictures/0204_fw.png	226.29114532470703	
117	123.50774478912354	picture	0		110	115.0	/experiments/Knapen_AOT/AOT_stimuli/pictures/0618_fw.png	226.3033459186554	0.9210009574890137
117	124.41226935386658	response	0	k		115.0	/experiments/Knapen_AOT/AOT_stimuli/pictures/0618_fw.png	227.20787048339844	
118	124.42874574661255	picture	0		152	116.0	/experiments/Knapen_AOT/AOT_stimuli/pictures/1999_fw.png	227.2243468761444	1.2666549682617188
118	125.68722152709961	response	0	k		116.0	/experiments/Knapen_AOT/AOT_stimuli/pictures/1999_fw.png	228.48282265663147	
119	125.69540071487427	picture	0		100	117.0	/experiments/Knapen_AOT/AOT_stimuli/pictures/1825_fw.png	228.49100184440613	0.8333420753479004
119	126.52060103416443	response	0	k		117.0	/experiments/Knapen_AOT/AOT_stimuli/pictures/1825_fw.png	229.3162021636963	
120	126.52874279022217	picture	0		95	118.0	/experiments/Knapen_AOT/AOT_stimuli/pictures/1728_fw.png	229.32434391975403	0.8000319004058838
120	127.3122661113739	response	0	k		118.0	/experiments/Knapen_AOT/AOT_stimuli/pictures/1728_fw.png	230.10786724090576	
121	127.32877469062805	picture	0		104	119.0	/experiments/Knapen_AOT/AOT_stimuli/pictures/1837_fw.png	230.1243758201599	0.8666596412658691
121	128.17971801757812	response	0	k		119.0	/experiments/Knapen_AOT/AOT_stimuli/pictures/1837_fw.png	230.97531914710999	
122	128.19543433189392	picture	0		89	120.0	/experiments/Knapen_AOT/AOT_stimuli/pictures/0594_fw.png	230.99103546142578	0.7428839206695557
122	128.92893743515015	response	0	j		120.0	/experiments/Knapen_AOT/AOT_stimuli/pictures/0594_fw.png	231.724538564682	
123	128.93831825256348	picture	0		111	121.0	/experiments/Knapen_AOT/AOT_stimuli/pictures/0055_fw.png	231.73391938209534	0.9238443374633789
123	129.85392832756042	response	0	k		121.0	/experiments/Knapen_AOT/AOT_stimuli/pictures/0055_fw.png	232.64952945709229	
124	129.86216259002686	picture	0		145	122.0	/experiments/Knapen_AOT/AOT_stimuli/pictures/0266_fw.png	232.65776371955872	1.2082929611206055
124	131.06236338615417	response	0	k		122.0	/experiments/Knapen_AOT/AOT_stimuli/pictures/0266_fw.png	233.85796451568604	
125	131.07045555114746	picture	0		101	123.0	/experiments/Knapen_AOT/AOT_stimuli/pictures/1798_fw.png	233.86605668067932	0.8470542430877686
125	131.90394687652588	response	0	k		123.0	/experiments/Knapen_AOT/AOT_stimuli/pictures/1798_fw.png	234.69954800605774	
126	131.91750979423523	picture	0		91	124.0	/experiments/Knapen_AOT/AOT_stimuli/pictures/0625_fw.png	234.7131109237671	0.7696504592895508
126	132.67068457603455	response	0	j		124.0	/experiments/Knapen_AOT/AOT_stimuli/pictures/0625_fw.png	235.4662857055664	
127	132.68716025352478	picture	0		277	125.0	/experiments/Knapen_AOT/AOT_stimuli/pictures/1913_fw.png	235.48276138305664	2.3136394023895264
127	134.98761582374573	response	0	k		125.0	/experiments/Knapen_AOT/AOT_stimuli/pictures/1913_fw.png	237.7832169532776	
128	135.0007996559143	picture	0		98	126.0	/experiments/Knapen_AOT/AOT_stimuli/pictures/1120_fw.png	237.79640078544617	0.8197181224822998
128	135.81233263015747	response	0	j		126.0	/experiments/Knapen_AOT/AOT_stimuli/pictures/1120_fw.png	238.60793375968933	
129	135.8205177783966	picture	0		119	127.0	/experiments/Knapen_AOT/AOT_stimuli/pictures/1233_fw.png	238.61611890792847	1.0000216960906982
129	136.80406522750854	response	0	k		127.0	/experiments/Knapen_AOT/AOT_stimuli/pictures/1233_fw.png	239.5996663570404	
130	136.8205394744873	picture	0		80	128.0	/experiments/Knapen_AOT/AOT_stimuli/pictures/0715_fw.png	239.61614060401917	0.6667437553405762
130	137.47902584075928	response	0	j		128.0	/experiments/Knapen_AOT/AOT_stimuli/pictures/0715_fw.png	240.27462697029114	
131	137.48728322982788	picture	0		103	129.0	/experiments/Knapen_AOT/AOT_stimuli/pictures/0077_fw.png	240.28288435935974	0.8608074188232422
131	138.33744287490845	response	0	j		129.0	/experiments/Knapen_AOT/AOT_stimuli/pictures/0077_fw.png	241.1330440044403	
132	138.34809064865112	picture	0		108	130.0	/experiments/Knapen_AOT/AOT_stimuli/pictures/0107_fw.png	241.14369177818298	0.9027957916259766
132	139.23736667633057	response	0	j		130.0	/experiments/Knapen_AOT/AOT_stimuli/pictures/0107_fw.png	242.03296780586243	
133	139.2508864402771	picture	0		88	131.0	/experiments/Knapen_AOT/AOT_stimuli/pictures/0731_fw.png	242.04648756980896	0.7363436222076416
133	139.97182965278625	response	0	j		131.0	/experiments/Knapen_AOT/AOT_stimuli/pictures/0731_fw.png	242.76743078231812	
134	139.98723006248474	picture	0		105	132.0	/experiments/Knapen_AOT/AOT_stimuli/pictures/0774_fw.png	242.7828311920166	0.8750100135803223
134	140.85404181480408	response	0	k		132.0	/experiments/Knapen_AOT/AOT_stimuli/pictures/0774_fw.png	243.64964294433594	
135	140.86224007606506	picture	0		114	133.0	/experiments/Knapen_AOT/AOT_stimuli/pictures/1976_fw.png	243.65784120559692	0.9511847496032715
135	141.8040976524353	response	0	k		133.0	/experiments/Knapen_AOT/AOT_stimuli/pictures/1976_fw.png	244.59969878196716	
136	141.81342482566833	picture	0		156	134.0	/experiments/Knapen_AOT/AOT_stimuli/pictures/0848_fw.png	244.6090259552002	1.2988431453704834
136	143.1041395664215	response	0	k		134.0	/experiments/Knapen_AOT/AOT_stimuli/pictures/0848_fw.png	245.89974069595337	
137	143.11226797103882	picture	0		252	135.0	/experiments/Knapen_AOT/AOT_stimuli/pictures/0078_fw.png	245.90786910057068	2.1038506031036377
137	145.20410108566284	response	0	k		135.0	/experiments/Knapen_AOT/AOT_stimuli/pictures/0078_fw.png	247.9997022151947	
138	145.21611857414246	picture	0		105	136.0	/experiments/Knapen_AOT/AOT_stimuli/pictures/0021_fw.png	248.01171970367432	0.875150203704834
138	146.07913947105408	response	0	j		136.0	/experiments/Knapen_AOT/AOT_stimuli/pictures/0021_fw.png	248.87474060058594	
139	146.0912687778473	picture	0		95	137.0	/experiments/Knapen_AOT/AOT_stimuli/pictures/0902_fw.png	248.88686990737915	0.7916021347045898
139	146.8708016872406	response	0	j		137.0	/experiments/Knapen_AOT/AOT_stimuli/pictures/0902_fw.png	249.66640281677246	
140	146.88287091255188	picture	0		111	138.0	/experiments/Knapen_AOT/AOT_stimuli/pictures/1489_fw.png	249.67847204208374	0.923724889755249
140	147.79581761360168	response	0	j		138.0	/experiments/Knapen_AOT/AOT_stimuli/pictures/1489_fw.png	250.59141874313354	
141	147.80659580230713	picture	0		164	139.0	/experiments/Knapen_AOT/AOT_stimuli/pictures/0479_fw.png	250.602196931839	1.3678698539733887
141	149.1624960899353	response	0	j		139.0	/experiments/Knapen_AOT/AOT_stimuli/pictures/0479_fw.png	251.95809721946716	
142	149.17446565628052	picture	0		84	140.0	/experiments/Knapen_AOT/AOT_stimuli/pictures/1716_fw.png	251.97006678581238	0.7015211582183838
142	149.8625991344452	response	0	j		140.0	/experiments/Knapen_AOT/AOT_stimuli/pictures/1716_fw.png	252.65820026397705	
143	149.8759868144989	picture	0		94	141.0	/experiments/Knapen_AOT/AOT_stimuli/pictures/1116_fw.png	252.67158794403076	0.7916502952575684
143	150.65418100357056	response	0	j		141.0	/experiments/Knapen_AOT/AOT_stimuli/pictures/1116_fw.png	253.44978213310242	
144	150.66763710975647	picture	0		84	142.0	/experiments/Knapen_AOT/AOT_stimuli/pictures/1477_fw.png	253.46323823928833	0.844752311706543
144	151.4959156513214	response	0	k		142.0	/experiments/Knapen_AOT/AOT_stimuli/pictures/1477_fw.png	254.29151678085327	
145	151.512389421463	picture	0		112	143.0	/experiments/Knapen_AOT/AOT_stimuli/pictures/0720_fw.png	254.30799055099487	0.9333271980285645
145	152.43758893013	response	0	j		143.0	/experiments/Knapen_AOT/AOT_stimuli/pictures/0720_fw.png	255.23319005966187	
146	152.44571661949158	picture	0		337	144.0	/experiments/Knapen_AOT/AOT_stimuli/pictures/1765_fw.png	255.24131774902344	2.812124729156494
146	155.245947599411	response	0	k		144.0	/experiments/Knapen_AOT/AOT_stimuli/pictures/1765_fw.png	258.04154872894287	
147	155.25784134864807	picture	0		90	145.0	/experiments/Knapen_AOT/AOT_stimuli/pictures/1878_fw.png	258.05344247817993	0.7546224594116211
147	155.99601531028748	response	0	j		145.0	/experiments/Knapen_AOT/AOT_stimuli/pictures/1878_fw.png	258.79161643981934	
148	156.0124638080597	picture	0		134	146.0	/experiments/Knapen_AOT/AOT_stimuli/pictures/0548_fw.png	258.80806493759155	1.1249845027923584
148	157.121244430542	response	0	k		146.0	/experiments/Knapen_AOT/AOT_stimuli/pictures/0548_fw.png	259.91684556007385	
149	157.13744831085205	picture	0		116	147.0	/experiments/Knapen_AOT/AOT_stimuli/pictures/0865_fw.png	259.9330494403839	0.9750237464904785
149	158.09611201286316	response	0	k		147.0	/experiments/Knapen_AOT/AOT_stimuli/pictures/0865_fw.png	260.891713142395	
150	158.11247205734253	picture	0		225	148.0	/experiments/Knapen_AOT/AOT_stimuli/pictures/1404_fw.png	260.9080731868744	1.8815362453460693
150	159.97173690795898	response	0	j		148.0	/experiments/Knapen_AOT/AOT_stimuli/pictures/1404_fw.png	262.76733803749084	
151	159.9940083026886	picture	0		95	149.0	/experiments/Knapen_AOT/AOT_stimuli/pictures/0901_fw.png	262.78960943222046	0.7987351417541504
151	160.77303647994995	response	0	j		149.0	/experiments/Knapen_AOT/AOT_stimuli/pictures/0901_fw.png	263.5686376094818	
152	160.79274344444275	picture	0		101	150.0	/experiments/Knapen_AOT/AOT_stimuli/pictures/0377_fw.png	263.5883445739746	0.8530991077423096
152	161.62940955162048	response	0	j		150.0	/experiments/Knapen_AOT/AOT_stimuli/pictures/0377_fw.png	264.42501068115234	
153	161.64584255218506	picture	0		108	151.0	/experiments/Knapen_AOT/AOT_stimuli/pictures/0229_fw.png	264.4414436817169	0.9038426876068115
153	162.53773069381714	response	0	j		151.0	/experiments/Knapen_AOT/AOT_stimuli/pictures/0229_fw.png	265.333331823349	
154	162.54968523979187	picture	0		96	152.0	/experiments/Knapen_AOT/AOT_stimuli/pictures/1824_fw.png	265.34528636932373	0.798586368560791
154	163.33777689933777	response	0	j		152.0	/experiments/Knapen_AOT/AOT_stimuli/pictures/1824_fw.png	266.13337802886963	
155	163.34827160835266	picture	0		165	153.0	/experiments/Knapen_AOT/AOT_stimuli/pictures/0095_fw.png	266.1438727378845	1.380983591079712
155	164.71279191970825	response	0	k		153.0	/experiments/Knapen_AOT/AOT_stimuli/pictures/0095_fw.png	267.5083930492401	
156	164.72925519943237	picture	0		98	154.0	/experiments/Knapen_AOT/AOT_stimuli/pictures/1621_fw.png	267.52485632896423	0.8250408172607422
156	165.53776001930237	response	0	k		154.0	/experiments/Knapen_AOT/AOT_stimuli/pictures/1621_fw.png	268.33336114883423	
157	165.55429601669312	picture	0		171	155.0	/experiments/Knapen_AOT/AOT_stimuli/pictures/0343_fw.png	268.349897146225	1.4332983493804932
157	166.9646213054657	response	0	k		155.0	/experiments/Knapen_AOT/AOT_stimuli/pictures/0343_fw.png	269.76022243499756	
158	166.9875943660736	picture	0		105	156.0	/experiments/Knapen_AOT/AOT_stimuli/pictures/0263_fw.png	269.78319549560547	0.8749816417694092
158	167.85450315475464	response	0	j		156.0	/experiments/Knapen_AOT/AOT_stimuli/pictures/0263_fw.png	270.6501042842865	
159	167.86257600784302	picture	0		111	157.0	/experiments/Knapen_AOT/AOT_stimuli/pictures/2073_fw.png	270.6581771373749	0.9301650524139404
159	168.7797224521637	response	0	k		157.0	/experiments/Knapen_AOT/AOT_stimuli/pictures/2073_fw.png	271.57532358169556	
160	168.79274106025696	picture	0		309	158.0	/experiments/Knapen_AOT/AOT_stimuli/pictures/1600_fw.png	271.5883421897888	2.583293914794922
160	171.36282896995544	response	0	j		158.0	/experiments/Knapen_AOT/AOT_stimuli/pictures/1600_fw.png	274.1584300994873	
161	171.37603497505188	picture	0		144	159.0	/experiments/Knapen_AOT/AOT_stimuli/pictures/1519_fw.png	274.17163610458374	1.2116727828979492
161	172.5638177394867	response	0	k		159.0	/experiments/Knapen_AOT/AOT_stimuli/pictures/1519_fw.png	275.35941886901855	
162	172.58770775794983	picture	0		93	160.0	/experiments/Knapen_AOT/AOT_stimuli/pictures/1118_fw.png	275.3833088874817	0.7832846641540527
162	173.35452604293823	response	0	j		160.0	/experiments/Knapen_AOT/AOT_stimuli/pictures/1118_fw.png	276.1501271724701	
163	173.37099242210388	picture	0		153	161.0	/experiments/Knapen_AOT/AOT_stimuli/pictures/0498_fw.png	276.16659355163574	1.275972604751587
163	174.637925863266	response	0	j		161.0	/experiments/Knapen_AOT/AOT_stimuli/pictures/0498_fw.png	277.43352699279785	
164	174.64696502685547	picture	0		141	162.0	/experiments/Knapen_AOT/AOT_stimuli/pictures/1739_fw.png	277.44256615638733	1.1823887825012207
164	175.81294131278992	response	0	j		162.0	/experiments/Knapen_AOT/AOT_stimuli/pictures/1739_fw.png	278.6085424423218	
165	175.8293538093567	picture	0		224	163.0	/experiments/Knapen_AOT/AOT_stimuli/pictures/0612_fw.png	278.62495493888855	1.8731164932250977
165	177.68791317939758	response	0	k		163.0	/experiments/Knapen_AOT/AOT_stimuli/pictures/0612_fw.png	280.48351430892944	
166	177.7024703025818	picture	0		241	164.0	/experiments/Knapen_AOT/AOT_stimuli/pictures/1354_fw.png	280.49807143211365	2.0138742923736572
166	179.70458841323853	response	0	k		164.0	/experiments/Knapen_AOT/AOT_stimuli/pictures/1354_fw.png	282.5001895427704	
167	179.71634459495544	picture	0		105	165.0	/experiments/Knapen_AOT/AOT_stimuli/pictures/1082_fw.png	282.5119457244873	0.8752081394195557
167	180.5797622203827	response	0	j		165.0	/experiments/Knapen_AOT/AOT_stimuli/pictures/1082_fw.png	283.37536334991455	
168	180.591552734375	picture	0		308	166.0	/experiments/Knapen_AOT/AOT_stimuli/pictures/1436_fw.png	283.38715386390686	2.5628743171691895
168	183.14630460739136	response	0	k		166.0	/experiments/Knapen_AOT/AOT_stimuli/pictures/1436_fw.png	285.9419057369232	
169	183.1544270515442	picture	0		114	167.0	/experiments/Knapen_AOT/AOT_stimuli/pictures/1937_fw.png	285.95002818107605	0.9509668350219727
169	184.09629917144775	response	0	k		167.0	/experiments/Knapen_AOT/AOT_stimuli/pictures/1937_fw.png	286.8919003009796	
170	184.10539388656616	picture	0		89	168.0	/experiments/Knapen_AOT/AOT_stimuli/pictures/0915_fw.png	286.900995016098	0.7490828037261963
170	184.83814597129822	response	0	j		168.0	/experiments/Knapen_AOT/AOT_stimuli/pictures/0915_fw.png	287.6337471008301	
171	184.85447669029236	picture	0		133	169.0	/experiments/Knapen_AOT/AOT_stimuli/pictures/2091_fw.png	287.6500778198242	1.116708755493164
171	185.95467281341553	response	0	k		169.0	/experiments/Knapen_AOT/AOT_stimuli/pictures/2091_fw.png	288.7502739429474	
172	185.97118544578552	picture	0		111	170.0	/experiments/Knapen_AOT/AOT_stimuli/pictures/1487_fw.png	288.7667865753174	0.9258902072906494
172	186.88807439804077	response	0	k		170.0	/experiments/Knapen_AOT/AOT_stimuli/pictures/1487_fw.png	289.68367552757263	
173	186.89707565307617	picture	0		111	171.0	/experiments/Knapen_AOT/AOT_stimuli/pictures/0846_fw.png	289.69267678260803	0.9324793815612793
173	187.8130259513855	response	0	k		171.0	/experiments/Knapen_AOT/AOT_stimuli/pictures/0846_fw.png	290.60862708091736	
174	187.82955503463745	picture	0		115	172.0	/experiments/Knapen_AOT/AOT_stimuli/pictures/0782_fw.png	290.6251561641693	0.963324785232544
174	188.77249836921692	response	0	k		172.0	/experiments/Knapen_AOT/AOT_stimuli/pictures/0782_fw.png	291.5680994987488	
175	188.79287981987	picture	0		100	173.0	/experiments/Knapen_AOT/AOT_stimuli/pictures/1280_fw.png	291.58848094940186	0.8402931690216064
175	189.62138390541077	response	0	k		173.0	/experiments/Knapen_AOT/AOT_stimuli/pictures/1280_fw.png	292.4169850349426	
176	189.6331729888916	picture	0		187	174.0	/experiments/Knapen_AOT/AOT_stimuli/pictures/1095_fw.png	292.42877411842346	1.5554726123809814
176	191.17981839179993	response	0	j		174.0	/experiments/Knapen_AOT/AOT_stimuli/pictures/1095_fw.png	293.9754195213318	
177	191.18864560127258	picture	0		440	175.0	/experiments/Knapen_AOT/AOT_stimuli/pictures/1001_fw.png	293.98424673080444	3.666684865951538
177	194.8464434146881	response	0	k		175.0	/experiments/Knapen_AOT/AOT_stimuli/pictures/1001_fw.png	297.64204454421997	
178	194.85533046722412	picture	0		109	176.0	/experiments/Knapen_AOT/AOT_stimuli/pictures/0431_fw.png	297.650931596756	0.9159393310546875
178	195.75479984283447	response	0	j		176.0	/experiments/Knapen_AOT/AOT_stimuli/pictures/0431_fw.png	298.55040097236633	
179	195.7712697982788	picture	0		139	177.0	/experiments/Knapen_AOT/AOT_stimuli/pictures/1081_fw.png	298.56687092781067	1.1666920185089111
179	196.9217710494995	response	0	k		177.0	/experiments/Knapen_AOT/AOT_stimuli/pictures/1081_fw.png	299.7173721790314	
180	196.93796181678772	picture	0		101	178.0	/experiments/Knapen_AOT/AOT_stimuli/pictures/1618_fw.png	299.7335629463196	0.8480339050292969
180	197.77185201644897	response	0	j		178.0	/experiments/Knapen_AOT/AOT_stimuli/pictures/1618_fw.png	300.56745314598083	
181	197.78599572181702	picture	0		103	179.0	/experiments/Knapen_AOT/AOT_stimuli/pictures/0327_fw.png	300.5815968513489	0.8686330318450928
181	198.63850784301758	response	0	j		179.0	/experiments/Knapen_AOT/AOT_stimuli/pictures/0327_fw.png	301.43410897254944	
182	198.6546287536621	picture	0		125	180.0	/experiments/Knapen_AOT/AOT_stimuli/pictures/1586_fw.png	301.45022988319397	1.0500187873840332
182	199.6889147758484	response	0	j		180.0	/experiments/Knapen_AOT/AOT_stimuli/pictures/1586_fw.png	302.48451590538025	
183	199.70464754104614	picture	0		143	181.0	/experiments/Knapen_AOT/AOT_stimuli/pictures/0511_fw.png	302.500248670578	1.1925241947174072
183	200.8881368637085	response	0	k		181.0	/experiments/Knapen_AOT/AOT_stimuli/pictures/0511_fw.png	303.68373799324036	
184	200.89717173576355	picture	0		106	182.0	/experiments/Knapen_AOT/AOT_stimuli/pictures/1439_fw.png	303.6927728652954	0.8908729553222656
184	201.76386904716492	response	0	j		182.0	/experiments/Knapen_AOT/AOT_stimuli/pictures/1439_fw.png	304.5594701766968	
185	201.78804469108582	picture	0		95	183.0	/experiments/Knapen_AOT/AOT_stimuli/pictures/1764_fw.png	304.5836458206177	0.7999980449676514
185	202.56411719322205	response	0	j		183.0	/experiments/Knapen_AOT/AOT_stimuli/pictures/1764_fw.png	305.3597183227539	
186	202.58804273605347	picture	0		88	184.0	/experiments/Knapen_AOT/AOT_stimuli/pictures/1573_fw.png	305.3836438655853	0.739701509475708
186	203.31318259239197	response	0	j		184.0	/experiments/Knapen_AOT/AOT_stimuli/pictures/1573_fw.png	306.1087837219238	
187	203.32774424552917	picture	0		100	185.0	/experiments/Knapen_AOT/AOT_stimuli/pictures/0908_fw.png	306.12334537506104	0.8436412811279297
187	204.15481567382812	response	0	j		185.0	/experiments/Knapen_AOT/AOT_stimuli/pictures/0908_fw.png	306.95041680336	
188	204.1713855266571	picture	0		110	186.0	/experiments/Knapen_AOT/AOT_stimuli/pictures/0424_fw.png	306.96698665618896	0.9202935695648193
188	205.0798420906067	response	0	j		186.0	/experiments/Knapen_AOT/AOT_stimuli/pictures/0424_fw.png	307.87544322013855	
189	205.09167909622192	picture	0		133	187.0	/experiments/Knapen_AOT/AOT_stimuli/pictures/1230_fw.png	307.8872802257538	1.1111245155334473
189	206.18826341629028	response	0	j		187.0	/experiments/Knapen_AOT/AOT_stimuli/pictures/1230_fw.png	308.98386454582214	
190	206.20280361175537	picture	0		90	188.0	/experiments/Knapen_AOT/AOT_stimuli/pictures/2046_fw.png	308.99840474128723	0.756908655166626
190	206.93967962265015	response	0	k		188.0	/experiments/Knapen_AOT/AOT_stimuli/pictures/2046_fw.png	309.735280752182	
191	206.959712266922	picture	0		92	189.0	/experiments/Knapen_AOT/AOT_stimuli/pictures/0687_fw.png	309.75531339645386	0.7707936763763428
191	207.7215485572815	response	0	j		189.0	/experiments/Knapen_AOT/AOT_stimuli/pictures/0687_fw.png	310.51714968681335	
192	207.73050594329834	picture	0		110	190.0	/experiments/Knapen_AOT/AOT_stimuli/pictures/2044_fw.png	310.5261070728302	0.9166710376739502
192	208.63823890686035	response	0	k		190.0	/experiments/Knapen_AOT/AOT_stimuli/pictures/2044_fw.png	311.4338400363922	
193	208.6471769809723	picture	0		86	191.0	/experiments/Knapen_AOT/AOT_stimuli/pictures/1277_fw.png	311.44277811050415	0.7159018516540527
193	209.3549189567566	response	0	j		191.0	/experiments/Knapen_AOT/AOT_stimuli/pictures/1277_fw.png	312.15052008628845	
194	209.36307883262634	picture	0		107	192.0	/experiments/Knapen_AOT/AOT_stimuli/pictures/0727_fw.png	312.1586799621582	0.895240306854248
194	210.24661684036255	response	0	k		192.0	/experiments/Knapen_AOT/AOT_stimuli/pictures/0727_fw.png	313.0422179698944	
195	210.2583191394806	picture	0		225	193.0	/experiments/Knapen_AOT/AOT_stimuli/pictures/1961_fw.png	313.05392026901245	1.8749239444732666
195	212.12158846855164	response	0	j		193.0	/experiments/Knapen_AOT/AOT_stimuli/pictures/1961_fw.png	314.9171895980835	
196	212.13324308395386	picture	0		118	194.0	/experiments/Knapen_AOT/AOT_stimuli/pictures/0038_fw.png	314.9288442134857	0.9882721900939941
196	213.1056776046753	response	0	k		194.0	/experiments/Knapen_AOT/AOT_stimuli/pictures/0038_fw.png	315.90127873420715	
197	213.12151527404785	picture	0		151	195.0	/experiments/Knapen_AOT/AOT_stimuli/pictures/0739_fw.png	315.9171164035797	1.266632080078125
197	214.37179279327393	response	0	k		195.0	/experiments/Knapen_AOT/AOT_stimuli/pictures/0739_fw.png	317.1673939228058	
198	214.38814735412598	picture	0		95	196.0	/experiments/Knapen_AOT/AOT_stimuli/pictures/1834_fw.png	317.18374848365784	0.8000400066375732
198	215.16409540176392	response	0	k		196.0	/experiments/Knapen_AOT/AOT_stimuli/pictures/1834_fw.png	317.9596965312958	
199	215.18818736076355	picture	0		93	197.0	/experiments/Knapen_AOT/AOT_stimuli/pictures/1141_fw.png	317.9837884902954	0.7785508632659912
199	215.94790363311768	response	0	k		197.0	/experiments/Knapen_AOT/AOT_stimuli/pictures/1141_fw.png	318.74350476264954	
200	215.96673822402954	picture	0		132	198.0	/experiments/Knapen_AOT/AOT_stimuli/pictures/1221_fw.png	318.7623393535614	1.104773998260498
200	217.05504035949707	response	0	j		198.0	/experiments/Knapen_AOT/AOT_stimuli/pictures/1221_fw.png	319.85064148902893	
201	217.07151222229004	picture	0		151	199.0	/experiments/Knapen_AOT/AOT_stimuli/pictures/1349_fw.png	319.8671133518219	1.2632701396942139
201	218.3216872215271	response	0	j		199.0	/experiments/Knapen_AOT/AOT_stimuli/pictures/1349_fw.png	321.11728835105896	
202	218.33478236198425	picture	0		106	200.0	/experiments/Knapen_AOT/AOT_stimuli/pictures/0364_fw.png	321.1303834915161	0.8888990879058838
202	219.21338367462158	response	0	k		200.0	/experiments/Knapen_AOT/AOT_stimuli/pictures/0364_fw.png	322.00898480415344	
203	219.22368144989014	picture	0		177	201.0	/experiments/Knapen_AOT/AOT_stimuli/pictures/1537_fw.png	322.019282579422	1.4790797233581543
203	220.68837904930115	response	0	k		201.0	/experiments/Knapen_AOT/AOT_stimuli/pictures/1537_fw.png	323.483980178833	
204	220.7027611732483	picture	0		103	202.0	/experiments/Knapen_AOT/AOT_stimuli/pictures/0801_fw.png	323.49836230278015	0.8688030242919922
204	221.54816436767578	response	0	k		202.0	/experiments/Knapen_AOT/AOT_stimuli/pictures/0801_fw.png	324.34376549720764	
205	221.57156419754028	picture	0		88	203.0	/experiments/Knapen_AOT/AOT_stimuli/pictures/1792_fw.png	324.36716532707214	0.7424218654632568
205	222.29687333106995	response	0	j		203.0	/experiments/Knapen_AOT/AOT_stimuli/pictures/1792_fw.png	325.0924744606018	
206	222.31398606300354	picture	0		92	204.0	/experiments/Knapen_AOT/AOT_stimuli/pictures/1667_fw.png	325.1095871925354	0.7708206176757812
206	223.0717372894287	response	0	k		204.0	/experiments/Knapen_AOT/AOT_stimuli/pictures/1667_fw.png	325.86733841896057	
207	223.08480668067932	picture	0		117	205.0	/experiments/Knapen_AOT/AOT_stimuli/pictures/1964_fw.png	325.8804078102112	0.9722471237182617
207	224.04678559303284	response	0	k		205.0	/experiments/Knapen_AOT/AOT_stimuli/pictures/1964_fw.png	326.8423867225647	
208	224.05705380439758	picture	0		215	206.0	/experiments/Knapen_AOT/AOT_stimuli/pictures/1163_fw.png	326.85265493392944	1.7915501594543457
208	225.8384358882904	response	0	j		206.0	/experiments/Knapen_AOT/AOT_stimuli/pictures/1163_fw.png	328.63403701782227	
209	225.84860396385193	picture	0		90	207.0	/experiments/Knapen_AOT/AOT_stimuli/pictures/1235_fw.png	328.6442050933838	0.7563722133636475
209	226.5884325504303	response	0	k		207.0	/experiments/Knapen_AOT/AOT_stimuli/pictures/1235_fw.png	329.38403367996216	
210	226.60497617721558	picture	0		85	208.0	/experiments/Knapen_AOT/AOT_stimuli/pictures/0686_fw.png	329.40057730674744	0.7166752815246582
210	227.3072521686554	response	0	j		208.0	/experiments/Knapen_AOT/AOT_stimuli/pictures/0686_fw.png	330.10285329818726	
211	227.32165145874023	picture	0		102	209.0	/experiments/Knapen_AOT/AOT_stimuli/pictures/0778_fw.png	330.1172525882721	0.8583354949951172
211	228.163827419281	response	0	j		209.0	/experiments/Knapen_AOT/AOT_stimuli/pictures/0778_fw.png	330.95942854881287	
212	228.17998695373535	picture	0		106	210.0	/experiments/Knapen_AOT/AOT_stimuli/pictures/0744_fw.png	330.9755880832672	0.8840019702911377
212	229.05512070655823	response	0	k		210.0	/experiments/Knapen_AOT/AOT_stimuli/pictures/0744_fw.png	331.8507218360901	
213	229.0639889240265	picture	0		320	211.0	/experiments/Knapen_AOT/AOT_stimuli/pictures/1057_fw.png	331.85959005355835	2.6665821075439453
213	231.72186994552612	response	0	j		211.0	/experiments/Knapen_AOT/AOT_stimuli/pictures/1057_fw.png	334.517471075058	
214	231.73057103157043	picture	0		97	212.0	/experiments/Knapen_AOT/AOT_stimuli/pictures/1309_fw.png	334.5261721611023	0.8126223087310791
214	232.53016710281372	response	0	j		212.0	/experiments/Knapen_AOT/AOT_stimuli/pictures/1309_fw.png	335.3257682323456	
215	232.5431933403015	picture	0		123	213.0	/experiments/Knapen_AOT/AOT_stimuli/pictures/0404_fw.png	335.3387944698334	1.036879301071167
215	233.56382513046265	response	0	j		213.0	/experiments/Knapen_AOT/AOT_stimuli/pictures/0404_fw.png	336.3594262599945	
216	233.58007264137268	picture	0		134	214.0	/experiments/Knapen_AOT/AOT_stimuli/pictures/0836_fw.png	336.37567377090454	1.1228790283203125
216	234.68856000900269	response	0	j		214.0	/experiments/Knapen_AOT/AOT_stimuli/pictures/0836_fw.png	337.48416113853455	
217	234.702951669693	picture	0		87	215.0	/experiments/Knapen_AOT/AOT_stimuli/pictures/0381_fw.png	337.49855279922485	0.735490083694458
217	235.42187476158142	response	0	k		215.0	/experiments/Knapen_AOT/AOT_stimuli/pictures/0381_fw.png	338.2174758911133	
218	235.43844175338745	picture	0		182	216.0	/experiments/Knapen_AOT/AOT_stimuli/pictures/0753_fw.png	338.2340428829193	1.5250062942504883
218	236.94689774513245	response	0	k		216.0	/experiments/Knapen_AOT/AOT_stimuli/pictures/0753_fw.png	339.7424988746643	
219	236.96344804763794	picture	0		97	217.0	/experiments/Knapen_AOT/AOT_stimuli/pictures/1146_fw.png	339.7590491771698	0.808945894241333
219	237.7569715976715	response	0	k		217.0	/experiments/Knapen_AOT/AOT_stimuli/pictures/1146_fw.png	340.55257272720337	
220	237.77239394187927	picture	0		225	218.0	/experiments/Knapen_AOT/AOT_stimuli/pictures/1974_fw.png	340.56799507141113	1.8748977184295654
220	239.63860940933228	response	0	k		218.0	/experiments/Knapen_AOT/AOT_stimuli/pictures/1974_fw.png	342.43421053886414	
221	239.64729166030884	picture	0		297	219.0	/experiments/Knapen_AOT/AOT_stimuli/pictures/1839_fw.png	342.4428927898407	2.4792773723602295
221	242.11361813545227	response	0	k		219.0	/experiments/Knapen_AOT/AOT_stimuli/pictures/1839_fw.png	344.90921926498413	
222	242.12656903266907	picture	0		100	220.0	/experiments/Knapen_AOT/AOT_stimuli/pictures/1896_fw.png	344.9221701622009	0.8453061580657959
222	242.95534944534302	response	0	j		220.0	/experiments/Knapen_AOT/AOT_stimuli/pictures/1896_fw.png	345.7509505748749	
223	242.97187519073486	picture	0		88	221.0	/experiments/Knapen_AOT/AOT_stimuli/pictures/0154_fw.png	345.7674763202667	0.7417011260986328
223	243.69701385498047	response	0	j		221.0	/experiments/Knapen_AOT/AOT_stimuli/pictures/0154_fw.png	346.49261498451233	
224	243.7135763168335	picture	0		148	222.0	/experiments/Knapen_AOT/AOT_stimuli/pictures/1334_fw.png	346.50917744636536	1.24165678024292
224	244.9387867450714	response	0	j		222.0	/experiments/Knapen_AOT/AOT_stimuli/pictures/1334_fw.png	347.73438787460327	
225	244.95523309707642	picture	0		93	223.0	/experiments/Knapen_AOT/AOT_stimuli/pictures/1678_fw.png	347.7508342266083	0.7755613327026367
225	245.7220389842987	response	0	j		223.0	/experiments/Knapen_AOT/AOT_stimuli/pictures/1678_fw.png	348.51764011383057	
226	245.73079442977905	picture	0		114	224.0	/experiments/Knapen_AOT/AOT_stimuli/pictures/1950_fw.png	348.5263955593109	0.9513909816741943
226	246.67203664779663	response	0	j		224.0	/experiments/Knapen_AOT/AOT_stimuli/pictures/1950_fw.png	349.4676377773285	
227	246.68218541145325	picture	0		217	225.0	/experiments/Knapen_AOT/AOT_stimuli/pictures/0097_fw.png	349.4777865409851	1.8147568702697754
227	248.48094487190247	response	0	j		225.0	/experiments/Knapen_AOT/AOT_stimuli/pictures/0097_fw.png	351.2765460014343	
228	248.49694228172302	picture	0		111	226.0	/experiments/Knapen_AOT/AOT_stimuli/pictures/1098_fw.png	351.2925434112549	0.9333078861236572
228	249.41375088691711	response	0	j		226.0	/experiments/Knapen_AOT/AOT_stimuli/pictures/1098_fw.png	352.209352016449	
229	249.43025016784668	picture	0		114	227.0	/experiments/Knapen_AOT/AOT_stimuli/pictures/1953_fw.png	352.22585129737854	0.9583513736724854
229	250.37208008766174	response	0	k		227.0	/experiments/Knapen_AOT/AOT_stimuli/pictures/1953_fw.png	353.1676812171936	
230	250.38860154151917	picture	0		100	228.0	/experiments/Knapen_AOT/AOT_stimuli/pictures/1177_fw.png	353.184202671051	0.8416898250579834
230	251.2138056755066	response	0	j		228.0	/experiments/Knapen_AOT/AOT_stimuli/pictures/1177_fw.png	354.00940680503845	
231	251.23029136657715	picture	0		104	229.0	/experiments/Knapen_AOT/AOT_stimuli/pictures/0867_fw.png	354.025892496109	0.8750004768371582
231	252.08890414237976	response	0	k		229.0	/experiments/Knapen_AOT/AOT_stimuli/pictures/0867_fw.png	354.8845052719116	
232	252.1052918434143	picture	0		164	230.0	/experiments/Knapen_AOT/AOT_stimuli/pictures/0298_fw.png	354.90089297294617	1.375047206878662
232	253.46377110481262	response	0	k		230.0	/experiments/Knapen_AOT/AOT_stimuli/pictures/0298_fw.png	356.2593722343445	
233	253.48033905029297	picture	0		123	231.0	/experiments/Knapen_AOT/AOT_stimuli/pictures/0180_fw.png	356.27594017982483	1.0282795429229736
233	254.49716138839722	response	0	k		231.0	/experiments/Knapen_AOT/AOT_stimuli/pictures/0180_fw.png	357.2927625179291	
234	254.50861859321594	picture	0		156	232.0	/experiments/Knapen_AOT/AOT_stimuli/pictures/1059_fw.png	357.3042197227478	1.3050634860992432
234	255.79724383354187	response	0	j		232.0	/experiments/Knapen_AOT/AOT_stimuli/pictures/1059_fw.png	358.59284496307373	
235	255.81368207931519	picture	0		85	233.0	/experiments/Knapen_AOT/AOT_stimuli/pictures/0670_fw.png	358.60928320884705	0.7166533470153809
235	256.513822555542	response	0	j		233.0	/experiments/Knapen_AOT/AOT_stimuli/pictures/0670_fw.png	359.30942368507385	
236	256.53033542633057	picture	0		101	234.0	/experiments/Knapen_AOT/AOT_stimuli/pictures/0099_fw.png	359.3259365558624	0.8463635444641113
236	257.3570399284363	response	0	k		234.0	/experiments/Knapen_AOT/AOT_stimuli/pictures/0099_fw.png	360.15264105796814	
237	257.3766989707947	picture	0		263	235.0	/experiments/Knapen_AOT/AOT_stimuli/pictures/1556_fw.png	360.17230010032654	2.187407970428467
237	259.54836106300354	response	0	k		235.0	/experiments/Knapen_AOT/AOT_stimuli/pictures/1556_fw.png	362.3439621925354	
238	259.56410694122314	picture	0		96	236.0	/experiments/Knapen_AOT/AOT_stimuli/pictures/1446_fw.png	362.359708070755	0.8056929111480713
238	260.3559205532074	response	0	k		236.0	/experiments/Knapen_AOT/AOT_stimuli/pictures/1446_fw.png	363.15152168273926	
239	260.3697998523712	picture	0		144	237.0	/experiments/Knapen_AOT/AOT_stimuli/pictures/0817_fw.png	363.1654009819031	1.2106280326843262
239	261.5638778209686	response	0	j		237.0	/experiments/Knapen_AOT/AOT_stimuli/pictures/0817_fw.png	364.3594789505005	
240	261.58042788505554	picture	0		106	238.0	/experiments/Knapen_AOT/AOT_stimuli/pictures/1068_fw.png	364.3760290145874	0.8916733264923096
240	262.4556279182434	response	0	j		238.0	/experiments/Knapen_AOT/AOT_stimuli/pictures/1068_fw.png	365.25122904777527	
241	262.47210121154785	picture	0		188	239.0	/experiments/Knapen_AOT/AOT_stimuli/pictures/1207_fw.png	365.2677023410797	1.571230411529541
241	264.03057169914246	response	0	k		239.0	/experiments/Knapen_AOT/AOT_stimuli/pictures/1207_fw.png	366.8261728286743	
242	264.0433316230774	picture	0		94	240.0	/experiments/Knapen_AOT/AOT_stimuli/pictures/0308_fw.png	366.83893275260925	0.7954978942871094
242	264.8222417831421	response	0	k		240.0	/experiments/Knapen_AOT/AOT_stimuli/pictures/0308_fw.png	367.61784291267395	
243	264.8388295173645	picture	0		87	241.0	/experiments/Knapen_AOT/AOT_stimuli/pictures/1189_fw.png	367.63443064689636	0.7333309650421143
243	265.54820013046265	response	0	j		241.0	/experiments/Knapen_AOT/AOT_stimuli/pictures/1189_fw.png	368.3438012599945	
244	265.5721604824066	picture	0		110	242.0	/experiments/Knapen_AOT/AOT_stimuli/pictures/1020_fw.png	368.3677616119385	0.922663688659668
244	266.48063373565674	response	0	k		242.0	/experiments/Knapen_AOT/AOT_stimuli/pictures/1020_fw.png	369.2762348651886	
245	266.4948241710663	picture	0		104	243.0	/experiments/Knapen_AOT/AOT_stimuli/pictures/0927_fw.png	369.29042530059814	0.8773384094238281
245	267.3559584617615	response	0	k		243.0	/experiments/Knapen_AOT/AOT_stimuli/pictures/0927_fw.png	370.15155959129333	
246	267.3721625804901	picture	0		106	244.0	/experiments/Knapen_AOT/AOT_stimuli/pictures/1768_fw.png	370.167763710022	0.8865671157836914
246	268.24727606773376	response	0	k		244.0	/experiments/Knapen_AOT/AOT_stimuli/pictures/1768_fw.png	371.0428771972656	
247	268.2587296962738	picture	0		157	245.0	/experiments/Knapen_AOT/AOT_stimuli/pictures/1449_fw.png	371.05433082580566	1.3134510517120361
247	269.5558876991272	response	0	j		245.0	/experiments/Knapen_AOT/AOT_stimuli/pictures/1449_fw.png	372.35148882865906	
248	269.57218074798584	picture	0		105	246.0	/experiments/Knapen_AOT/AOT_stimuli/pictures/2062_fw.png	372.3677818775177	0.8833465576171875
248	270.4389753341675	response	0	k		246.0	/experiments/Knapen_AOT/AOT_stimuli/pictures/2062_fw.png	373.23457646369934	
249	270.455527305603	picture	0		92	247.0	/experiments/Knapen_AOT/AOT_stimuli/pictures/0779_fw.png	373.2511284351349	0.7684907913208008
249	271.2140476703644	response	0	j		247.0	/experiments/Knapen_AOT/AOT_stimuli/pictures/0779_fw.png	374.00964879989624	
250	271.2240180969238	picture	0		100	248.0	/experiments/Knapen_AOT/AOT_stimuli/pictures/0732_fw.png	374.0196192264557	0.8403258323669434
250	272.0475158691406	response	0	j		248.0	/experiments/Knapen_AOT/AOT_stimuli/pictures/0732_fw.png	374.8431169986725	
251	272.06434392929077	picture	0		101	249.0	/experiments/Knapen_AOT/AOT_stimuli/pictures/1330_fw.png	374.85994505882263	0.8472156524658203
251	272.89735293388367	response	0	j		249.0	/experiments/Knapen_AOT/AOT_stimuli/pictures/1330_fw.png	375.6929540634155	
252	272.9115595817566	picture	0		102	250.0	/experiments/Knapen_AOT/AOT_stimuli/pictures/2167_fw.png	375.70716071128845	0.8606688976287842
252	273.7487461566925	response	0	k		250.0	/experiments/Knapen_AOT/AOT_stimuli/pictures/2167_fw.png	376.54434728622437	
253	273.7722284793854	picture	0		116	251.0	/experiments/Knapen_AOT/AOT_stimuli/pictures/1289_fw.png	376.56782960891724	0.9750306606292725
253	274.7307391166687	response	0	k		251.0	/experiments/Knapen_AOT/AOT_stimuli/pictures/1289_fw.png	377.52634024620056	
254	274.74725914001465	picture	0		98	252.0	/experiments/Knapen_AOT/AOT_stimuli/pictures/1876_fw.png	377.5428602695465	0.824984073638916
254	275.5558409690857	response	0	k		252.0	/experiments/Knapen_AOT/AOT_stimuli/pictures/1876_fw.png	378.35144209861755	
255	275.57224321365356	picture	0		189	253.0	/experiments/Knapen_AOT/AOT_stimuli/pictures/0186_fw.png	378.3678443431854	1.5833642482757568
255	277.13309812545776	response	0	k		253.0	/experiments/Knapen_AOT/AOT_stimuli/pictures/0186_fw.png	379.9286992549896	
256	277.1556074619293	picture	0		81	254.0	/experiments/Knapen_AOT/AOT_stimuli/pictures/0215_fw.png	379.9512085914612	0.6795690059661865
256	277.82240295410156	response	0	k		254.0	/experiments/Knapen_AOT/AOT_stimuli/pictures/0215_fw.png	380.6180040836334	
257	277.8351764678955	picture	0		112	255.0	/experiments/Knapen_AOT/AOT_stimuli/pictures/0703_fw.png	380.63077759742737	0.9454708099365234
257	278.764226436615	response	0	j		255.0	/experiments/Knapen_AOT/AOT_stimuli/pictures/0703_fw.png	381.55982756614685	
258	278.78064727783203	picture	0		96	256.0	/experiments/Knapen_AOT/AOT_stimuli/pictures/0120_fw.png	381.5762484073639	0.8083651065826416
258	279.5724012851715	response	0	k		256.0	/experiments/Knapen_AOT/AOT_stimuli/pictures/0120_fw.png	382.36800241470337	
259	279.5890123844147	picture	0		118	257.0	/experiments/Knapen_AOT/AOT_stimuli/pictures/0016_fw.png	382.38461351394653	0.9892535209655762
259	280.56416511535645	response	0	j		257.0	/experiments/Knapen_AOT/AOT_stimuli/pictures/0016_fw.png	383.3597662448883	
260	280.57826590538025	picture	0		97	258.0	/experiments/Knapen_AOT/AOT_stimuli/pictures/1823_fw.png	383.3738670349121	0.8124780654907227
260	281.3808922767639	response	0	k		258.0	/experiments/Knapen_AOT/AOT_stimuli/pictures/1823_fw.png	384.1764934062958	
261	281.390743970871	picture	0		109	259.0	/experiments/Knapen_AOT/AOT_stimuli/pictures/1611_fw.png	384.18634510040283	0.909771203994751
261	282.2891614437103	response	0	k		259.0	/experiments/Knapen_AOT/AOT_stimuli/pictures/1611_fw.png	385.0847625732422	
262	282.3005151748657	picture	0		99	260.0	/experiments/Knapen_AOT/AOT_stimuli/pictures/2019_fw.png	385.0961163043976	0.8264317512512207
262	283.1141622066498	response	0	k		260.0	/experiments/Knapen_AOT/AOT_stimuli/pictures/2019_fw.png	385.90976333618164	
263	283.12694692611694	picture	0		91	261.0	/experiments/Knapen_AOT/AOT_stimuli/pictures/1581_fw.png	385.9225480556488	0.7621324062347412
263	283.87253165245056	response	0	j		261.0	/experiments/Knapen_AOT/AOT_stimuli/pictures/1581_fw.png	386.6681327819824	
264	283.8890793323517	picture	0		91	262.0	/experiments/Knapen_AOT/AOT_stimuli/pictures/1006_fw.png	386.68468046188354	0.7586972713470459
264	284.6391851902008	response	0	j		262.0	/experiments/Knapen_AOT/AOT_stimuli/pictures/1006_fw.png	387.43478631973267	
265	284.64777660369873	picture	0		104	263.0	/experiments/Knapen_AOT/AOT_stimuli/pictures/1835_fw.png	387.4433777332306	0.8746232986450195
265	285.5059266090393	response	0	k		263.0	/experiments/Knapen_AOT/AOT_stimuli/pictures/1835_fw.png	388.30152773857117	
266	285.52239990234375	picture	0		100	264.0	/experiments/Knapen_AOT/AOT_stimuli/pictures/0110_fw.png	388.3180010318756	0.8336842060089111
266	286.3399498462677	response	0	k		264.0	/experiments/Knapen_AOT/AOT_stimuli/pictures/0110_fw.png	389.13555097579956	
267	286.35608410835266	picture	0		121	265.0	/experiments/Knapen_AOT/AOT_stimuli/pictures/0174_fw.png	389.1516852378845	1.0138740539550781
267	287.3483386039734	response	0	j		265.0	/experiments/Knapen_AOT/AOT_stimuli/pictures/0174_fw.png	390.14393973350525	
268	287.36995816230774	picture	0		84	266.0	/experiments/Knapen_AOT/AOT_stimuli/pictures/0082_fw.png	390.1655592918396	0.7083625793457031
268	288.0642249584198	response	0	j		266.0	/experiments/Knapen_AOT/AOT_stimuli/pictures/0082_fw.png	390.85982608795166	
269	288.07832074165344	picture	0		89	267.0	/experiments/Knapen_AOT/AOT_stimuli/pictures/2079_fw.png	390.8739218711853	0.7524471282958984
269	288.81458044052124	response	0	j		267.0	/experiments/Knapen_AOT/AOT_stimuli/pictures/2079_fw.png	391.6101815700531	
270	288.83076786994934	picture	0		121	268.0	/experiments/Knapen_AOT/AOT_stimuli/pictures/2069_fw.png	391.6263689994812	1.0114567279815674
270	289.830934047699	response	0	k		268.0	/experiments/Knapen_AOT/AOT_stimuli/pictures/2069_fw.png	392.62653517723083	
271	289.8422245979309	picture	0		120	269.0	/experiments/Knapen_AOT/AOT_stimuli/pictures/0480_fw.png	392.63782572746277	1.0000584125518799
271	290.8309602737427	response	0	k		269.0	/experiments/Knapen_AOT/AOT_stimuli/pictures/0480_fw.png	393.62656140327454	
272	290.8422830104828	picture	0		100	270.0	/experiments/Knapen_AOT/AOT_stimuli/pictures/0640_fw.png	393.63788414001465	0.8332991600036621
272	291.6642737388611	response	0	j		270.0	/experiments/Knapen_AOT/AOT_stimuli/pictures/0640_fw.png	394.45987486839294	
273	291.67558217048645	picture	0		329	271.0	/experiments/Knapen_AOT/AOT_stimuli/pictures/0985_fw.png	394.4711833000183	2.7429661750793457
273	294.4059419631958	response	0	k		271.0	/experiments/Knapen_AOT/AOT_stimuli/pictures/0985_fw.png	397.20154309272766	
274	294.4185483455658	picture	0		105	272.0	/experiments/Knapen_AOT/AOT_stimuli/pictures/1649_fw.png	397.21414947509766	0.8789613246917725
274	295.28093576431274	response	0	j		272.0	/experiments/Knapen_AOT/AOT_stimuli/pictures/1649_fw.png	398.0765368938446	
275	295.29750967025757	picture	0		127	273.0	/experiments/Knapen_AOT/AOT_stimuli/pictures/1412_fw.png	398.09311079978943	1.0749964714050293
275	296.3479824066162	response	0	k		273.0	/experiments/Knapen_AOT/AOT_stimuli/pictures/1412_fw.png	399.14358353614807	
276	296.3725061416626	picture	0		108	274.0	/experiments/Knapen_AOT/AOT_stimuli/pictures/1731_fw.png	399.16810727119446	0.9004020690917969
276	297.26431703567505	response	0	k		274.0	/experiments/Knapen_AOT/AOT_stimuli/pictures/1731_fw.png	400.0599181652069	
277	297.2729082107544	picture	0		96	275.0	/experiments/Knapen_AOT/AOT_stimuli/pictures/0752_fw.png	400.06850934028625	0.8079555034637451
277	298.06467461586	response	0	j		275.0	/experiments/Knapen_AOT/AOT_stimuli/pictures/0752_fw.png	400.86027574539185	
278	298.08086371421814	picture	0		111	276.0	/experiments/Knapen_AOT/AOT_stimuli/pictures/2177_fw.png	400.87646484375	0.9333622455596924
278	298.9979155063629	response	0	k		276.0	/experiments/Knapen_AOT/AOT_stimuli/pictures/2177_fw.png	401.7935166358948	
279	299.01422595977783	picture	0		108	277.0	/experiments/Knapen_AOT/AOT_stimuli/pictures/1699_fw.png	401.8098270893097	0.9083161354064941
279	299.9060583114624	response	0	k		277.0	/experiments/Knapen_AOT/AOT_stimuli/pictures/1699_fw.png	402.70165944099426	
280	299.9225420951843	picture	0		148	278.0	/experiments/Knapen_AOT/AOT_stimuli/pictures/0843_fw.png	402.7181432247162	1.2417042255401611
280	301.1479003429413	response	0	k		278.0	/experiments/Knapen_AOT/AOT_stimuli/pictures/0843_fw.png	403.94350147247314	
281	301.1642463207245	picture	0		106	279.0	/experiments/Knapen_AOT/AOT_stimuli/pictures/1598_fw.png	403.95984745025635	0.8864889144897461
281	302.0394797325134	response	0	k		279.0	/experiments/Knapen_AOT/AOT_stimuli/pictures/1598_fw.png	404.8350808620453	
282	302.05073523521423	picture	0		125	280.0	/experiments/Knapen_AOT/AOT_stimuli/pictures/1198_fw.png	404.8463363647461	1.0468595027923584
282	303.08104944229126	response	0	j		280.0	/experiments/Knapen_AOT/AOT_stimuli/pictures/1198_fw.png	405.8766505718231	
283	303.0975947380066	picture	0		111	281.0	/experiments/Knapen_AOT/AOT_stimuli/pictures/1259_fw.png	405.89319586753845	0.9333746433258057
283	304.01446056365967	response	0	k		281.0	/experiments/Knapen_AOT/AOT_stimuli/pictures/1259_fw.png	406.8100616931915	
284	304.0309693813324	picture	0		115	282.0	/experiments/Knapen_AOT/AOT_stimuli/pictures/1183_fw.png	406.82657051086426	0.9667003154754639
284	304.9811222553253	response	0	k		282.0	/experiments/Knapen_AOT/AOT_stimuli/pictures/1183_fw.png	407.7767233848572	
285	304.99766969680786	picture	0		215	283.0	/experiments/Knapen_AOT/AOT_stimuli/pictures/0813_fw.png	407.7932708263397	1.795954704284668
285	306.7811076641083	response	0	j		283.0	/experiments/Knapen_AOT/AOT_stimuli/pictures/0813_fw.png	409.57670879364014	
286	306.79362440109253	picture	0		97	284.0	/experiments/Knapen_AOT/AOT_stimuli/pictures/0127_fw.png	409.5892255306244	0.812366247177124
286	307.58950662612915	response	0	j		284.0	/experiments/Knapen_AOT/AOT_stimuli/pictures/0127_fw.png	410.385107755661	
287	307.60599064826965	picture	0		165	285.0	/experiments/Knapen_AOT/AOT_stimuli/pictures/1273_fw.png	410.4015917778015	1.383359670639038
287	308.97281289100647	response	0	j		285.0	/experiments/Knapen_AOT/AOT_stimuli/pictures/1273_fw.png	411.76841402053833	
288	308.9893503189087	picture	0		121	286.0	/experiments/Knapen_AOT/AOT_stimuli/pictures/0566_fw.png	411.78495144844055	1.0127403736114502
288	309.9894828796387	response	0	k		286.0	/experiments/Knapen_AOT/AOT_stimuli/pictures/0566_fw.png	412.78508400917053	
289	310.00209069252014	picture	0		144	287.0	/experiments/Knapen_AOT/AOT_stimuli/pictures/1296_fw.png	412.797691822052	1.2123401165008545
289	311.19802236557007	response	0	j		287.0	/experiments/Knapen_AOT/AOT_stimuli/pictures/1296_fw.png	413.99362349510193	
290	311.214430809021	picture	0		125	288.0	/experiments/Knapen_AOT/AOT_stimuli/pictures/0161_fw.png	414.01003193855286	1.0446698665618896
290	312.24787521362305	response	0	k		288.0	/experiments/Knapen_AOT/AOT_stimuli/pictures/0161_fw.png	415.0434763431549	
291	312.2591006755829	picture	0		206	289.0	/experiments/Knapen_AOT/AOT_stimuli/pictures/0443_fw.png	415.05470180511475	1.7219953536987305
291	313.96453189849854	response	0	j		289.0	/experiments/Knapen_AOT/AOT_stimuli/pictures/0443_fw.png	416.7601330280304	
292	313.9810960292816	picture	0		276	290.0	/experiments/Knapen_AOT/AOT_stimuli/pictures/2145_fw.png	416.7766971588135	2.3083369731903076
292	316.2732148170471	response	0	k		290.0	/experiments/Knapen_AOT/AOT_stimuli/pictures/2145_fw.png	419.068815946579	
293	316.2894330024719	picture	0		94	291.0	/experiments/Knapen_AOT/AOT_stimuli/pictures/2143_fw.png	419.0850341320038	0.7917487621307373
293	317.0646095275879	response	0	k		291.0	/experiments/Knapen_AOT/AOT_stimuli/pictures/2143_fw.png	419.86021065711975	
294	317.08118176460266	picture	0		130	292.0	/experiments/Knapen_AOT/AOT_stimuli/pictures/1568_fw.png	419.8767828941345	1.0916180610656738
294	318.15622448921204	response	0	j		292.0	/experiments/Knapen_AOT/AOT_stimuli/pictures/1568_fw.png	420.9518256187439	
295	318.17279982566833	picture	0		141	293.0	/experiments/Knapen_AOT/AOT_stimuli/pictures/1162_fw.png	420.9684009552002	1.183337926864624
295	319.3320245742798	response	0	j		293.0	/experiments/Knapen_AOT/AOT_stimuli/pictures/1162_fw.png	422.12762570381165	
296	319.35613775253296	picture	0		96	294.0	/experiments/Knapen_AOT/AOT_stimuli/pictures/0657_fw.png	422.1517388820648	0.8083443641662598
296	320.1482856273651	response	0	j		294.0	/experiments/Knapen_AOT/AOT_stimuli/pictures/0657_fw.png	422.943886756897	
297	320.1644821166992	picture	0		88	295.0	/experiments/Knapen_AOT/AOT_stimuli/pictures/2114_fw.png	422.9600832462311	0.7416634559631348
297	320.8896188735962	response	0	j		295.0	/experiments/Knapen_AOT/AOT_stimuli/pictures/2114_fw.png	423.68522000312805	
298	320.90614557266235	picture	0		117	296.0	/experiments/Knapen_AOT/AOT_stimuli/pictures/0100_fw.png	423.7017467021942	0.9833829402923584
298	321.87293457984924	response	0	k		296.0	/experiments/Knapen_AOT/AOT_stimuli/pictures/0100_fw.png	424.6685357093811	
299	321.8895285129547	picture	0		158	297.0	/experiments/Knapen_AOT/AOT_stimuli/pictures/1375_fw.png	424.6851296424866	1.3253612518310547
299	323.19797706604004	response	0	k		297.0	/experiments/Knapen_AOT/AOT_stimuli/pictures/1375_fw.png	425.9935781955719	
300	323.21488976478577	picture	0		86	298.0	/experiments/Knapen_AOT/AOT_stimuli/pictures/1693_fw.png	426.0104908943176	0.7247059345245361
300	323.92313027381897	response	0	j		298.0	/experiments/Knapen_AOT/AOT_stimuli/pictures/1693_fw.png	426.71873140335083	
301	323.9395956993103	picture	0		212	299.0	/experiments/Knapen_AOT/AOT_stimuli/pictures/0758_fw.png	426.73519682884216	1.7708392143249512
301	325.69802594184875	response	0	k		299.0	/experiments/Knapen_AOT/AOT_stimuli/pictures/0758_fw.png	428.4936270713806	
302	325.71043491363525	picture	0		132	300.0	/experiments/Knapen_AOT/AOT_stimuli/pictures/1623_fw.png	428.5060360431671	1.097294569015503
302	326.7980034351349	response	0	k		300.0	/experiments/Knapen_AOT/AOT_stimuli/pictures/1623_fw.png	429.59360456466675	
303	326.80772948265076	picture	0		109	301.0	/experiments/Knapen_AOT/AOT_stimuli/pictures/0961_fw.png	429.6033306121826	0.9152097702026367
303	327.7063901424408	response	0	j		301.0	/experiments/Knapen_AOT/AOT_stimuli/pictures/0961_fw.png	430.50199127197266	
304	327.7229392528534	picture	0		107	302.0	/experiments/Knapen_AOT/AOT_stimuli/pictures/0280_fw.png	430.51854038238525	0.8999941349029541
304	328.606388092041	response	0	k		302.0	/experiments/Knapen_AOT/AOT_stimuli/pictures/0280_fw.png	431.4019892215729	
305	328.62293338775635	picture	0		161	303.0	/experiments/Knapen_AOT/AOT_stimuli/pictures/0660_fw.png	431.4185345172882	1.3500065803527832
305	329.9564278125763	response	0	k		303.0	/experiments/Knapen_AOT/AOT_stimuli/pictures/0660_fw.png	432.75202894210815	
306	329.97293996810913	picture	0		115	304.0	/experiments/Knapen_AOT/AOT_stimuli/pictures/0859_fw.png	432.768541097641	0.9598548412322998
306	330.9231765270233	response	0	k		304.0	/experiments/Knapen_AOT/AOT_stimuli/pictures/0859_fw.png	433.7187776565552	
307	330.93279480934143	picture	0		167	305.0	/experiments/Knapen_AOT/AOT_stimuli/pictures/0708_fw.png	433.7283959388733	1.39859938621521
307	332.3148317337036	response	0	j		305.0	/experiments/Knapen_AOT/AOT_stimuli/pictures/0708_fw.png	435.1104328632355	
308	332.33139419555664	picture	0		135	306.0	/experiments/Knapen_AOT/AOT_stimuli/pictures/0833_fw.png	435.1269953250885	1.1332838535308838
308	333.44808053970337	response	0	j		306.0	/experiments/Knapen_AOT/AOT_stimuli/pictures/0833_fw.png	436.24368166923523	
309	333.4646780490875	picture	0		277	307.0	/experiments/Knapen_AOT/AOT_stimuli/pictures/1890_fw.png	436.2602791786194	2.316663980484009
309	335.7649657726288	response	0	j		307.0	/experiments/Knapen_AOT/AOT_stimuli/pictures/1890_fw.png	438.56056690216064	
310	335.78134202957153	picture	0		110	308.0	/experiments/Knapen_AOT/AOT_stimuli/pictures/0193_fw.png	438.5769431591034	0.9250495433807373
310	336.6902151107788	response	0	j		308.0	/experiments/Knapen_AOT/AOT_stimuli/pictures/0193_fw.png	439.48581624031067	
311	336.70639157295227	picture	0		202	309.0	/experiments/Knapen_AOT/AOT_stimuli/pictures/0658_fw.png	439.50199270248413	1.6846787929534912
311	338.3815019130707	response	0	k		309.0	/experiments/Knapen_AOT/AOT_stimuli/pictures/0658_fw.png	441.17710304260254	
312	338.39107036590576	picture	0		90	310.0	/experiments/Knapen_AOT/AOT_stimuli/pictures/2115_fw.png	441.1866714954376	0.7501206398010254
312	339.12442421913147	response	0	j		310.0	/experiments/Knapen_AOT/AOT_stimuli/pictures/2115_fw.png	441.92002534866333	
313	339.1411910057068	picture	0		102	311.0	/experiments/Knapen_AOT/AOT_stimuli/pictures/2029_fw.png	441.93679213523865	0.8568844795227051
313	339.98165249824524	response	0	k		311.0	/experiments/Knapen_AOT/AOT_stimuli/pictures/2029_fw.png	442.7772536277771	
314	339.9980754852295	picture	0		115	312.0	/experiments/Knapen_AOT/AOT_stimuli/pictures/0830_fw.png	442.79367661476135	0.9625551700592041
314	340.9482159614563	response	0	k		312.0	/experiments/Knapen_AOT/AOT_stimuli/pictures/0830_fw.png	443.74381709098816	
315	340.9606306552887	picture	0		104	313.0	/experiments/Knapen_AOT/AOT_stimuli/pictures/1185_fw.png	443.75623178482056	0.8750216960906982
315	341.82322573661804	response	0	k		313.0	/experiments/Knapen_AOT/AOT_stimuli/pictures/1185_fw.png	444.6188268661499	
316	341.8356523513794	picture	0		117	314.0	/experiments/Knapen_AOT/AOT_stimuli/pictures/1389_fw.png	444.63125348091125	0.9792017936706543
316	342.798437833786	response	0	j		314.0	/experiments/Knapen_AOT/AOT_stimuli/pictures/1389_fw.png	445.59403896331787	
317	342.81485414505005	picture	0		110	315.0	/experiments/Knapen_AOT/AOT_stimuli/pictures/0024_fw.png	445.6104552745819	0.9167003631591797
317	343.7162091732025	response	0	k		315.0	/experiments/Knapen_AOT/AOT_stimuli/pictures/0024_fw.png	446.5118103027344	
318	343.73155450820923	picture	0		86	316.0	/experiments/Knapen_AOT/AOT_stimuli/pictures/1681_fw.png	446.5271556377411	0.7249515056610107
318	344.4400825500488	response	0	j		316.0	/experiments/Knapen_AOT/AOT_stimuli/pictures/1681_fw.png	447.2356836795807	
319	344.45650601387024	picture	0		228	317.0	/experiments/Knapen_AOT/AOT_stimuli/pictures/1324_fw.png	447.2521071434021	1.9083199501037598
319	346.34826850891113	response	0	j		317.0	/experiments/Knapen_AOT/AOT_stimuli/pictures/1324_fw.png	449.143869638443	
320	346.364825963974	picture	0		104	318.0	/experiments/Knapen_AOT/AOT_stimuli/pictures/0832_fw.png	449.16042709350586	0.8667471408843994
320	347.2233338356018	response	0	j		318.0	/experiments/Knapen_AOT/AOT_stimuli/pictures/0832_fw.png	450.01893496513367	
321	347.2315731048584	picture	0		112	319.0	/experiments/Knapen_AOT/AOT_stimuli/pictures/1122_fw.png	450.02717423439026	0.9415709972381592
321	348.1566164493561	response	0	k		319.0	/experiments/Knapen_AOT/AOT_stimuli/pictures/1122_fw.png	450.95221757888794	
322	348.17314410209656	picture	0		197	320.0	/experiments/Knapen_AOT/AOT_stimuli/pictures/0442_fw.png	450.9687452316284	1.641676664352417
322	349.80668473243713	response	0	k		320.0	/experiments/Knapen_AOT/AOT_stimuli/pictures/0442_fw.png	452.602285861969	
323	349.814820766449	picture	0		102	321.0	/experiments/Knapen_AOT/AOT_stimuli/pictures/1380_fw.png	452.61042189598083	0.8583753108978271
323	350.65668630599976	response	0	j		321.0	/experiments/Knapen_AOT/AOT_stimuli/pictures/1380_fw.png	453.4522874355316	
324	350.6731960773468	picture	0		104	322.0	/experiments/Knapen_AOT/AOT_stimuli/pictures/1612_fw.png	453.46879720687866	0.8708353042602539
324	351.5244390964508	response	0	j		322.0	/experiments/Knapen_AOT/AOT_stimuli/pictures/1612_fw.png	454.32004022598267	
325	351.54403138160706	picture	0		93	323.0	/experiments/Knapen_AOT/AOT_stimuli/pictures/1083_fw.png	454.3396325111389	0.7875220775604248
325	352.3151526451111	response	0	k		323.0	/experiments/Knapen_AOT/AOT_stimuli/pictures/1083_fw.png	455.11075377464294	
326	352.3315534591675	picture	0		99	324.0	/experiments/Knapen_AOT/AOT_stimuli/pictures/1281_fw.png	455.12715458869934	0.8305606842041016
326	353.14843940734863	response	0	k		324.0	/experiments/Knapen_AOT/AOT_stimuli/pictures/1281_fw.png	455.9440405368805	
327	353.1621141433716	picture	0		134	325.0	/experiments/Knapen_AOT/AOT_stimuli/pictures/1101_fw.png	455.95771527290344	1.1278071403503418
327	354.27350068092346	response	0	k		325.0	/experiments/Knapen_AOT/AOT_stimuli/pictures/1101_fw.png	457.0691018104553	
328	354.2899212837219	picture	0		111	326.0	/experiments/Knapen_AOT/AOT_stimuli/pictures/0635_fw.png	457.0855224132538	0.9333171844482422
328	355.20675587654114	response	0	k		326.0	/experiments/Knapen_AOT/AOT_stimuli/pictures/0635_fw.png	458.002357006073	
329	355.22323846817017	picture	0		110	327.0	/experiments/Knapen_AOT/AOT_stimuli/pictures/1509_fw.png	458.018839597702	0.918034553527832
329	356.12540221214294	response	0	j		327.0	/experiments/Knapen_AOT/AOT_stimuli/pictures/1509_fw.png	458.9210033416748	
330	356.141273021698	picture	0		155	328.0	/experiments/Knapen_AOT/AOT_stimuli/pictures/0469_fw.png	458.93687415122986	1.2987239360809326
330	357.42351055145264	response	0	k		328.0	/experiments/Knapen_AOT/AOT_stimuli/pictures/0469_fw.png	460.2191116809845	
331	357.43999695777893	picture	0		91	329.0	/experiments/Knapen_AOT/AOT_stimuli/pictures/1844_fw.png	460.2355980873108	0.7638306617736816
331	358.1900849342346	response	0	j		329.0	/experiments/Knapen_AOT/AOT_stimuli/pictures/1844_fw.png	460.9856860637665	
332	358.2038276195526	picture	0		140	330.0	/experiments/Knapen_AOT/AOT_stimuli/pictures/0253_fw.png	460.9994287490845	1.173583745956421
332	359.3650498390198	response	0	k		330.0	/experiments/Knapen_AOT/AOT_stimuli/pictures/0253_fw.png	462.16065096855164	
333	359.37741136550903	picture	0		102	331.0	/experiments/Knapen_AOT/AOT_stimuli/pictures/1190_fw.png	462.1730124950409	0.8542766571044922
333	360.21508836746216	response	0	j		331.0	/experiments/Knapen_AOT/AOT_stimuli/pictures/1190_fw.png	463.010689496994	
334	360.2316880226135	picture	0		102	332.0	/experiments/Knapen_AOT/AOT_stimuli/pictures/0538_fw.png	463.0272891521454	0.8582983016967773
334	361.07343316078186	response	0	j		332.0	/experiments/Knapen_AOT/AOT_stimuli/pictures/0538_fw.png	463.8690342903137	
335	361.0899863243103	picture	0		101	333.0	/experiments/Knapen_AOT/AOT_stimuli/pictures/1736_fw.png	463.88558745384216	0.8500368595123291
335	361.92347383499146	response	0	j		333.0	/experiments/Knapen_AOT/AOT_stimuli/pictures/1736_fw.png	464.7190749645233	
336	361.94002318382263	picture	0		86	334.0	/experiments/Knapen_AOT/AOT_stimuli/pictures/1227_fw.png	464.7356243133545	0.7249772548675537
336	362.6486029624939	response	0	j		334.0	/experiments/Knapen_AOT/AOT_stimuli/pictures/1227_fw.png	465.44420409202576	
337	362.6650004386902	picture	0		91	335.0	/experiments/Knapen_AOT/AOT_stimuli/pictures/1713_fw.png	465.46060156822205	0.7666723728179932
337	363.4151294231415	response	0	j		335.0	/experiments/Knapen_AOT/AOT_stimuli/pictures/1713_fw.png	466.21073055267334	
338	363.4316728115082	picture	0		154	336.0	/experiments/Knapen_AOT/AOT_stimuli/pictures/0714_fw.png	466.22727394104004	1.291679859161377
338	364.706857919693	response	0	k		336.0	/experiments/Knapen_AOT/AOT_stimuli/pictures/0714_fw.png	467.50245904922485	
339	364.72335267066956	picture	0		118	337.0	/experiments/Knapen_AOT/AOT_stimuli/pictures/1972_fw.png	467.5189538002014	0.991671085357666
339	365.69862389564514	response	0	j		337.0	/experiments/Knapen_AOT/AOT_stimuli/pictures/1972_fw.png	468.494225025177	
340	365.7150237560272	picture	0		108	338.0	/experiments/Knapen_AOT/AOT_stimuli/pictures/0012_fw.png	468.5106248855591	0.9055066108703613
340	366.6068654060364	response	0	k		338.0	/experiments/Knapen_AOT/AOT_stimuli/pictures/0012_fw.png	469.40246653556824	
341	366.6205303668976	picture	0		133	339.0	/experiments/Knapen_AOT/AOT_stimuli/pictures/0871_fw.png	469.41613149642944	1.1195440292358398
341	367.72571778297424	response	0	k		339.0	/experiments/Knapen_AOT/AOT_stimuli/pictures/0871_fw.png	470.5213189125061	
342	367.7400743961334	picture	0		129	340.0	/experiments/Knapen_AOT/AOT_stimuli/pictures/0103_fw.png	470.5356755256653	1.0750133991241455
342	368.8068730831146	response	0	j		340.0	/experiments/Knapen_AOT/AOT_stimuli/pictures/0103_fw.png	471.6024742126465	
343	368.81508779525757	picture	0		113	341.0	/experiments/Knapen_AOT/AOT_stimuli/pictures/0952_fw.png	471.61068892478943	0.9499895572662354
343	369.74853563308716	response	0	k		341.0	/experiments/Knapen_AOT/AOT_stimuli/pictures/0952_fw.png	472.544136762619	
344	369.7650773525238	picture	0		95	342.0	/experiments/Knapen_AOT/AOT_stimuli/pictures/1696_fw.png	472.56067848205566	0.8000023365020752
344	370.54878854751587	response	0	k		342.0	/experiments/Knapen_AOT/AOT_stimuli/pictures/1696_fw.png	473.34438967704773	
345	370.5650796890259	picture	0		144	343.0	/experiments/Knapen_AOT/AOT_stimuli/pictures/1292_fw.png	473.36068081855774	1.2083449363708496
345	371.75688767433167	response	0	k		343.0	/experiments/Knapen_AOT/AOT_stimuli/pictures/1292_fw.png	474.5524888038635	
346	371.77342462539673	picture	0		139	344.0	/experiments/Knapen_AOT/AOT_stimuli/pictures/1058_fw.png	474.5690257549286	1.166691541671753
346	372.9162542819977	response	0	j		344.0	/experiments/Knapen_AOT/AOT_stimuli/pictures/1058_fw.png	475.71185541152954	
347	372.9401161670685	picture	0		135	345.0	/experiments/Knapen_AOT/AOT_stimuli/pictures/0065_fw.png	475.73571729660034	1.1333560943603516
347	374.0569393634796	response	0	k		345.0	/experiments/Knapen_AOT/AOT_stimuli/pictures/0065_fw.png	476.8525404930115	
348	374.07347226142883	picture	0		260	346.0	/experiments/Knapen_AOT/AOT_stimuli/pictures/0942_fw.png	476.8690733909607	2.1720380783081055
348	376.2319676876068	response	0	k		346.0	/experiments/Knapen_AOT/AOT_stimuli/pictures/0942_fw.png	479.0275688171387	
349	376.24551033973694	picture	0		91	347.0	/experiments/Knapen_AOT/AOT_stimuli/pictures/0248_fw.png	479.0411114692688	0.7639837265014648
349	376.99863600730896	response	0	j		347.0	/experiments/Knapen_AOT/AOT_stimuli/pictures/0248_fw.png	479.7942371368408	
350	377.0094940662384	picture	0		90	348.0	/experiments/Knapen_AOT/AOT_stimuli/pictures/1460_fw.png	479.80509519577026	0.7557034492492676
350	377.74867606163025	response	0	j		348.0	/experiments/Knapen_AOT/AOT_stimuli/pictures/1460_fw.png	480.5442771911621	
351	377.76519751548767	picture	0		99	349.0	/experiments/Knapen_AOT/AOT_stimuli/pictures/1326_fw.png	480.56079864501953	0.8333287239074707
351	378.5820245742798	response	0	k		349.0	/experiments/Knapen_AOT/AOT_stimuli/pictures/1326_fw.png	481.37762570381165	
352	378.59852623939514	picture	0		96	350.0	/experiments/Knapen_AOT/AOT_stimuli/pictures/1673_fw.png	481.394127368927	0.8083491325378418
352	379.3903605937958	response	0	k		350.0	/experiments/Knapen_AOT/AOT_stimuli/pictures/1673_fw.png	482.18596172332764	
353	379.406875371933	picture	0		160	351.0	/experiments/Knapen_AOT/AOT_stimuli/pictures/1196_fw.png	482.20247650146484	1.34169602394104
353	380.72612977027893	response	0	k		351.0	/experiments/Knapen_AOT/AOT_stimuli/pictures/1196_fw.png	483.5217308998108	
354	380.748571395874	picture	0		183	352.0	/experiments/Knapen_AOT/AOT_stimuli/pictures/0355_fw.png	483.5441725254059	1.5333569049835205
354	382.26541090011597	response	0	k		352.0	/experiments/Knapen_AOT/AOT_stimuli/pictures/0355_fw.png	485.0610120296478	
355	382.28192830085754	picture	0		95	353.0	/experiments/Knapen_AOT/AOT_stimuli/pictures/0402_fw.png	485.0775294303894	0.7999699115753174
355	383.0653715133667	response	0	k		353.0	/experiments/Knapen_AOT/AOT_stimuli/pictures/0402_fw.png	485.86097264289856	
356	383.08189821243286	picture	0		137	354.0	/experiments/Knapen_AOT/AOT_stimuli/pictures/1715_fw.png	485.8774993419647	1.1500146389007568
356	384.2153778076172	response	0	k		354.0	/experiments/Knapen_AOT/AOT_stimuli/pictures/1715_fw.png	487.01097893714905	
357	384.2319128513336	picture	0		87	355.0	/experiments/Knapen_AOT/AOT_stimuli/pictures/1312_fw.png	487.0275139808655	0.7333414554595947
357	384.94882798194885	response	0	j		355.0	/experiments/Knapen_AOT/AOT_stimuli/pictures/1312_fw.png	487.7444291114807	
358	384.9652543067932	picture	0		97	356.0	/experiments/Knapen_AOT/AOT_stimuli/pictures/1954_fw.png	487.7608554363251	0.8166921138763428
358	385.76555919647217	response	0	j		356.0	/experiments/Knapen_AOT/AOT_stimuli/pictures/1954_fw.png	488.561160326004	
359	385.78194642066956	picture	0		141	357.0	/experiments/Knapen_AOT/AOT_stimuli/pictures/0804_fw.png	488.5775475502014	1.183340072631836
359	386.9487795829773	response	0	k		357.0	/experiments/Knapen_AOT/AOT_stimuli/pictures/0804_fw.png	489.74438071250916	
360	386.9652864933014	picture	0		81	358.0	/experiments/Knapen_AOT/AOT_stimuli/pictures/0999_fw.png	489.76088762283325	0.683330774307251
360	387.632093667984	response	0	k		358.0	/experiments/Knapen_AOT/AOT_stimuli/pictures/0999_fw.png	490.42769479751587	
361	387.64861726760864	picture	0		84	359.0	/experiments/Knapen_AOT/AOT_stimuli/pictures/1279_fw.png	490.4442183971405	0.7083382606506348
361	388.3405134677887	response	0	j		359.0	/experiments/Knapen_AOT/AOT_stimuli/pictures/1279_fw.png	491.13611459732056	
362	388.3569555282593	stim	0		671			491.15255665779114	5.608798980712891
362	393.9458248615265	response	0	space				496.74142599105835	
