trial_nr	onset	event_type	phase	response	nr_frames	movie_index	movie_duration	movie_file	blank	onset_abs	duration
0	0.18332505226135254	stim	0		226					73.61856698989868	1.8834121227264404
0	2.058725118637085	response	0	space						75.49396705627441	
1	2.066737174987793	stim	0		4725					75.50197911262512	39.38579201698303
1	41.43955898284912	pulse	0	t						114.87480092048645	
1	41.452529191970825	stim	1		1714					114.88777112960815	14.297260999679565
1	43.039710998535156	pulse	1	t						116.47495293617249	
1	44.64011812210083	pulse	1	t						118.07536005973816	
1	46.23277401924133	pulse	1	t						119.66801595687866	
1	47.83319115638733	pulse	1	t						121.26843309402466	
1	49.43324518203735	pulse	1	t						122.86848711967468	
1	51.03334712982178	pulse	1	t						124.4685890674591	
1	52.63361406326294	pulse	1	t						126.06885600090027	
1	54.23375415802002	pulse	1	t						127.66899609565735	
2	55.74979019165039	fix_pre	0		11	0.0	2.5	/experiments/knapen_AOT/AOT_stimuli/rescaled_final/1240_fw.mp4	0.0	129.18503212928772	0.10020780563354492
2	55.83331608772278	pulse	0	t		0.0	2.5	/experiments/knapen_AOT/AOT_stimuli/rescaled_final/1240_fw.mp4	0.0	129.2685580253601	
2	55.849997997283936	movie	1		242	0.0	2.5	/experiments/knapen_AOT/AOT_stimuli/rescaled_final/1240_fw.mp4	0.0	129.28523993492126	2.500178098678589
2	57.43408513069153	pulse	1	t		0.0	2.5	/experiments/knapen_AOT/AOT_stimuli/rescaled_final/1240_fw.mp4	0.0	130.86932706832886	
2	58.350176095962524	fix_post	2		12	0.0	2.5	/experiments/knapen_AOT/AOT_stimuli/rescaled_final/1240_fw.mp4	0.0	131.78541803359985	0.10006499290466309
3	58.45024108886719	fix_pre	0		120	1.0	2.5	/experiments/knapen_AOT/AOT_stimuli/rescaled_final/0893_rv.mp4	0.0	131.88548302650452	1.000072956085205
3	59.03380513191223	pulse	0	t		1.0	2.5	/experiments/knapen_AOT/AOT_stimuli/rescaled_final/0893_rv.mp4	0.0	132.46904706954956	
3	59.45031404495239	movie	1		243	1.0	2.5	/experiments/knapen_AOT/AOT_stimuli/rescaled_final/0893_rv.mp4	0.0	132.88555598258972	2.5004031658172607
3	60.634202003479004	pulse	1	t		1.0	2.5	/experiments/knapen_AOT/AOT_stimuli/rescaled_final/0893_rv.mp4	0.0	134.06944394111633	
3	61.95071721076965	fix_post	2		12	1.0	2.5	/experiments/knapen_AOT/AOT_stimuli/rescaled_final/0893_rv.mp4	0.0	135.38595914840698	0.10001182556152344
4	62.05072903633118	fix_pre	0		120	2.0	2.5	/experiments/knapen_AOT/AOT_stimuli/rescaled_final/1145_rv.mp4	0.0	135.4859709739685	1.0001630783081055
4	62.23435020446777	pulse	0	t		2.0	2.5	/experiments/knapen_AOT/AOT_stimuli/rescaled_final/1145_rv.mp4	0.0	135.6695921421051	
4	63.05089211463928	movie	1		246	2.0	2.5	/experiments/knapen_AOT/AOT_stimuli/rescaled_final/1145_rv.mp4	0.0	136.4861340522766	2.5003719329833984
4	63.83450102806091	pulse	1	t		2.0	2.5	/experiments/knapen_AOT/AOT_stimuli/rescaled_final/1145_rv.mp4	0.0	137.26974296569824	
4	65.43471598625183	pulse	1	t		2.0	2.5	/experiments/knapen_AOT/AOT_stimuli/rescaled_final/1145_rv.mp4	0.0	138.86995792388916	
4	65.55126404762268	fix_post	2		12	2.0	2.5	/experiments/knapen_AOT/AOT_stimuli/rescaled_final/1145_rv.mp4	0.0	138.98650598526	0.09998106956481934
5	65.6512451171875	fix_pre	0		120	3.0	2.5	/experiments/knapen_AOT/AOT_stimuli/rescaled_final/2145_fw.mp4	0.0	139.08648705482483	1.0001420974731445
5	66.65138721466064	movie	1		243	3.0	2.5	/experiments/knapen_AOT/AOT_stimuli/rescaled_final/2145_fw.mp4	0.0	140.08662915229797	2.49210786819458
5	67.03575611114502	pulse	1	t		3.0	2.5	/experiments/knapen_AOT/AOT_stimuli/rescaled_final/2145_fw.mp4	0.0	140.47099804878235	
5	68.63531112670898	pulse	1	t		3.0	2.5	/experiments/knapen_AOT/AOT_stimuli/rescaled_final/2145_fw.mp4	0.0	142.0705530643463	
5	69.14349508285522	fix_post	2		12	3.0	2.5	/experiments/knapen_AOT/AOT_stimuli/rescaled_final/2145_fw.mp4	0.0	142.57873702049255	0.09998893737792969
6	69.24348402023315	fix_pre	0		120	4.0	2.5	/experiments/knapen_AOT/AOT_stimuli/rescaled_final/0193_fw.mp4	0.0	142.67872595787048	1.000136137008667
6	70.23556518554688	pulse	0	t		4.0	2.5	/experiments/knapen_AOT/AOT_stimuli/rescaled_final/0193_fw.mp4	0.0	143.6708071231842	
6	70.24362015724182	movie	1		245	4.0	2.5	/experiments/knapen_AOT/AOT_stimuli/rescaled_final/0193_fw.mp4	0.0	143.67886209487915	2.5087008476257324
6	71.83645915985107	pulse	1	t		4.0	2.5	/experiments/knapen_AOT/AOT_stimuli/rescaled_final/0193_fw.mp4	0.0	145.2717010974884	
6	72.75232100486755	fix_post	2		12	4.0	2.5	/experiments/knapen_AOT/AOT_stimuli/rescaled_final/0193_fw.mp4	0.0	146.18756294250488	0.10003113746643066
7	72.85235214233398	fix_pre	0		120	5.0	2.5	/experiments/knapen_AOT/AOT_stimuli/rescaled_final/0450_fw.mp4	0.0	146.2875940799713	1.0001540184020996
7	73.43597912788391	pulse	0	t		5.0	2.5	/experiments/knapen_AOT/AOT_stimuli/rescaled_final/0450_fw.mp4	0.0	146.87122106552124	
7	73.85250616073608	movie	1		245	5.0	2.5	/experiments/knapen_AOT/AOT_stimuli/rescaled_final/0450_fw.mp4	0.0	147.2877480983734	2.500308036804199
7	75.03631711006165	pulse	1	t		5.0	2.5	/experiments/knapen_AOT/AOT_stimuli/rescaled_final/0450_fw.mp4	0.0	148.47155904769897	
7	76.35281419754028	fix_post	2		12	5.0	2.5	/experiments/knapen_AOT/AOT_stimuli/rescaled_final/0450_fw.mp4	0.0	149.7880561351776	0.10007095336914062
8	76.45288515090942	fix_pre	0		120	6.0	2.5	blank	1.0	149.88812708854675	1.0001459121704102
8	76.63647198677063	pulse	0	t		6.0	2.5	blank	1.0	150.07171392440796	
8	77.45303106307983	movie	1		300	6.0	2.5	blank	1.0	150.88827300071716	2.5003979206085205
8	78.2366590499878	pulse	1	t		6.0	2.5	blank	1.0	151.67190098762512	
8	79.83684921264648	pulse	1	t		6.0	2.5	blank	1.0	153.2720911502838	
8	79.95342898368835	fix_post	2		12	6.0	2.5	blank	1.0	153.38867092132568	0.09997820854187012
9	80.05340719223022	fix_pre	0		120	7.0	2.5	/experiments/knapen_AOT/AOT_stimuli/rescaled_final/1747_fw.mp4	0.0	153.48864912986755	1.0001988410949707
9	81.0536060333252	movie	1		243	7.0	2.5	/experiments/knapen_AOT/AOT_stimuli/rescaled_final/1747_fw.mp4	0.0	154.48884797096252	2.4919991493225098
9	81.43776106834412	pulse	1	t		7.0	2.5	/experiments/knapen_AOT/AOT_stimuli/rescaled_final/1747_fw.mp4	0.0	154.87300300598145	
9	83.03744506835938	pulse	1	t		7.0	2.5	/experiments/knapen_AOT/AOT_stimuli/rescaled_final/1747_fw.mp4	0.0	156.4726870059967	
9	83.5456051826477	fix_post	2		12	7.0	2.5	/experiments/knapen_AOT/AOT_stimuli/rescaled_final/1747_fw.mp4	0.0	156.98084712028503	0.10000491142272949
10	83.64561009407043	fix_pre	0		120	8.0	2.5	/experiments/knapen_AOT/AOT_stimuli/rescaled_final/1998_rv.mp4	0.0	157.08085203170776	1.0001308917999268
10	84.63758611679077	pulse	0	t		8.0	2.5	/experiments/knapen_AOT/AOT_stimuli/rescaled_final/1998_rv.mp4	0.0	158.0728280544281	
10	84.64574098587036	movie	1		244	8.0	2.5	/experiments/knapen_AOT/AOT_stimuli/rescaled_final/1998_rv.mp4	0.0	158.0809829235077	2.5087051391601562
10	86.23928308486938	pulse	1	t		8.0	2.5	/experiments/knapen_AOT/AOT_stimuli/rescaled_final/1998_rv.mp4	0.0	159.6745250225067	
10	87.15444612503052	fix_post	2		12	8.0	2.5	/experiments/knapen_AOT/AOT_stimuli/rescaled_final/1998_rv.mp4	0.0	160.58968806266785	0.10010194778442383
11	87.25454807281494	fix_pre	0		120	9.0	2.5	/experiments/knapen_AOT/AOT_stimuli/rescaled_final/2151_fw.mp4	0.0	160.68979001045227	1.0001521110534668
11	87.83804321289062	pulse	0	t		9.0	2.5	/experiments/knapen_AOT/AOT_stimuli/rescaled_final/2151_fw.mp4	0.0	161.27328515052795	
11	88.25470018386841	movie	1		245	9.0	2.5	/experiments/knapen_AOT/AOT_stimuli/rescaled_final/2151_fw.mp4	0.0	161.68994212150574	2.5003018379211426
11	89.43849611282349	pulse	1	t		9.0	2.5	/experiments/knapen_AOT/AOT_stimuli/rescaled_final/2151_fw.mp4	0.0	162.87373805046082	
11	90.75500202178955	fix_post	2		12	9.0	2.5	/experiments/knapen_AOT/AOT_stimuli/rescaled_final/2151_fw.mp4	0.0	164.19024395942688	0.1000070571899414
12	90.85500907897949	fix_pre	0		120	10.0	2.5	/experiments/knapen_AOT/AOT_stimuli/rescaled_final/0574_rv.mp4	0.0	164.29025101661682	1.0002079010009766
12	91.03859114646912	pulse	0	t		10.0	2.5	/experiments/knapen_AOT/AOT_stimuli/rescaled_final/0574_rv.mp4	0.0	164.47383308410645	
12	91.85521697998047	movie	1		246	10.0	2.5	/experiments/knapen_AOT/AOT_stimuli/rescaled_final/0574_rv.mp4	0.0	165.2904589176178	2.500347137451172
12	92.63878798484802	pulse	1	t		10.0	2.5	/experiments/knapen_AOT/AOT_stimuli/rescaled_final/0574_rv.mp4	0.0	166.07402992248535	
12	94.23910713195801	pulse	1	t		10.0	2.5	/experiments/knapen_AOT/AOT_stimuli/rescaled_final/0574_rv.mp4	0.0	167.67434906959534	
12	94.35556411743164	fix_post	2		12	10.0	2.5	/experiments/knapen_AOT/AOT_stimuli/rescaled_final/0574_rv.mp4	0.0	167.79080605506897	0.09997797012329102
13	94.45554208755493	fix_pre	0		119	11.0	2.5	/experiments/knapen_AOT/AOT_stimuli/rescaled_final/0752_fw.mp4	0.0	167.89078402519226	0.9918270111083984
13	95.44736909866333	movie	1		246	11.0	2.5	/experiments/knapen_AOT/AOT_stimuli/rescaled_final/0752_fw.mp4	0.0	168.88261103630066	2.5003600120544434
13	95.83936309814453	pulse	1	t		11.0	2.5	/experiments/knapen_AOT/AOT_stimuli/rescaled_final/0752_fw.mp4	0.0	169.27460503578186	
13	97.43950319290161	pulse	1	t		11.0	2.5	/experiments/knapen_AOT/AOT_stimuli/rescaled_final/0752_fw.mp4	0.0	170.87474513053894	
13	97.94772911071777	fix_post	2		12	11.0	2.5	/experiments/knapen_AOT/AOT_stimuli/rescaled_final/0752_fw.mp4	0.0	171.3829710483551	0.10007190704345703
14	98.04780101776123	fix_pre	0		117	12.0	2.5	/experiments/knapen_AOT/AOT_stimuli/rescaled_final/0250_rv.mp4	0.0	171.48304295539856	1.0001120567321777
14	99.03979706764221	pulse	0	t		12.0	2.5	/experiments/knapen_AOT/AOT_stimuli/rescaled_final/0250_rv.mp4	0.0	172.47503900527954	
14	99.04791307449341	movie	1		246	12.0	2.5	/experiments/knapen_AOT/AOT_stimuli/rescaled_final/0250_rv.mp4	0.0	172.48315501213074	2.508702039718628
14	100.64063906669617	pulse	1	t		12.0	2.5	/experiments/knapen_AOT/AOT_stimuli/rescaled_final/0250_rv.mp4	0.0	174.0758810043335	
14	101.55661511421204	fix_post	2		12	12.0	2.5	/experiments/knapen_AOT/AOT_stimuli/rescaled_final/0250_rv.mp4	0.0	174.99185705184937	0.10002303123474121
15	101.65663814544678	fix_pre	0		120	13.0	2.5	blank	1.0	175.0918800830841	1.000182867050171
15	102.24021005630493	pulse	0	t		13.0	2.5	blank	1.0	175.67545199394226	
15	102.65682101249695	movie	1		300	13.0	2.5	blank	1.0	176.09206295013428	2.5002970695495605
15	103.8405179977417	pulse	1	t		13.0	2.5	blank	1.0	177.27575993537903	
15	105.15711808204651	fix_post	2		12	13.0	2.5	blank	1.0	178.59236001968384	0.1000509262084961
16	105.257169008255	fix_pre	0		120	14.0	2.5	/experiments/knapen_AOT/AOT_stimuli/rescaled_final/1747_fw.mp4	0.0	178.69241094589233	1.0001280307769775
16	105.44066119194031	pulse	0	t		14.0	2.5	/experiments/knapen_AOT/AOT_stimuli/rescaled_final/1747_fw.mp4	0.0	178.87590312957764	
16	106.25729703903198	movie	1		244	14.0	2.5	/experiments/knapen_AOT/AOT_stimuli/rescaled_final/1747_fw.mp4	0.0	179.6925389766693	2.500399112701416
16	107.03385615348816	pulse	1	t		14.0	2.5	/experiments/knapen_AOT/AOT_stimuli/rescaled_final/1747_fw.mp4	0.0	180.4690980911255	
16	108.64131903648376	pulse	1	t		14.0	2.5	/experiments/knapen_AOT/AOT_stimuli/rescaled_final/1747_fw.mp4	0.0	182.0765609741211	
16	108.7576961517334	fix_post	2		12	14.0	2.5	/experiments/knapen_AOT/AOT_stimuli/rescaled_final/1747_fw.mp4	0.0	182.19293808937073	0.10004591941833496
17	108.85774207115173	fix_pre	0		120	15.0	2.5	/experiments/knapen_AOT/AOT_stimuli/rescaled_final/0265_fw.mp4	0.0	182.29298400878906	1.0001189708709717
17	109.8578610420227	movie	1		244	15.0	2.5	/experiments/knapen_AOT/AOT_stimuli/rescaled_final/0265_fw.mp4	0.0	183.29310297966003	2.4920120239257812
17	110.23305821418762	pulse	1	t		15.0	2.5	/experiments/knapen_AOT/AOT_stimuli/rescaled_final/0265_fw.mp4	0.0	183.66830015182495	
17	111.83337712287903	pulse	1	t		15.0	2.5	/experiments/knapen_AOT/AOT_stimuli/rescaled_final/0265_fw.mp4	0.0	185.26861906051636	
17	112.34987306594849	fix_post	2		12	15.0	2.5	/experiments/knapen_AOT/AOT_stimuli/rescaled_final/0265_fw.mp4	0.0	185.78511500358582	0.10001897811889648
18	112.44989204406738	fix_pre	0		119	16.0	2.5	/experiments/knapen_AOT/AOT_stimuli/rescaled_final/1715_fw.mp4	0.0	185.8851339817047	0.9918479919433594
18	113.4335310459137	pulse	0	t		16.0	2.5	/experiments/knapen_AOT/AOT_stimuli/rescaled_final/1715_fw.mp4	0.0	186.86877298355103	
18	113.44174003601074	movie	1		247	16.0	2.5	/experiments/knapen_AOT/AOT_stimuli/rescaled_final/1715_fw.mp4	0.0	186.87698197364807	2.5086920261383057
18	115.03431010246277	pulse	1	t		16.0	2.5	/experiments/knapen_AOT/AOT_stimuli/rescaled_final/1715_fw.mp4	0.0	188.4695520401001	
18	115.95043206214905	fix_post	2		12	16.0	2.5	/experiments/knapen_AOT/AOT_stimuli/rescaled_final/1715_fw.mp4	0.0	189.38567399978638	0.0999910831451416
19	116.05042314529419	fix_pre	0		120	17.0	2.5	/experiments/knapen_AOT/AOT_stimuli/rescaled_final/0886_fw.mp4	0.0	189.48566508293152	1.000180959701538
19	116.63407611846924	pulse	0	t		17.0	2.5	/experiments/knapen_AOT/AOT_stimuli/rescaled_final/0886_fw.mp4	0.0	190.06931805610657	
19	117.05060410499573	movie	1		244	17.0	2.5	/experiments/knapen_AOT/AOT_stimuli/rescaled_final/0886_fw.mp4	0.0	190.48584604263306	2.500385046005249
19	118.23439407348633	pulse	1	t		17.0	2.5	/experiments/knapen_AOT/AOT_stimuli/rescaled_final/0886_fw.mp4	0.0	191.66963601112366	
19	119.55098915100098	fix_post	2		12	17.0	2.5	/experiments/knapen_AOT/AOT_stimuli/rescaled_final/0886_fw.mp4	0.0	192.9862310886383	0.09999203681945801
20	119.65098118782043	fix_pre	0		120	18.0	2.5	/experiments/knapen_AOT/AOT_stimuli/rescaled_final/0873_rv.mp4	0.0	193.08622312545776	1.0001308917999268
20	119.83448219299316	pulse	0	t		18.0	2.5	/experiments/knapen_AOT/AOT_stimuli/rescaled_final/0873_rv.mp4	0.0	193.2697241306305	
20	120.65111207962036	movie	1		245	18.0	2.5	/experiments/knapen_AOT/AOT_stimuli/rescaled_final/0873_rv.mp4	0.0	194.0863540172577	2.500375986099243
20	121.43482303619385	pulse	1	t		18.0	2.5	/experiments/knapen_AOT/AOT_stimuli/rescaled_final/0873_rv.mp4	0.0	194.87006497383118	
20	123.03512907028198	pulse	1	t		18.0	2.5	/experiments/knapen_AOT/AOT_stimuli/rescaled_final/0873_rv.mp4	0.0	196.4703710079193	
20	123.1514880657196	fix_post	2		12	18.0	2.5	/experiments/knapen_AOT/AOT_stimuli/rescaled_final/0873_rv.mp4	0.0	196.58673000335693	0.10002994537353516
21	123.25151801109314	fix_pre	0		119	19.0	2.5	blank	1.0	196.68675994873047	0.9918200969696045
21	124.24333810806274	movie	1		300	19.0	2.5	blank	1.0	197.67858004570007	2.5003719329833984
21	124.6352710723877	pulse	1	t		19.0	2.5	blank	1.0	198.07051301002502	
21	126.23540019989014	pulse	1	t		19.0	2.5	blank	1.0	199.67064213752747	
21	126.74371004104614	fix_post	2		12	19.0	2.5	blank	1.0	200.17895197868347	0.10001802444458008
22	126.84372806549072	fix_pre	0		120	20.0	2.5	/experiments/knapen_AOT/AOT_stimuli/rescaled_final/0925_fw.mp4	0.0	200.27897000312805	1.0001671314239502
22	127.8357400894165	pulse	0	t		20.0	2.5	/experiments/knapen_AOT/AOT_stimuli/rescaled_final/0925_fw.mp4	0.0	201.27098202705383	
22	127.84389519691467	movie	1		245	20.0	2.5	/experiments/knapen_AOT/AOT_stimuli/rescaled_final/0925_fw.mp4	0.0	201.279137134552	2.5086729526519775
22	129.43653512001038	pulse	1	t		20.0	2.5	/experiments/knapen_AOT/AOT_stimuli/rescaled_final/0925_fw.mp4	0.0	202.8717770576477	
22	130.35256814956665	fix_post	2		12	20.0	2.5	/experiments/knapen_AOT/AOT_stimuli/rescaled_final/0925_fw.mp4	0.0	203.78781008720398	0.10000395774841309
23	130.45257210731506	fix_pre	0		120	21.0	2.5	/experiments/knapen_AOT/AOT_stimuli/rescaled_final/2151_rv.mp4	0.0	203.8878140449524	1.0001680850982666
23	131.03626704216003	pulse	0	t		21.0	2.5	/experiments/knapen_AOT/AOT_stimuli/rescaled_final/2151_rv.mp4	0.0	204.47150897979736	
23	131.45274019241333	movie	1		245	21.0	2.5	/experiments/knapen_AOT/AOT_stimuli/rescaled_final/2151_rv.mp4	0.0	204.88798213005066	2.50044584274292
23	132.6365520954132	pulse	1	t		21.0	2.5	/experiments/knapen_AOT/AOT_stimuli/rescaled_final/2151_rv.mp4	0.0	206.07179403305054	
23	133.95318603515625	fix_post	2		12	21.0	2.5	/experiments/knapen_AOT/AOT_stimuli/rescaled_final/2151_rv.mp4	0.0	207.38842797279358	0.10002613067626953
24	134.05321216583252	fix_pre	0		120	22.0	2.5	/experiments/knapen_AOT/AOT_stimuli/rescaled_final/0123_fw.mp4	0.0	207.48845410346985	1.0000879764556885
24	134.23664212226868	pulse	0	t		22.0	2.5	/experiments/knapen_AOT/AOT_stimuli/rescaled_final/0123_fw.mp4	0.0	207.671884059906	
24	135.0533001422882	movie	1		243	22.0	2.5	/experiments/knapen_AOT/AOT_stimuli/rescaled_final/0123_fw.mp4	0.0	208.48854207992554	2.5003509521484375
24	135.8370180130005	pulse	1	t		22.0	2.5	/experiments/knapen_AOT/AOT_stimuli/rescaled_final/0123_fw.mp4	0.0	209.27225995063782	
24	137.43715810775757	pulse	1	t		22.0	2.5	/experiments/knapen_AOT/AOT_stimuli/rescaled_final/0123_fw.mp4	0.0	210.8724000453949	
24	137.55365109443665	fix_post	2		12	22.0	2.5	/experiments/knapen_AOT/AOT_stimuli/rescaled_final/0123_fw.mp4	0.0	210.98889303207397	0.10000109672546387
25	137.6536521911621	fix_pre	0		120	23.0	2.5	/experiments/knapen_AOT/AOT_stimuli/rescaled_final/0870_fw.mp4	0.0	211.08889412879944	1.0001578330993652
25	138.65381002426147	movie	1		242	23.0	2.5	/experiments/knapen_AOT/AOT_stimuli/rescaled_final/0870_fw.mp4	0.0	212.0890519618988	2.4920620918273926
25	139.03795504570007	pulse	1	t		23.0	2.5	/experiments/knapen_AOT/AOT_stimuli/rescaled_final/0870_fw.mp4	0.0	212.4731969833374	
25	140.63759899139404	pulse	1	t		23.0	2.5	/experiments/knapen_AOT/AOT_stimuli/rescaled_final/0870_fw.mp4	0.0	214.07284092903137	
25	141.14587211608887	fix_post	2		12	23.0	2.5	/experiments/knapen_AOT/AOT_stimuli/rescaled_final/0870_fw.mp4	0.0	214.5811140537262	0.09998202323913574
26	141.245854139328	fix_pre	0		120	24.0	2.5	/experiments/knapen_AOT/AOT_stimuli/rescaled_final/1669_rv.mp4	0.0	214.68109607696533	1.0001490116119385
26	142.2380120754242	pulse	0	t		24.0	2.5	/experiments/knapen_AOT/AOT_stimuli/rescaled_final/1669_rv.mp4	0.0	215.67325401306152	
26	142.24600315093994	movie	1		245	24.0	2.5	/experiments/knapen_AOT/AOT_stimuli/rescaled_final/1669_rv.mp4	0.0	215.68124508857727	2.508733034133911
26	143.83856511116028	pulse	1	t		24.0	2.5	/experiments/knapen_AOT/AOT_stimuli/rescaled_final/1669_rv.mp4	0.0	217.2738070487976	
26	144.75473618507385	fix_post	2		12	24.0	2.5	/experiments/knapen_AOT/AOT_stimuli/rescaled_final/1669_rv.mp4	0.0	218.18997812271118	0.09999895095825195
27	144.8547351360321	fix_pre	0		120	25.0	2.5	/experiments/knapen_AOT/AOT_stimuli/rescaled_final/0781_rv.mp4	0.0	218.28997707366943	1.0001749992370605
27	145.4384241104126	pulse	0	t		25.0	2.5	/experiments/knapen_AOT/AOT_stimuli/rescaled_final/0781_rv.mp4	0.0	218.87366604804993	
27	145.85491013526917	movie	1		245	25.0	2.5	/experiments/knapen_AOT/AOT_stimuli/rescaled_final/0781_rv.mp4	0.0	219.2901520729065	2.5003819465637207
27	147.0386040210724	pulse	1	t		25.0	2.5	/experiments/knapen_AOT/AOT_stimuli/rescaled_final/0781_rv.mp4	0.0	220.47384595870972	
27	148.35529208183289	fix_post	2		12	25.0	2.5	/experiments/knapen_AOT/AOT_stimuli/rescaled_final/0781_rv.mp4	0.0	221.79053401947021	0.10000491142272949
28	148.45529699325562	fix_pre	0		120	26.0	2.5	blank	1.0	221.89053893089294	1.000143051147461
28	148.63885307312012	pulse	0	t		26.0	2.5	blank	1.0	222.07409501075745	
28	149.45544004440308	movie	1		300	26.0	2.5	blank	1.0	222.8906819820404	2.5003621578216553
28	150.2392292022705	pulse	1	t		26.0	2.5	blank	1.0	223.67447113990784	
28	151.8394010066986	pulse	1	t		26.0	2.5	blank	1.0	225.27464294433594	
28	151.95580220222473	fix_post	2		12	26.0	2.5	blank	1.0	225.39104413986206	0.1000058650970459
29	152.05580806732178	fix_pre	0		120	27.0	2.5	/experiments/knapen_AOT/AOT_stimuli/rescaled_final/1332_fw.mp4	0.0	225.4910500049591	1.0001909732818604
29	153.05599904060364	movie	1		242	27.0	2.5	/experiments/knapen_AOT/AOT_stimuli/rescaled_final/1332_fw.mp4	0.0	226.49124097824097	2.491995096206665
29	153.44028210639954	pulse	1	t		27.0	2.5	/experiments/knapen_AOT/AOT_stimuli/rescaled_final/1332_fw.mp4	0.0	226.87552404403687	
29	155.03976607322693	pulse	1	t		27.0	2.5	/experiments/knapen_AOT/AOT_stimuli/rescaled_final/1332_fw.mp4	0.0	228.47500801086426	
29	155.5479941368103	fix_post	2		12	27.0	2.5	/experiments/knapen_AOT/AOT_stimuli/rescaled_final/1332_fw.mp4	0.0	228.98323607444763	0.1000058650970459
30	155.64800000190735	fix_pre	0		120	28.0	2.5	/experiments/knapen_AOT/AOT_stimuli/rescaled_final/2151_fw.mp4	0.0	229.08324193954468	1.0001721382141113
30	156.64013504981995	pulse	0	t		28.0	2.5	/experiments/knapen_AOT/AOT_stimuli/rescaled_final/2151_fw.mp4	0.0	230.07537698745728	
30	156.64817214012146	movie	1		246	28.0	2.5	/experiments/knapen_AOT/AOT_stimuli/rescaled_final/2151_fw.mp4	0.0	230.0834140777588	2.5087149143218994
30	158.24488019943237	pulse	1	t		28.0	2.5	/experiments/knapen_AOT/AOT_stimuli/rescaled_final/2151_fw.mp4	0.0	231.6801221370697	
30	159.15688705444336	fix_post	2		12	28.0	2.5	/experiments/knapen_AOT/AOT_stimuli/rescaled_final/2151_fw.mp4	0.0	232.5921289920807	0.10006308555603027
31	159.2569501399994	fix_pre	0		120	29.0	2.5	/experiments/knapen_AOT/AOT_stimuli/rescaled_final/0461_rv.mp4	0.0	232.69219207763672	1.0000989437103271
31	159.8405601978302	pulse	0	t		29.0	2.5	/experiments/knapen_AOT/AOT_stimuli/rescaled_final/0461_rv.mp4	0.0	233.27580213546753	
31	160.25704908370972	movie	1		241	29.0	2.5	/experiments/knapen_AOT/AOT_stimuli/rescaled_final/0461_rv.mp4	0.0	233.69229102134705	2.5003480911254883
31	161.44082307815552	pulse	1	t		29.0	2.5	/experiments/knapen_AOT/AOT_stimuli/rescaled_final/0461_rv.mp4	0.0	234.87606501579285	
31	162.7573971748352	fix_post	2		12	29.0	2.5	/experiments/knapen_AOT/AOT_stimuli/rescaled_final/0461_rv.mp4	0.0	236.19263911247253	0.10007500648498535
32	162.8574721813202	fix_pre	0		120	30.0	2.5	/experiments/knapen_AOT/AOT_stimuli/rescaled_final/1391_rv.mp4	0.0	236.29271411895752	1.0000989437103271
32	163.03340101242065	pulse	0	t		30.0	2.5	/experiments/knapen_AOT/AOT_stimuli/rescaled_final/1391_rv.mp4	0.0	236.46864295005798	
32	163.85757112503052	movie	1		243	30.0	2.5	/experiments/knapen_AOT/AOT_stimuli/rescaled_final/1391_rv.mp4	0.0	237.29281306266785	2.5003840923309326
32	164.63383507728577	pulse	1	t		30.0	2.5	/experiments/knapen_AOT/AOT_stimuli/rescaled_final/1391_rv.mp4	0.0	238.0690770149231	
32	166.24145221710205	pulse	1	t		30.0	2.5	/experiments/knapen_AOT/AOT_stimuli/rescaled_final/1391_rv.mp4	0.0	239.67669415473938	
32	166.35795521736145	fix_post	2		12	30.0	2.5	/experiments/knapen_AOT/AOT_stimuli/rescaled_final/1391_rv.mp4	0.0	239.79319715499878	0.1000218391418457
33	166.4579770565033	fix_pre	0		120	31.0	2.5	/experiments/knapen_AOT/AOT_stimuli/rescaled_final/1914_fw.mp4	0.0	239.89321899414062	1.0001709461212158
33	167.4581480026245	movie	1		244	31.0	2.5	/experiments/knapen_AOT/AOT_stimuli/rescaled_final/1914_fw.mp4	0.0	240.89338994026184	2.49204421043396
33	167.84215903282166	pulse	1	t		31.0	2.5	/experiments/knapen_AOT/AOT_stimuli/rescaled_final/1914_fw.mp4	0.0	241.27740097045898	
33	169.4338080883026	pulse	1	t		31.0	2.5	/experiments/knapen_AOT/AOT_stimuli/rescaled_final/1914_fw.mp4	0.0	242.86905002593994	
33	169.95019221305847	fix_post	2		12	31.0	2.5	/experiments/knapen_AOT/AOT_stimuli/rescaled_final/1914_fw.mp4	0.0	243.3854341506958	0.09998583793640137
34	170.05017805099487	fix_pre	0		119	32.0	2.5	/experiments/knapen_AOT/AOT_stimuli/rescaled_final/0127_rv.mp4	0.0	243.4854199886322	0.9918010234832764
34	171.03377509117126	pulse	0	t		32.0	2.5	/experiments/knapen_AOT/AOT_stimuli/rescaled_final/0127_rv.mp4	0.0	244.4690170288086	
34	171.04197907447815	movie	1		245	32.0	2.5	/experiments/knapen_AOT/AOT_stimuli/rescaled_final/0127_rv.mp4	0.0	244.47722101211548	2.5087060928344727
34	172.63471508026123	pulse	1	t		32.0	2.5	/experiments/knapen_AOT/AOT_stimuli/rescaled_final/0127_rv.mp4	0.0	246.06995701789856	
34	173.55068516731262	fix_post	2		12	32.0	2.5	/experiments/knapen_AOT/AOT_stimuli/rescaled_final/0127_rv.mp4	0.0	246.98592710494995	0.10001397132873535
35	173.65069913864136	fix_pre	0		120	33.0	2.5	/experiments/knapen_AOT/AOT_stimuli/rescaled_final/1332_rv.mp4	0.0	247.0859410762787	1.0001380443572998
35	174.23431611061096	pulse	0	t		33.0	2.5	/experiments/knapen_AOT/AOT_stimuli/rescaled_final/1332_rv.mp4	0.0	247.6695580482483	
35	174.65083718299866	movie	1		243	33.0	2.5	/experiments/knapen_AOT/AOT_stimuli/rescaled_final/1332_rv.mp4	0.0	248.086079120636	2.5004048347473145
35	175.83460021018982	pulse	1	t		33.0	2.5	/experiments/knapen_AOT/AOT_stimuli/rescaled_final/1332_rv.mp4	0.0	249.26984214782715	
35	177.15124201774597	fix_post	2		12	33.0	2.5	/experiments/knapen_AOT/AOT_stimuli/rescaled_final/1332_rv.mp4	0.0	250.5864839553833	0.09999608993530273
36	177.25123810768127	fix_pre	0		120	34.0	2.5	/experiments/knapen_AOT/AOT_stimuli/rescaled_final/0414_fw.mp4	0.0	250.6864800453186	1.000135898590088
36	177.43484807014465	pulse	0	t		34.0	2.5	/experiments/knapen_AOT/AOT_stimuli/rescaled_final/0414_fw.mp4	0.0	250.87009000778198	
36	178.25137400627136	movie	1		243	34.0	2.5	/experiments/knapen_AOT/AOT_stimuli/rescaled_final/0414_fw.mp4	0.0	251.6866159439087	2.500373125076294
36	179.03499102592468	pulse	1	t		34.0	2.5	/experiments/knapen_AOT/AOT_stimuli/rescaled_final/0414_fw.mp4	0.0	252.470232963562	
36	180.63532900810242	pulse	1	t		34.0	2.5	/experiments/knapen_AOT/AOT_stimuli/rescaled_final/0414_fw.mp4	0.0	254.07057094573975	
36	180.75174713134766	fix_post	2		12	34.0	2.5	/experiments/knapen_AOT/AOT_stimuli/rescaled_final/0414_fw.mp4	0.0	254.18698906898499	0.1000368595123291
37	180.85178399085999	fix_pre	0		120	35.0	2.5	blank	1.0	254.28702592849731	1.0001511573791504
37	181.85193514823914	movie	1		299	35.0	2.5	blank	1.0	255.28717708587646	2.492032051086426
37	182.23555207252502	pulse	1	t		35.0	2.5	blank	1.0	255.67079401016235	
37	183.83574318885803	pulse	1	t		35.0	2.5	blank	1.0	257.27098512649536	
37	184.34396719932556	fix_post	2		12	35.0	2.5	blank	1.0	257.7792091369629	0.10003280639648438
38	184.44400000572205	fix_pre	0		120	36.0	2.5	/experiments/knapen_AOT/AOT_stimuli/rescaled_final/1479_rv.mp4	0.0	257.8792419433594	1.0001211166381836
38	185.43600916862488	pulse	0	t		36.0	2.5	/experiments/knapen_AOT/AOT_stimuli/rescaled_final/1479_rv.mp4	0.0	258.8712511062622	
38	185.44412112236023	movie	1		244	36.0	2.5	/experiments/knapen_AOT/AOT_stimuli/rescaled_final/1479_rv.mp4	0.0	258.87936305999756	2.508723020553589
38	187.03668808937073	pulse	1	t		36.0	2.5	/experiments/knapen_AOT/AOT_stimuli/rescaled_final/1479_rv.mp4	0.0	260.47193002700806	
38	187.95284414291382	fix_post	2		12	36.0	2.5	/experiments/knapen_AOT/AOT_stimuli/rescaled_final/1479_rv.mp4	0.0	261.38808608055115	0.09999799728393555
39	188.05284214019775	fix_pre	0		120	37.0	2.5	/experiments/knapen_AOT/AOT_stimuli/rescaled_final/1843_rv.mp4	0.0	261.4880840778351	1.0001499652862549
39	188.63654398918152	pulse	0	t		37.0	2.5	/experiments/knapen_AOT/AOT_stimuli/rescaled_final/1843_rv.mp4	0.0	262.07178592681885	
39	189.052992105484	movie	1		244	37.0	2.5	/experiments/knapen_AOT/AOT_stimuli/rescaled_final/1843_rv.mp4	0.0	262.48823404312134	2.5003819465637207
39	190.23677015304565	pulse	1	t		37.0	2.5	/experiments/knapen_AOT/AOT_stimuli/rescaled_final/1843_rv.mp4	0.0	263.672012090683	
39	191.55337405204773	fix_post	2		12	37.0	2.5	/experiments/knapen_AOT/AOT_stimuli/rescaled_final/1843_rv.mp4	0.0	264.98861598968506	0.09999704360961914
40	191.65337109565735	fix_pre	0		120	38.0	2.5	/experiments/knapen_AOT/AOT_stimuli/rescaled_final/0894_fw.mp4	0.0	265.0886130332947	1.000180959701538
40	191.8369460105896	pulse	0	t		38.0	2.5	/experiments/knapen_AOT/AOT_stimuli/rescaled_final/0894_fw.mp4	0.0	265.27218794822693	
40	192.6535520553589	movie	1		243	38.0	2.5	/experiments/knapen_AOT/AOT_stimuli/rescaled_final/0894_fw.mp4	0.0	266.0887939929962	2.5003480911254883
40	193.43718314170837	pulse	1	t		38.0	2.5	/experiments/knapen_AOT/AOT_stimuli/rescaled_final/0894_fw.mp4	0.0	266.8724250793457	
40	195.03723120689392	pulse	1	t		38.0	2.5	/experiments/knapen_AOT/AOT_stimuli/rescaled_final/0894_fw.mp4	0.0	268.47247314453125	
40	195.15390014648438	fix_post	2		12	38.0	2.5	/experiments/knapen_AOT/AOT_stimuli/rescaled_final/0894_fw.mp4	0.0	268.5891420841217	0.10003185272216797
41	195.25393199920654	fix_pre	0		120	39.0	2.5	/experiments/knapen_AOT/AOT_stimuli/rescaled_final/1145_fw.mp4	0.0	268.6891739368439	1.0001120567321777
41	196.25404405593872	movie	1		244	39.0	2.5	/experiments/knapen_AOT/AOT_stimuli/rescaled_final/1145_fw.mp4	0.0	269.68928599357605	2.4920849800109863
41	196.6430070400238	pulse	1	t		39.0	2.5	/experiments/knapen_AOT/AOT_stimuli/rescaled_final/1145_fw.mp4	0.0	270.07824897766113	
41	198.23800921440125	pulse	1	t		39.0	2.5	/experiments/knapen_AOT/AOT_stimuli/rescaled_final/1145_fw.mp4	0.0	271.6732511520386	
41	198.7461290359497	fix_post	2		12	39.0	2.5	/experiments/knapen_AOT/AOT_stimuli/rescaled_final/1145_fw.mp4	0.0	272.18137097358704	0.09999203681945801
42	198.84612107276917	fix_pre	0		120	40.0	2.5	blank	1.0	272.2813630104065	1.0001580715179443
42	199.83816409111023	pulse	0	t		40.0	2.5	blank	1.0	273.27340602874756	
42	199.8462791442871	movie	1		301	40.0	2.5	blank	1.0	273.28152108192444	2.5087978839874268
42	201.43838000297546	pulse	1	t		40.0	2.5	blank	1.0	274.8736219406128	
42	202.35507702827454	fix_post	2		12	40.0	2.5	blank	1.0	275.79031896591187	0.0999600887298584
43	202.4550371170044	fix_pre	0		120	41.0	2.5	/experiments/knapen_AOT/AOT_stimuli/rescaled_final/0936_fw.mp4	0.0	275.8902790546417	1.0001389980316162
43	203.03859901428223	pulse	0	t		41.0	2.5	/experiments/knapen_AOT/AOT_stimuli/rescaled_final/0936_fw.mp4	0.0	276.47384095191956	
43	203.455176115036	movie	1		244	41.0	2.5	/experiments/knapen_AOT/AOT_stimuli/rescaled_final/0936_fw.mp4	0.0	276.89041805267334	2.50042986869812
43	204.638934135437	pulse	1	t		41.0	2.5	/experiments/knapen_AOT/AOT_stimuli/rescaled_final/0936_fw.mp4	0.0	278.07417607307434	
43	205.95560598373413	fix_post	2		12	41.0	2.5	/experiments/knapen_AOT/AOT_stimuli/rescaled_final/0936_fw.mp4	0.0	279.39084792137146	0.09991312026977539
44	206.0555191040039	fix_pre	0		120	42.0	2.5	/experiments/knapen_AOT/AOT_stimuli/rescaled_final/0425_rv.mp4	0.0	279.49076104164124	1.0001919269561768
44	206.2391481399536	pulse	0	t		42.0	2.5	/experiments/knapen_AOT/AOT_stimuli/rescaled_final/0425_rv.mp4	0.0	279.67439007759094	
44	207.05571103096008	movie	1		244	42.0	2.5	/experiments/knapen_AOT/AOT_stimuli/rescaled_final/0425_rv.mp4	0.0	280.4909529685974	2.5003530979156494
44	207.83930802345276	pulse	1	t		42.0	2.5	/experiments/knapen_AOT/AOT_stimuli/rescaled_final/0425_rv.mp4	0.0	281.2745499610901	
44	209.43961215019226	pulse	1	t		42.0	2.5	/experiments/knapen_AOT/AOT_stimuli/rescaled_final/0425_rv.mp4	0.0	282.8748540878296	
44	209.55606412887573	fix_post	2		12	42.0	2.5	/experiments/knapen_AOT/AOT_stimuli/rescaled_final/0425_rv.mp4	0.0	282.99130606651306	0.1000828742980957
45	209.65614700317383	fix_pre	0		120	43.0	2.5	/experiments/knapen_AOT/AOT_stimuli/rescaled_final/1011_rv.mp4	0.0	283.09138894081116	1.0000979900360107
45	210.65624499320984	movie	1		243	43.0	2.5	/experiments/knapen_AOT/AOT_stimuli/rescaled_final/1011_rv.mp4	0.0	284.09148693084717	2.4920361042022705
45	211.04110503196716	pulse	1	t		43.0	2.5	/experiments/knapen_AOT/AOT_stimuli/rescaled_final/1011_rv.mp4	0.0	284.4763469696045	
45	212.640212059021	pulse	1	t		43.0	2.5	/experiments/knapen_AOT/AOT_stimuli/rescaled_final/1011_rv.mp4	0.0	286.0754539966583	
45	213.1482810974121	fix_post	2		12	43.0	2.5	/experiments/knapen_AOT/AOT_stimuli/rescaled_final/1011_rv.mp4	0.0	286.58352303504944	0.09999608993530273
46	213.2482771873474	fix_pre	0		120	44.0	2.5	/experiments/knapen_AOT/AOT_stimuli/rescaled_final/1479_fw.mp4	0.0	286.68351912498474	1.0001389980316162
46	214.24032998085022	pulse	0	t		44.0	2.5	/experiments/knapen_AOT/AOT_stimuli/rescaled_final/1479_fw.mp4	0.0	287.67557191848755	
46	214.24841618537903	movie	1		244	44.0	2.5	/experiments/knapen_AOT/AOT_stimuli/rescaled_final/1479_fw.mp4	0.0	287.68365812301636	2.508809804916382
46	215.84196710586548	pulse	1	t		44.0	2.5	/experiments/knapen_AOT/AOT_stimuli/rescaled_final/1479_fw.mp4	0.0	289.2772090435028	
46	216.7572259902954	fix_post	2		12	44.0	2.5	/experiments/knapen_AOT/AOT_stimuli/rescaled_final/1479_fw.mp4	0.0	290.19246792793274	0.09994101524353027
47	216.85716700553894	fix_pre	0		120	45.0	2.5	/experiments/knapen_AOT/AOT_stimuli/rescaled_final/2143_rv.mp4	0.0	290.29240894317627	1.0001420974731445
47	217.4333519935608	pulse	0	t		45.0	2.5	/experiments/knapen_AOT/AOT_stimuli/rescaled_final/2143_rv.mp4	0.0	290.8685939311981	
47	217.85730910301208	movie	1		243	45.0	2.5	/experiments/knapen_AOT/AOT_stimuli/rescaled_final/2143_rv.mp4	0.0	291.2925510406494	2.5003631114959717
47	219.03337502479553	pulse	1	t		45.0	2.5	/experiments/knapen_AOT/AOT_stimuli/rescaled_final/2143_rv.mp4	0.0	292.46861696243286	
47	220.35767221450806	fix_post	2		9	45.0	2.5	/experiments/knapen_AOT/AOT_stimuli/rescaled_final/2143_rv.mp4	0.0	293.7929141521454	0.10007381439208984
48	220.45774602890015	fix_pre	0		120	46.0	2.5	/experiments/knapen_AOT/AOT_stimuli/rescaled_final/0086_fw.mp4	0.0	293.8929879665375	1.0000801086425781
48	220.63368606567383	pulse	0	t		46.0	2.5	/experiments/knapen_AOT/AOT_stimuli/rescaled_final/0086_fw.mp4	0.0	294.06892800331116	
48	221.45782613754272	movie	1		243	46.0	2.5	/experiments/knapen_AOT/AOT_stimuli/rescaled_final/0086_fw.mp4	0.0	294.89306807518005	2.500377893447876
48	222.23326301574707	pulse	1	t		46.0	2.5	/experiments/knapen_AOT/AOT_stimuli/rescaled_final/0086_fw.mp4	0.0	295.6685049533844	
48	223.83336114883423	pulse	1	t		46.0	2.5	/experiments/knapen_AOT/AOT_stimuli/rescaled_final/0086_fw.mp4	0.0	297.26860308647156	
48	223.9582040309906	fix_post	2		12	46.0	2.5	/experiments/knapen_AOT/AOT_stimuli/rescaled_final/0086_fw.mp4	0.0	297.39344596862793	0.10003900527954102
49	224.05824303627014	fix_pre	0		119	47.0	2.5	/experiments/knapen_AOT/AOT_stimuli/rescaled_final/0252_fw.mp4	0.0	297.49348497390747	0.9917721748352051
49	225.05001521110535	movie	1		244	47.0	2.5	/experiments/knapen_AOT/AOT_stimuli/rescaled_final/0252_fw.mp4	0.0	298.4852571487427	2.5003910064697266
49	225.4385061264038	pulse	1	t		47.0	2.5	/experiments/knapen_AOT/AOT_stimuli/rescaled_final/0252_fw.mp4	0.0	298.87374806404114	
49	227.03395700454712	pulse	1	t		47.0	2.5	/experiments/knapen_AOT/AOT_stimuli/rescaled_final/0252_fw.mp4	0.0	300.46919894218445	
49	227.55040621757507	fix_post	2		12	47.0	2.5	/experiments/knapen_AOT/AOT_stimuli/rescaled_final/0252_fw.mp4	0.0	300.9856481552124	0.10001993179321289
50	227.6504261493683	fix_pre	0		119	48.0	2.5	blank	1.0	301.0856680870056	0.9918198585510254
50	228.63419198989868	pulse	0	t		48.0	2.5	blank	1.0	302.069433927536	
50	228.6422460079193	movie	1		301	48.0	2.5	blank	1.0	302.07748794555664	2.508697986602783
50	230.23440408706665	pulse	1	t		48.0	2.5	blank	1.0	303.669646024704	
50	231.1509439945221	fix_post	2		12	48.0	2.5	blank	1.0	304.5861859321594	0.1001729965209961
51	231.2511169910431	fix_pre	0		120	49.0	2.5	/experiments/knapen_AOT/AOT_stimuli/rescaled_final/1498_fw.mp4	0.0	304.6863589286804	0.9999921321868896
51	231.83451509475708	pulse	0	t		49.0	2.5	/experiments/knapen_AOT/AOT_stimuli/rescaled_final/1498_fw.mp4	0.0	305.2697570323944	
51	232.25110912322998	movie	1		243	49.0	2.5	/experiments/knapen_AOT/AOT_stimuli/rescaled_final/1498_fw.mp4	0.0	305.6863510608673	2.5003719329833984
51	233.43490600585938	pulse	1	t		49.0	2.5	/experiments/knapen_AOT/AOT_stimuli/rescaled_final/1498_fw.mp4	0.0	306.8701479434967	
51	234.75148105621338	fix_post	2		12	49.0	2.5	/experiments/knapen_AOT/AOT_stimuli/rescaled_final/1498_fw.mp4	0.0	308.1867229938507	0.1000070571899414
52	234.85148811340332	fix_pre	0		120	50.0	2.5	/experiments/knapen_AOT/AOT_stimuli/rescaled_final/1684_fw.mp4	0.0	308.28673005104065	1.0002379417419434
52	235.03513503074646	pulse	0	t		50.0	2.5	/experiments/knapen_AOT/AOT_stimuli/rescaled_final/1684_fw.mp4	0.0	308.4703769683838	
52	235.85172605514526	movie	1		244	50.0	2.5	/experiments/knapen_AOT/AOT_stimuli/rescaled_final/1684_fw.mp4	0.0	309.2869679927826	2.500309944152832
52	236.63545608520508	pulse	1	t		50.0	2.5	/experiments/knapen_AOT/AOT_stimuli/rescaled_final/1684_fw.mp4	0.0	310.0706980228424	
52	238.2355182170868	pulse	1	t		50.0	2.5	/experiments/knapen_AOT/AOT_stimuli/rescaled_final/1684_fw.mp4	0.0	311.6707601547241	
52	238.3520359992981	fix_post	2		12	50.0	2.5	/experiments/knapen_AOT/AOT_stimuli/rescaled_final/1684_fw.mp4	0.0	311.7872779369354	0.1000051498413086
53	238.4520411491394	fix_pre	0		120	51.0	2.5	/experiments/knapen_AOT/AOT_stimuli/rescaled_final/0822_rv.mp4	0.0	311.88728308677673	1.00016188621521
53	239.45220303535461	movie	1		244	51.0	2.5	/experiments/knapen_AOT/AOT_stimuli/rescaled_final/0822_rv.mp4	0.0	312.88744497299194	2.492061138153076
53	239.8363389968872	pulse	1	t		51.0	2.5	/experiments/knapen_AOT/AOT_stimuli/rescaled_final/0822_rv.mp4	0.0	313.27158093452454	
53	241.43616008758545	pulse	1	t		51.0	2.5	/experiments/knapen_AOT/AOT_stimuli/rescaled_final/0822_rv.mp4	0.0	314.8714020252228	
53	241.9442641735077	fix_post	2		12	51.0	2.5	/experiments/knapen_AOT/AOT_stimuli/rescaled_final/0822_rv.mp4	0.0	315.379506111145	0.1000068187713623
54	242.04427099227905	fix_pre	0		120	52.0	2.5	/experiments/knapen_AOT/AOT_stimuli/rescaled_final/1772_fw.mp4	0.0	315.4795129299164	1.0001881122589111
54	243.03632521629333	pulse	0	t		52.0	2.5	/experiments/knapen_AOT/AOT_stimuli/rescaled_final/1772_fw.mp4	0.0	316.47156715393066	
54	243.04445910453796	movie	1		245	52.0	2.5	/experiments/knapen_AOT/AOT_stimuli/rescaled_final/1772_fw.mp4	0.0	316.4797010421753	2.5086491107940674
54	244.63699221611023	pulse	1	t		52.0	2.5	/experiments/knapen_AOT/AOT_stimuli/rescaled_final/1772_fw.mp4	0.0	318.07223415374756	
54	245.55310821533203	fix_post	2		12	52.0	2.5	/experiments/knapen_AOT/AOT_stimuli/rescaled_final/1772_fw.mp4	0.0	318.98835015296936	0.10004997253417969
55	245.6531581878662	fix_pre	0		120	53.0	2.5	/experiments/knapen_AOT/AOT_stimuli/rescaled_final/1768_fw.mp4	0.0	319.08840012550354	1.0001118183135986
55	246.2367241382599	pulse	0	t		53.0	2.5	/experiments/knapen_AOT/AOT_stimuli/rescaled_final/1768_fw.mp4	0.0	319.6719660758972	
55	246.6532700061798	movie	1		244	53.0	2.5	/experiments/knapen_AOT/AOT_stimuli/rescaled_final/1768_fw.mp4	0.0	320.08851194381714	2.5003621578216553
55	247.83711004257202	pulse	1	t		53.0	2.5	/experiments/knapen_AOT/AOT_stimuli/rescaled_final/1768_fw.mp4	0.0	321.27235198020935	
55	249.15363216400146	fix_post	2		12	53.0	2.5	/experiments/knapen_AOT/AOT_stimuli/rescaled_final/1768_fw.mp4	0.0	322.5888741016388	0.10003304481506348
56	249.25366520881653	fix_pre	0		120	54.0	2.5	blank	1.0	322.68890714645386	1.0001318454742432
56	249.43733310699463	pulse	0	t		54.0	2.5	blank	1.0	322.87257504463196	
56	250.25379705429077	movie	1		300	54.0	2.5	blank	1.0	323.6890389919281	2.5003859996795654
56	251.03749418258667	pulse	1	t		54.0	2.5	blank	1.0	324.472736120224	
56	252.63762998580933	pulse	1	t		54.0	2.5	blank	1.0	326.07287192344666	
56	252.75418305397034	fix_post	2		12	54.0	2.5	blank	1.0	326.18942499160767	0.10004115104675293
57	252.8542242050171	fix_pre	0		120	55.0	2.5	/experiments/knapen_AOT/AOT_stimuli/rescaled_final/0481_fw.mp4	0.0	326.2894661426544	1.0001158714294434
57	253.85434007644653	movie	1		244	55.0	2.5	/experiments/knapen_AOT/AOT_stimuli/rescaled_final/0481_fw.mp4	0.0	327.28958201408386	2.4919910430908203
57	254.23854517936707	pulse	1	t		55.0	2.5	/experiments/knapen_AOT/AOT_stimuli/rescaled_final/0481_fw.mp4	0.0	327.6737871170044	
57	255.83825016021729	pulse	1	t		55.0	2.5	/experiments/knapen_AOT/AOT_stimuli/rescaled_final/0481_fw.mp4	0.0	329.2734920978546	
57	256.34633111953735	fix_post	2		12	55.0	2.5	/experiments/knapen_AOT/AOT_stimuli/rescaled_final/0481_fw.mp4	0.0	329.7815730571747	0.10014104843139648
58	256.44647216796875	fix_pre	0		120	56.0	2.5	/experiments/knapen_AOT/AOT_stimuli/rescaled_final/0781_fw.mp4	0.0	329.8817141056061	1.000046968460083
58	257.4384710788727	pulse	0	t		56.0	2.5	/experiments/knapen_AOT/AOT_stimuli/rescaled_final/0781_fw.mp4	0.0	330.87371301651	
58	257.44651913642883	movie	1		246	56.0	2.5	/experiments/knapen_AOT/AOT_stimuli/rescaled_final/0781_fw.mp4	0.0	330.88176107406616	2.508760929107666
58	259.03924918174744	pulse	1	t		56.0	2.5	/experiments/knapen_AOT/AOT_stimuli/rescaled_final/0781_fw.mp4	0.0	332.47449111938477	
58	259.9552800655365	fix_post	2		12	56.0	2.5	/experiments/knapen_AOT/AOT_stimuli/rescaled_final/0781_fw.mp4	0.0	333.3905220031738	0.10004591941833496
59	260.05532598495483	fix_pre	0		120	57.0	2.5	/experiments/knapen_AOT/AOT_stimuli/rescaled_final/1145_fw.mp4	0.0	333.49056792259216	1.0000951290130615
59	260.63885498046875	pulse	0	t		57.0	2.5	/experiments/knapen_AOT/AOT_stimuli/rescaled_final/1145_fw.mp4	0.0	334.0740969181061	
59	261.0554211139679	movie	1		246	57.0	2.5	/experiments/knapen_AOT/AOT_stimuli/rescaled_final/1145_fw.mp4	0.0	334.4906630516052	2.5003929138183594
59	262.2393400669098	pulse	1	t		57.0	2.5	/experiments/knapen_AOT/AOT_stimuli/rescaled_final/1145_fw.mp4	0.0	335.6745820045471	
59	263.55581402778625	fix_post	2		12	57.0	2.5	/experiments/knapen_AOT/AOT_stimuli/rescaled_final/1145_fw.mp4	0.0	336.9910559654236	0.09998917579650879
60	263.65580320358276	fix_pre	0		120	58.0	2.5	/experiments/knapen_AOT/AOT_stimuli/rescaled_final/1660_fw.mp4	0.0	337.0910451412201	1.0001490116119385
60	263.8394811153412	pulse	0	t		58.0	2.5	/experiments/knapen_AOT/AOT_stimuli/rescaled_final/1660_fw.mp4	0.0	337.2747230529785	
60	264.6559522151947	movie	1		245	58.0	2.5	/experiments/knapen_AOT/AOT_stimuli/rescaled_final/1660_fw.mp4	0.0	338.09119415283203	2.500361919403076
60	265.4395761489868	pulse	1	t		58.0	2.5	/experiments/knapen_AOT/AOT_stimuli/rescaled_final/1660_fw.mp4	0.0	338.87481808662415	
60	267.03770303726196	pulse	1	t		58.0	2.5	/experiments/knapen_AOT/AOT_stimuli/rescaled_final/1660_fw.mp4	0.0	340.4729449748993	
60	267.1563141345978	fix_post	2		12	58.0	2.5	/experiments/knapen_AOT/AOT_stimuli/rescaled_final/1660_fw.mp4	0.0	340.5915560722351	0.10000991821289062
61	267.25632405281067	fix_pre	0		120	59.0	2.5	/experiments/knapen_AOT/AOT_stimuli/rescaled_final/1107_rv.mp4	0.0	340.691565990448	1.0001630783081055
61	268.2564871311188	movie	1		242	59.0	2.5	/experiments/knapen_AOT/AOT_stimuli/rescaled_final/1107_rv.mp4	0.0	341.6917290687561	2.492048978805542
61	268.64080119132996	pulse	1	t		59.0	2.5	/experiments/knapen_AOT/AOT_stimuli/rescaled_final/1107_rv.mp4	0.0	342.0760431289673	
61	270.2404191493988	pulse	1	t		59.0	2.5	/experiments/knapen_AOT/AOT_stimuli/rescaled_final/1107_rv.mp4	0.0	343.67566108703613	
61	270.7485361099243	fix_post	2		12	59.0	2.5	/experiments/knapen_AOT/AOT_stimuli/rescaled_final/1107_rv.mp4	0.0	344.18377804756165	0.09995889663696289
62	270.8484950065613	fix_pre	0		120	60.0	2.5	/experiments/knapen_AOT/AOT_stimuli/rescaled_final/1490_rv.mp4	0.0	344.2837369441986	1.0001552104949951
62	271.84051513671875	pulse	0	t		60.0	2.5	/experiments/knapen_AOT/AOT_stimuli/rescaled_final/1490_rv.mp4	0.0	345.2757570743561	
62	271.8486502170563	movie	1		245	60.0	2.5	/experiments/knapen_AOT/AOT_stimuli/rescaled_final/1490_rv.mp4	0.0	345.2838921546936	2.508753776550293
62	273.44219303131104	pulse	1	t		60.0	2.5	/experiments/knapen_AOT/AOT_stimuli/rescaled_final/1490_rv.mp4	0.0	346.87743496894836	
62	274.35740399360657	fix_post	2		12	60.0	2.5	/experiments/knapen_AOT/AOT_stimuli/rescaled_final/1490_rv.mp4	0.0	347.7926459312439	0.09999704360961914
63	274.4574010372162	fix_pre	0		120	61.0	2.5	/experiments/knapen_AOT/AOT_stimuli/rescaled_final/1436_rv.mp4	0.0	347.8926429748535	1.0001909732818604
63	275.0410451889038	pulse	0	t		61.0	2.5	/experiments/knapen_AOT/AOT_stimuli/rescaled_final/1436_rv.mp4	0.0	348.47628712654114	
63	275.45759201049805	movie	1		245	61.0	2.5	/experiments/knapen_AOT/AOT_stimuli/rescaled_final/1436_rv.mp4	0.0	348.8928339481354	2.500357151031494
63	276.6412920951843	pulse	1	t		61.0	2.5	/experiments/knapen_AOT/AOT_stimuli/rescaled_final/1436_rv.mp4	0.0	350.07653403282166	
63	277.95794916152954	fix_post	2		12	61.0	2.5	/experiments/knapen_AOT/AOT_stimuli/rescaled_final/1436_rv.mp4	0.0	351.39319109916687	0.09999299049377441
64	278.0579421520233	fix_pre	0		120	62.0	2.5	/experiments/knapen_AOT/AOT_stimuli/rescaled_final/1046_rv.mp4	0.0	351.49318408966064	1.002445936203003
64	278.23408913612366	pulse	0	t		62.0	2.5	/experiments/knapen_AOT/AOT_stimuli/rescaled_final/1046_rv.mp4	0.0	351.669331073761	
64	279.0603880882263	movie	1		241	62.0	2.5	/experiments/knapen_AOT/AOT_stimuli/rescaled_final/1046_rv.mp4	0.0	352.49563002586365	2.4980790615081787
64	279.8343291282654	pulse	1	t		62.0	2.5	/experiments/knapen_AOT/AOT_stimuli/rescaled_final/1046_rv.mp4	0.0	353.2695710659027	
64	281.4455440044403	pulse	1	t		62.0	2.5	/experiments/knapen_AOT/AOT_stimuli/rescaled_final/1046_rv.mp4	0.0	354.88078594207764	
64	281.5584671497345	fix_post	2		12	62.0	2.5	/experiments/knapen_AOT/AOT_stimuli/rescaled_final/1046_rv.mp4	0.0	354.9937090873718	0.1000218391418457
65	281.65848898887634	fix_pre	0		120	63.0	2.5	blank	1.0	355.0937309265137	1.0001602172851562
65	282.6586492061615	movie	1		299	63.0	2.5	blank	1.0	356.0938911437988	2.492041826248169
65	283.03388810157776	pulse	1	t		63.0	2.5	blank	1.0	356.4691300392151	
65	284.6340711116791	pulse	1	t		63.0	2.5	blank	1.0	358.0693130493164	
65	285.15069103240967	fix_post	2		12	63.0	2.5	blank	1.0	358.585932970047	0.10002708435058594
66	285.25071811676025	fix_pre	0		119	64.0	2.5	/experiments/knapen_AOT/AOT_stimuli/rescaled_final/1472_rv.mp4	0.0	358.6859600543976	0.99180006980896
66	286.23437309265137	pulse	0	t		64.0	2.5	/experiments/knapen_AOT/AOT_stimuli/rescaled_final/1472_rv.mp4	0.0	359.6696150302887	
66	286.2425181865692	movie	1		246	64.0	2.5	/experiments/knapen_AOT/AOT_stimuli/rescaled_final/1472_rv.mp4	0.0	359.67776012420654	2.5086829662323
66	287.8353741168976	pulse	1	t		64.0	2.5	/experiments/knapen_AOT/AOT_stimuli/rescaled_final/1472_rv.mp4	0.0	361.2706160545349	
66	288.7512011528015	fix_post	2		12	64.0	2.5	/experiments/knapen_AOT/AOT_stimuli/rescaled_final/1472_rv.mp4	0.0	362.18644309043884	0.10001301765441895
67	288.85121417045593	fix_pre	0		120	65.0	2.5	/experiments/knapen_AOT/AOT_stimuli/rescaled_final/0638_fw.mp4	0.0	362.28645610809326	1.0001440048217773
67	289.43495512008667	pulse	0	t		65.0	2.5	/experiments/knapen_AOT/AOT_stimuli/rescaled_final/0638_fw.mp4	0.0	362.870197057724	
67	289.8513581752777	movie	1		245	65.0	2.5	/experiments/knapen_AOT/AOT_stimuli/rescaled_final/0638_fw.mp4	0.0	363.28660011291504	2.500349998474121
67	291.03520011901855	pulse	1	t		65.0	2.5	/experiments/knapen_AOT/AOT_stimuli/rescaled_final/0638_fw.mp4	0.0	364.4704420566559	
67	292.35170817375183	fix_post	2		12	65.0	2.5	/experiments/knapen_AOT/AOT_stimuli/rescaled_final/0638_fw.mp4	0.0	365.78695011138916	0.10002493858337402
68	292.4517331123352	fix_pre	0		120	66.0	2.5	/experiments/knapen_AOT/AOT_stimuli/rescaled_final/0931_rv.mp4	0.0	365.88697504997253	1.000195026397705
68	292.6352620124817	pulse	0	t		66.0	2.5	/experiments/knapen_AOT/AOT_stimuli/rescaled_final/0931_rv.mp4	0.0	366.070503950119	
68	293.4519281387329	movie	1		244	66.0	2.5	/experiments/knapen_AOT/AOT_stimuli/rescaled_final/0931_rv.mp4	0.0	366.88717007637024	2.5003650188446045
68	294.2355270385742	pulse	1	t		66.0	2.5	/experiments/knapen_AOT/AOT_stimuli/rescaled_final/0931_rv.mp4	0.0	367.67076897621155	
68	295.8391079902649	pulse	1	t		66.0	2.5	/experiments/knapen_AOT/AOT_stimuli/rescaled_final/0931_rv.mp4	0.0	369.2743499279022	
68	295.9522931575775	fix_post	2		12	66.0	2.5	/experiments/knapen_AOT/AOT_stimuli/rescaled_final/0931_rv.mp4	0.0	369.38753509521484	0.10000896453857422
69	296.0523021221161	fix_pre	0		119	67.0	2.5	/experiments/knapen_AOT/AOT_stimuli/rescaled_final/0872_fw.mp4	0.0	369.4875440597534	0.991811990737915
69	297.044114112854	movie	1		245	67.0	2.5	/experiments/knapen_AOT/AOT_stimuli/rescaled_final/0872_fw.mp4	0.0	370.47935605049133	2.500370979309082
69	297.4362301826477	pulse	1	t		67.0	2.5	/experiments/knapen_AOT/AOT_stimuli/rescaled_final/0872_fw.mp4	0.0	370.87147212028503	
69	299.03633999824524	pulse	1	t		67.0	2.5	/experiments/knapen_AOT/AOT_stimuli/rescaled_final/0872_fw.mp4	0.0	372.47158193588257	
69	299.5444850921631	fix_post	2		12	67.0	2.5	/experiments/knapen_AOT/AOT_stimuli/rescaled_final/0872_fw.mp4	0.0	372.9797270298004	0.10001492500305176
70	299.64450001716614	fix_pre	0		120	68.0	2.5	blank	1.0	373.07974195480347	1.000171184539795
70	300.6364481449127	pulse	0	t		68.0	2.5	blank	1.0	374.07169008255005	
70	300.64467120170593	movie	1		301	68.0	2.5	blank	1.0	374.07991313934326	2.5087168216705322
70	302.2368140220642	pulse	1	t		68.0	2.5	blank	1.0	375.67205595970154	
70	303.15338802337646	fix_post	2		12	68.0	2.5	blank	1.0	376.5886299610138	0.09998416900634766
71	303.2533721923828	fix_pre	0		120	69.0	2.5	/experiments/knapen_AOT/AOT_stimuli/rescaled_final/1375_rv.mp4	0.0	376.68861413002014	1.0001389980316162
71	303.8370840549469	pulse	0	t		69.0	2.5	/experiments/knapen_AOT/AOT_stimuli/rescaled_final/1375_rv.mp4	0.0	377.27232599258423	
71	304.25351119041443	movie	1		243	69.0	2.5	/experiments/knapen_AOT/AOT_stimuli/rescaled_final/1375_rv.mp4	0.0	377.68875312805176	2.5004680156707764
71	305.437313079834	pulse	1	t		69.0	2.5	/experiments/knapen_AOT/AOT_stimuli/rescaled_final/1375_rv.mp4	0.0	378.8725550174713	
71	306.7539792060852	fix_post	2		12	69.0	2.5	/experiments/knapen_AOT/AOT_stimuli/rescaled_final/1375_rv.mp4	0.0	380.18922114372253	0.09995579719543457
72	306.85393500328064	fix_pre	0		120	70.0	2.5	/experiments/knapen_AOT/AOT_stimuli/rescaled_final/0732_fw.mp4	0.0	380.28917694091797	1.0001192092895508
72	307.0375370979309	pulse	0	t		70.0	2.5	/experiments/knapen_AOT/AOT_stimuli/rescaled_final/0732_fw.mp4	0.0	380.47277903556824	
72	307.8540542125702	movie	1		245	70.0	2.5	/experiments/knapen_AOT/AOT_stimuli/rescaled_final/0732_fw.mp4	0.0	381.2892961502075	2.500389814376831
72	308.6376841068268	pulse	1	t		70.0	2.5	/experiments/knapen_AOT/AOT_stimuli/rescaled_final/0732_fw.mp4	0.0	382.0729260444641	
72	310.2353630065918	pulse	1	t		70.0	2.5	/experiments/knapen_AOT/AOT_stimuli/rescaled_final/0732_fw.mp4	0.0	383.6706049442291	
72	310.354444026947	fix_post	2		12	70.0	2.5	/experiments/knapen_AOT/AOT_stimuli/rescaled_final/0732_fw.mp4	0.0	383.78968596458435	0.10001897811889648
73	310.4544630050659	fix_pre	0		119	71.0	2.5	/experiments/knapen_AOT/AOT_stimuli/rescaled_final/0954_fw.mp4	0.0	383.88970494270325	0.9918169975280762
73	311.446280002594	movie	1		245	71.0	2.5	/experiments/knapen_AOT/AOT_stimuli/rescaled_final/0954_fw.mp4	0.0	384.8815219402313	2.500339984893799
73	311.8350660800934	pulse	1	t		71.0	2.5	/experiments/knapen_AOT/AOT_stimuli/rescaled_final/0954_fw.mp4	0.0	385.2703080177307	
73	313.4384322166443	pulse	1	t		71.0	2.5	/experiments/knapen_AOT/AOT_stimuli/rescaled_final/0954_fw.mp4	0.0	386.8736741542816	
73	313.9466199874878	fix_post	2		12	71.0	2.5	/experiments/knapen_AOT/AOT_stimuli/rescaled_final/0954_fw.mp4	0.0	387.3818619251251	0.1000051498413086
74	314.0466251373291	fix_pre	0		120	72.0	2.5	/experiments/knapen_AOT/AOT_stimuli/rescaled_final/1417_rv.mp4	0.0	387.48186707496643	1.0001559257507324
74	315.03860998153687	pulse	0	t		72.0	2.5	/experiments/knapen_AOT/AOT_stimuli/rescaled_final/1417_rv.mp4	0.0	388.4738519191742	
74	315.04678106307983	movie	1		246	72.0	2.5	/experiments/knapen_AOT/AOT_stimuli/rescaled_final/1417_rv.mp4	0.0	388.48202300071716	2.508707046508789
74	316.639466047287	pulse	1	t		72.0	2.5	/experiments/knapen_AOT/AOT_stimuli/rescaled_final/1417_rv.mp4	0.0	390.0747079849243	
74	317.5554881095886	fix_post	2		12	72.0	2.5	/experiments/knapen_AOT/AOT_stimuli/rescaled_final/1417_rv.mp4	0.0	390.99073004722595	0.10004091262817383
75	317.6555290222168	fix_pre	0		120	73.0	2.5	/experiments/knapen_AOT/AOT_stimuli/rescaled_final/0936_fw.mp4	0.0	391.0907709598541	1.000190019607544
75	318.23918318748474	pulse	0	t		73.0	2.5	/experiments/knapen_AOT/AOT_stimuli/rescaled_final/0936_fw.mp4	0.0	391.67442512512207	
75	318.65571904182434	movie	1		244	73.0	2.5	/experiments/knapen_AOT/AOT_stimuli/rescaled_final/0936_fw.mp4	0.0	392.09096097946167	2.500322103500366
75	319.839457988739	pulse	1	t		73.0	2.5	/experiments/knapen_AOT/AOT_stimuli/rescaled_final/0936_fw.mp4	0.0	393.27469992637634	
75	321.1560411453247	fix_post	2		12	73.0	2.5	/experiments/knapen_AOT/AOT_stimuli/rescaled_final/0936_fw.mp4	0.0	394.59128308296204	0.10000991821289062
76	321.2560510635376	fix_pre	0		120	74.0	2.5	/experiments/knapen_AOT/AOT_stimuli/rescaled_final/0872_fw.mp4	0.0	394.6912930011749	1.0001499652862549
76	321.4396011829376	pulse	0	t		74.0	2.5	/experiments/knapen_AOT/AOT_stimuli/rescaled_final/0872_fw.mp4	0.0	394.87484312057495	
76	322.25620102882385	movie	1		245	74.0	2.5	/experiments/knapen_AOT/AOT_stimuli/rescaled_final/0872_fw.mp4	0.0	395.6914429664612	2.500425100326538
76	323.03992915153503	pulse	1	t		74.0	2.5	/experiments/knapen_AOT/AOT_stimuli/rescaled_final/0872_fw.mp4	0.0	396.47517108917236	
76	324.63735604286194	pulse	1	t		74.0	2.5	/experiments/knapen_AOT/AOT_stimuli/rescaled_final/0872_fw.mp4	0.0	398.07259798049927	
76	324.7566261291504	fix_post	2		12	74.0	2.5	/experiments/knapen_AOT/AOT_stimuli/rescaled_final/0872_fw.mp4	0.0	398.1918680667877	0.09992694854736328
77	324.85655307769775	fix_pre	0		120	75.0	2.5	/experiments/knapen_AOT/AOT_stimuli/rescaled_final/0627_rv.mp4	0.0	398.2917950153351	1.000204086303711
77	325.85675716400146	movie	1		243	75.0	2.5	/experiments/knapen_AOT/AOT_stimuli/rescaled_final/0627_rv.mp4	0.0	399.2919991016388	2.491986036300659
77	326.2407121658325	pulse	1	t		75.0	2.5	/experiments/knapen_AOT/AOT_stimuli/rescaled_final/0627_rv.mp4	0.0	399.67595410346985	
77	327.8405210971832	pulse	1	t		75.0	2.5	/experiments/knapen_AOT/AOT_stimuli/rescaled_final/0627_rv.mp4	0.0	401.27576303482056	
77	328.3487432003021	fix_post	2		12	75.0	2.5	/experiments/knapen_AOT/AOT_stimuli/rescaled_final/0627_rv.mp4	0.0	401.78398513793945	0.10004281997680664
78	328.44878602027893	fix_pre	0		120	76.0	2.5	/experiments/knapen_AOT/AOT_stimuli/rescaled_final/1113_fw.mp4	0.0	401.88402795791626	1.0001490116119385
78	329.44085216522217	pulse	0	t		76.0	2.5	/experiments/knapen_AOT/AOT_stimuli/rescaled_final/1113_fw.mp4	0.0	402.8760941028595	
78	329.44893503189087	movie	1		244	76.0	2.5	/experiments/knapen_AOT/AOT_stimuli/rescaled_final/1113_fw.mp4	0.0	402.8841769695282	2.508749008178711
78	331.0413839817047	pulse	1	t		76.0	2.5	/experiments/knapen_AOT/AOT_stimuli/rescaled_final/1113_fw.mp4	0.0	404.47662591934204	
78	331.9576840400696	fix_post	2		12	76.0	2.5	/experiments/knapen_AOT/AOT_stimuli/rescaled_final/1113_fw.mp4	0.0	405.3929259777069	0.09998202323913574
79	332.0576660633087	fix_pre	0		120	77.0	2.5	blank	1.0	405.49290800094604	1.0001680850982666
79	332.63394498825073	pulse	0	t		77.0	2.5	blank	1.0	406.06918692588806	
79	333.057834148407	movie	1		300	77.0	2.5	blank	1.0	406.4930760860443	2.500370979309082
79	334.23399901390076	pulse	1	t		77.0	2.5	blank	1.0	407.6692409515381	
79	335.55820512771606	fix_post	2		12	77.0	2.5	blank	1.0	408.9934470653534	0.10004591941833496
80	335.6582510471344	fix_pre	0		120	78.0	2.5	/experiments/knapen_AOT/AOT_stimuli/rescaled_final/1014_rv.mp4	0.0	409.09349298477173	1.0001039505004883
80	335.8342881202698	pulse	0	t		78.0	2.5	/experiments/knapen_AOT/AOT_stimuli/rescaled_final/1014_rv.mp4	0.0	409.2695300579071	
80	336.6583549976349	movie	1		243	78.0	2.5	/experiments/knapen_AOT/AOT_stimuli/rescaled_final/1014_rv.mp4	0.0	410.0935969352722	2.500359058380127
80	337.4336280822754	pulse	1	t		78.0	2.5	/experiments/knapen_AOT/AOT_stimuli/rescaled_final/1014_rv.mp4	0.0	410.8688700199127	
80	339.033851146698	pulse	1	t		78.0	2.5	/experiments/knapen_AOT/AOT_stimuli/rescaled_final/1014_rv.mp4	0.0	412.4690930843353	
80	339.158714056015	fix_post	2		9	78.0	2.5	/experiments/knapen_AOT/AOT_stimuli/rescaled_final/1014_rv.mp4	0.0	412.59395599365234	0.1000361442565918
81	339.2587502002716	fix_pre	0		120	79.0	2.5	/experiments/knapen_AOT/AOT_stimuli/rescaled_final/1332_fw.mp4	0.0	412.69399213790894	1.000135898590088
81	340.2588860988617	movie	1		242	79.0	2.5	/experiments/knapen_AOT/AOT_stimuli/rescaled_final/1332_fw.mp4	0.0	413.694128036499	2.492029905319214
81	340.6342890262604	pulse	1	t		79.0	2.5	/experiments/knapen_AOT/AOT_stimuli/rescaled_final/1332_fw.mp4	0.0	414.0695309638977	
81	342.2345061302185	pulse	1	t		79.0	2.5	/experiments/knapen_AOT/AOT_stimuli/rescaled_final/1332_fw.mp4	0.0	415.66974806785583	
81	342.7509160041809	fix_post	2		12	79.0	2.5	/experiments/knapen_AOT/AOT_stimuli/rescaled_final/1332_fw.mp4	0.0	416.18615794181824	0.1000211238861084
82	342.850937128067	fix_pre	0		119	80.0	2.5	/experiments/knapen_AOT/AOT_stimuli/rescaled_final/0974_fw.mp4	0.0	416.28617906570435	0.9918050765991211
82	343.83456110954285	pulse	0	t		80.0	2.5	/experiments/knapen_AOT/AOT_stimuli/rescaled_final/0974_fw.mp4	0.0	417.2698030471802	
82	343.84274220466614	movie	1		244	80.0	2.5	/experiments/knapen_AOT/AOT_stimuli/rescaled_final/0974_fw.mp4	0.0	417.27798414230347	2.508715867996216
82	345.43540811538696	pulse	1	t		80.0	2.5	/experiments/knapen_AOT/AOT_stimuli/rescaled_final/0974_fw.mp4	0.0	418.8706500530243	
82	346.35145807266235	fix_post	2		12	80.0	2.5	/experiments/knapen_AOT/AOT_stimuli/rescaled_final/0974_fw.mp4	0.0	419.7867000102997	0.10000109672546387
83	346.4514591693878	fix_pre	0		120	81.0	2.5	/experiments/knapen_AOT/AOT_stimuli/rescaled_final/0319_fw.mp4	0.0	419.88670110702515	1.0001788139343262
83	347.0350761413574	pulse	0	t		81.0	2.5	/experiments/knapen_AOT/AOT_stimuli/rescaled_final/0319_fw.mp4	0.0	420.47031807899475	
83	347.45163798332214	movie	1		245	81.0	2.5	/experiments/knapen_AOT/AOT_stimuli/rescaled_final/0319_fw.mp4	0.0	420.8868799209595	2.5003581047058105
83	348.6354751586914	pulse	1	t		81.0	2.5	/experiments/knapen_AOT/AOT_stimuli/rescaled_final/0319_fw.mp4	0.0	422.07071709632874	
83	349.95199608802795	fix_post	2		12	81.0	2.5	/experiments/knapen_AOT/AOT_stimuli/rescaled_final/0319_fw.mp4	0.0	423.3872380256653	0.10000491142272949
84	350.0520009994507	fix_pre	0		120	82.0	2.5	/experiments/knapen_AOT/AOT_stimuli/rescaled_final/1044_fw.mp4	0.0	423.487242937088	1.0001580715179443
84	350.23555517196655	pulse	0	t		82.0	2.5	/experiments/knapen_AOT/AOT_stimuli/rescaled_final/1044_fw.mp4	0.0	423.6707971096039	
84	351.0521590709686	movie	1		244	82.0	2.5	/experiments/knapen_AOT/AOT_stimuli/rescaled_final/1044_fw.mp4	0.0	424.48740100860596	2.500375986099243
84	351.83574509620667	pulse	1	t		82.0	2.5	/experiments/knapen_AOT/AOT_stimuli/rescaled_final/1044_fw.mp4	0.0	425.270987033844	
84	353.439581155777	pulse	1	t		82.0	2.5	/experiments/knapen_AOT/AOT_stimuli/rescaled_final/1044_fw.mp4	0.0	426.8748230934143	
84	353.55253505706787	fix_post	2		12	82.0	2.5	/experiments/knapen_AOT/AOT_stimuli/rescaled_final/1044_fw.mp4	0.0	426.9877769947052	0.10000300407409668
85	353.65253806114197	fix_pre	0		120	83.0	2.5	blank	1.0	427.0877799987793	1.0001640319824219
85	354.6527020931244	movie	1		299	83.0	2.5	blank	1.0	428.0879440307617	2.492058038711548
85	355.0363280773163	pulse	1	t		83.0	2.5	blank	1.0	428.4715700149536	
85	356.6365110874176	pulse	1	t		83.0	2.5	blank	1.0	430.07175302505493	
85	357.14476013183594	fix_post	2		12	83.0	2.5	blank	1.0	430.58000206947327	0.09998703002929688
87	357.24474716186523	stim	0		1716					430.67998909950256	14.302228927612305
87	358.23676109313965	pulse	0	t						431.672003030777	
87	359.8369941711426	pulse	0	t						433.2722361087799	
87	361.4373240470886	pulse	0	t						434.87256598472595	
87	363.0375862121582	pulse	0	t						436.47282814979553	
87	364.63777709007263	pulse	0	t						438.07301902770996	
87	366.2379322052002	pulse	0	t						439.6731741428375	
87	367.8381609916687	pulse	0	t						441.27340292930603	
87	369.43842005729675	pulse	0	t						442.8736619949341	
87	371.0385880470276	pulse	0	t						444.4738299846649	
