trial_nr	onset	event_type	phase	response	nr_frames	movie_index	movie_duration	movie_file	blank	onset_abs	duration
0	0.20833587646484375	stim	0		89					25.077159881591797	0.7416880130767822
0	0.9420120716094971	response	0	space						25.81083607673645	
1	0.950023889541626	stim	0		4631					25.81884789466858	38.60871911048889
1	39.548681020736694	pulse	0	t						64.41750502586365	
1	39.55874300003052	stim	1		1715					64.42756700515747	14.299134969711304
1	41.139596939086914	pulse	1	t						66.00842094421387	
1	42.73981690406799	pulse	1	t						67.60864090919495	
1	44.33995795249939	pulse	1	t						69.20878195762634	
1	45.94029188156128	pulse	1	t						70.80911588668823	
1	47.54049897193909	pulse	1	t						72.40932297706604	
1	49.132319927215576	pulse	1	t						74.00114393234253	
1	50.73248791694641	pulse	1	t						75.60131192207336	
1	52.332772970199585	pulse	1	t						77.20159697532654	
2	53.85787796974182	fix_pre	0		10	0.0	2.5	/experiments/knapen_AOT/AOT_stimuli/rescaled_final/0382_fw.mp4	0.0	78.72670197486877	0.08338308334350586
2	53.93307900428772	pulse	0	t		0.0	2.5	/experiments/knapen_AOT/AOT_stimuli/rescaled_final/0382_fw.mp4	0.0	78.80190300941467	
2	53.94126105308533	movie	1		244	0.0	2.5	/experiments/knapen_AOT/AOT_stimuli/rescaled_final/0382_fw.mp4	0.0	78.81008505821228	2.508668899536133
2	55.53385305404663	pulse	1	t		0.0	2.5	/experiments/knapen_AOT/AOT_stimuli/rescaled_final/0382_fw.mp4	0.0	80.40267705917358	
2	56.44992995262146	fix_post	2		12	0.0	2.5	/experiments/knapen_AOT/AOT_stimuli/rescaled_final/0382_fw.mp4	0.0	81.31875395774841	0.10004401206970215
3	56.54997396469116	fix_pre	0		120	1.0	2.5	/experiments/knapen_AOT/AOT_stimuli/rescaled_final/2128_rv.mp4	0.0	81.41879796981812	1.0001330375671387
3	57.13362693786621	pulse	0	t		1.0	2.5	/experiments/knapen_AOT/AOT_stimuli/rescaled_final/2128_rv.mp4	0.0	82.00245094299316	
3	57.5501070022583	movie	1		244	1.0	2.5	/experiments/knapen_AOT/AOT_stimuli/rescaled_final/2128_rv.mp4	0.0	82.41893100738525	2.5003750324249268
3	58.73384499549866	pulse	1	t		1.0	2.5	/experiments/knapen_AOT/AOT_stimuli/rescaled_final/2128_rv.mp4	0.0	83.60266900062561	
3	60.05048203468323	fix_post	2		12	1.0	2.5	/experiments/knapen_AOT/AOT_stimuli/rescaled_final/2128_rv.mp4	0.0	84.91930603981018	0.10002303123474121
4	60.15050506591797	fix_pre	0		120	2.0	2.5	/experiments/knapen_AOT/AOT_stimuli/rescaled_final/1011_rv.mp4	0.0	85.01932907104492	1.000168800354004
4	60.3340208530426	pulse	0	t		2.0	2.5	/experiments/knapen_AOT/AOT_stimuli/rescaled_final/1011_rv.mp4	0.0	85.20284485816956	
4	61.15067386627197	movie	1		244	2.0	2.5	/experiments/knapen_AOT/AOT_stimuli/rescaled_final/1011_rv.mp4	0.0	86.01949787139893	2.5003349781036377
4	61.93433594703674	pulse	1	t		2.0	2.5	/experiments/knapen_AOT/AOT_stimuli/rescaled_final/1011_rv.mp4	0.0	86.8031599521637	
4	63.534615993499756	pulse	1	t		2.0	2.5	/experiments/knapen_AOT/AOT_stimuli/rescaled_final/1011_rv.mp4	0.0	88.40343999862671	
4	63.65100884437561	fix_post	2		12	2.0	2.5	/experiments/knapen_AOT/AOT_stimuli/rescaled_final/1011_rv.mp4	0.0	88.51983284950256	0.10001611709594727
5	63.75102496147156	fix_pre	0		120	3.0	2.5	/experiments/knapen_AOT/AOT_stimuli/rescaled_final/1909_rv.mp4	0.0	88.61984896659851	1.0001590251922607
5	64.75118398666382	movie	1		244	3.0	2.5	/experiments/knapen_AOT/AOT_stimuli/rescaled_final/1909_rv.mp4	0.0	89.62000799179077	2.492025852203369
5	65.13542604446411	pulse	1	t		3.0	2.5	/experiments/knapen_AOT/AOT_stimuli/rescaled_final/1909_rv.mp4	0.0	90.00425004959106	
5	66.73499584197998	pulse	1	t		3.0	2.5	/experiments/knapen_AOT/AOT_stimuli/rescaled_final/1909_rv.mp4	0.0	91.60381984710693	
5	67.24320983886719	fix_post	2		12	3.0	2.5	/experiments/knapen_AOT/AOT_stimuli/rescaled_final/1909_rv.mp4	0.0	92.11203384399414	0.10009407997131348
6	67.3433039188385	fix_pre	0		120	4.0	2.5	/experiments/knapen_AOT/AOT_stimuli/rescaled_final/0431_rv.mp4	0.0	92.21212792396545	1.0000741481781006
6	68.33535504341125	pulse	0	t		4.0	2.5	/experiments/knapen_AOT/AOT_stimuli/rescaled_final/0431_rv.mp4	0.0	93.20417904853821	
6	68.3433780670166	movie	1		244	4.0	2.5	/experiments/knapen_AOT/AOT_stimuli/rescaled_final/0431_rv.mp4	0.0	93.21220207214355	2.5086989402770996
6	69.93593907356262	pulse	1	t		4.0	2.5	/experiments/knapen_AOT/AOT_stimuli/rescaled_final/0431_rv.mp4	0.0	94.80476307868958	
6	70.8520770072937	fix_post	2		12	4.0	2.5	/experiments/knapen_AOT/AOT_stimuli/rescaled_final/0431_rv.mp4	0.0	95.72090101242065	0.10007905960083008
7	70.95215606689453	fix_pre	0		120	5.0	2.5	blank	1.0	95.82098007202148	1.0001277923583984
7	71.53576898574829	pulse	0	t		5.0	2.5	blank	1.0	96.40459299087524	
7	71.95228385925293	movie	1		300	5.0	2.5	blank	1.0	96.82110786437988	2.5003621578216553
7	73.13589596748352	pulse	1	t		5.0	2.5	blank	1.0	98.00471997261047	
7	74.45264601707458	fix_post	2		12	5.0	2.5	blank	1.0	99.32147002220154	0.10002994537353516
8	74.55267596244812	fix_pre	0		120	6.0	2.5	/experiments/knapen_AOT/AOT_stimuli/rescaled_final/1719_rv.mp4	0.0	99.42149996757507	1.0001258850097656
8	74.73623394966125	pulse	0	t		6.0	2.5	/experiments/knapen_AOT/AOT_stimuli/rescaled_final/1719_rv.mp4	0.0	99.60505795478821	
8	75.55280184745789	movie	1		244	6.0	2.5	/experiments/knapen_AOT/AOT_stimuli/rescaled_final/1719_rv.mp4	0.0	100.42162585258484	2.500364065170288
8	76.33656907081604	pulse	1	t		6.0	2.5	/experiments/knapen_AOT/AOT_stimuli/rescaled_final/1719_rv.mp4	0.0	101.205393075943	
8	77.93690800666809	pulse	1	t		6.0	2.5	/experiments/knapen_AOT/AOT_stimuli/rescaled_final/1719_rv.mp4	0.0	102.80573201179504	
8	78.05316591262817	fix_post	2		12	6.0	2.5	/experiments/knapen_AOT/AOT_stimuli/rescaled_final/1719_rv.mp4	0.0	102.92198991775513	0.10001301765441895
9	78.15317893028259	fix_pre	0		120	7.0	2.5	/experiments/knapen_AOT/AOT_stimuli/rescaled_final/1608_rv.mp4	0.0	103.02200293540955	1.0001981258392334
9	79.15337705612183	movie	1		243	7.0	2.5	/experiments/knapen_AOT/AOT_stimuli/rescaled_final/1608_rv.mp4	0.0	104.02220106124878	2.492003917694092
9	79.53747797012329	pulse	1	t		7.0	2.5	/experiments/knapen_AOT/AOT_stimuli/rescaled_final/1608_rv.mp4	0.0	104.40630197525024	
9	81.1371819972992	pulse	1	t		7.0	2.5	/experiments/knapen_AOT/AOT_stimuli/rescaled_final/1608_rv.mp4	0.0	106.00600600242615	
9	81.64538097381592	fix_post	2		12	7.0	2.5	/experiments/knapen_AOT/AOT_stimuli/rescaled_final/1608_rv.mp4	0.0	106.51420497894287	0.10000801086425781
10	81.74538898468018	fix_pre	0		120	8.0	2.5	/experiments/knapen_AOT/AOT_stimuli/rescaled_final/1131_fw.mp4	0.0	106.61421298980713	1.00016188621521
10	82.73748588562012	pulse	0	t		8.0	2.5	/experiments/knapen_AOT/AOT_stimuli/rescaled_final/1131_fw.mp4	0.0	107.60630989074707	
10	82.74555087089539	movie	1		246	8.0	2.5	/experiments/knapen_AOT/AOT_stimuli/rescaled_final/1131_fw.mp4	0.0	107.61437487602234	2.508707046508789
10	84.33832502365112	pulse	1	t		8.0	2.5	/experiments/knapen_AOT/AOT_stimuli/rescaled_final/1131_fw.mp4	0.0	109.20714902877808	
10	85.25425791740417	fix_post	2		12	8.0	2.5	/experiments/knapen_AOT/AOT_stimuli/rescaled_final/1131_fw.mp4	0.0	110.12308192253113	0.10000205039978027
11	85.35425996780396	fix_pre	0		120	9.0	2.5	/experiments/knapen_AOT/AOT_stimuli/rescaled_final/1055_fw.mp4	0.0	110.22308397293091	1.00018310546875
11	85.93792390823364	pulse	0	t		9.0	2.5	/experiments/knapen_AOT/AOT_stimuli/rescaled_final/1055_fw.mp4	0.0	110.8067479133606	
11	86.3544430732727	movie	1		243	9.0	2.5	/experiments/knapen_AOT/AOT_stimuli/rescaled_final/1055_fw.mp4	0.0	111.22326707839966	2.500335931777954
11	87.53823184967041	pulse	1	t		9.0	2.5	/experiments/knapen_AOT/AOT_stimuli/rescaled_final/1055_fw.mp4	0.0	112.40705585479736	
11	88.85477900505066	fix_post	2		12	9.0	2.5	/experiments/knapen_AOT/AOT_stimuli/rescaled_final/1055_fw.mp4	0.0	113.72360301017761	0.10000491142272949
12	88.95478391647339	fix_pre	0		120	10.0	2.5	/experiments/knapen_AOT/AOT_stimuli/rescaled_final/0640_fw.mp4	0.0	113.82360792160034	1.000143051147461
12	89.13849306106567	pulse	0	t		10.0	2.5	/experiments/knapen_AOT/AOT_stimuli/rescaled_final/0640_fw.mp4	0.0	114.00731706619263	
12	89.95492696762085	movie	1		243	10.0	2.5	/experiments/knapen_AOT/AOT_stimuli/rescaled_final/0640_fw.mp4	0.0	114.8237509727478	2.500369071960449
12	90.73868203163147	pulse	1	t		10.0	2.5	/experiments/knapen_AOT/AOT_stimuli/rescaled_final/0640_fw.mp4	0.0	115.60750603675842	
12	92.33878087997437	pulse	1	t		10.0	2.5	/experiments/knapen_AOT/AOT_stimuli/rescaled_final/0640_fw.mp4	0.0	117.20760488510132	
12	92.4552960395813	fix_post	2		12	10.0	2.5	/experiments/knapen_AOT/AOT_stimuli/rescaled_final/0640_fw.mp4	0.0	117.32412004470825	0.10003495216369629
13	92.555330991745	fix_pre	0		120	11.0	2.5	/experiments/knapen_AOT/AOT_stimuli/rescaled_final/0382_rv.mp4	0.0	117.42415499687195	1.000143051147461
13	93.55547404289246	movie	1		243	11.0	2.5	/experiments/knapen_AOT/AOT_stimuli/rescaled_final/0382_rv.mp4	0.0	118.42429804801941	2.492051839828491
13	93.939612865448	pulse	1	t		11.0	2.5	/experiments/knapen_AOT/AOT_stimuli/rescaled_final/0382_rv.mp4	0.0	118.80843687057495	
13	95.53935694694519	pulse	1	t		11.0	2.5	/experiments/knapen_AOT/AOT_stimuli/rescaled_final/0382_rv.mp4	0.0	120.40818095207214	
13	96.04752588272095	fix_post	2		12	11.0	2.5	/experiments/knapen_AOT/AOT_stimuli/rescaled_final/0382_rv.mp4	0.0	120.9163498878479	0.10001015663146973
14	96.14753603935242	fix_pre	0		120	12.0	2.5	/experiments/knapen_AOT/AOT_stimuli/rescaled_final/0692_fw.mp4	0.0	121.01636004447937	1.0001800060272217
14	97.13969492912292	pulse	0	t		12.0	2.5	/experiments/knapen_AOT/AOT_stimuli/rescaled_final/0692_fw.mp4	0.0	122.00851893424988	
14	97.14771604537964	movie	1		244	12.0	2.5	/experiments/knapen_AOT/AOT_stimuli/rescaled_final/0692_fw.mp4	0.0	122.01654005050659	2.508678913116455
14	98.74036192893982	pulse	1	t		12.0	2.5	/experiments/knapen_AOT/AOT_stimuli/rescaled_final/0692_fw.mp4	0.0	123.60918593406677	
14	99.6563949584961	fix_post	2		12	12.0	2.5	/experiments/knapen_AOT/AOT_stimuli/rescaled_final/0692_fw.mp4	0.0	124.52521896362305	0.1000208854675293
15	99.75641584396362	fix_pre	0		120	13.0	2.5	blank	1.0	124.62523984909058	1.000148057937622
15	100.34001207351685	pulse	0	t		13.0	2.5	blank	1.0	125.2088360786438	
15	100.75656390190125	movie	1		300	13.0	2.5	blank	1.0	125.6253879070282	2.500359058380127
15	101.94037890434265	pulse	1	t		13.0	2.5	blank	1.0	126.8092029094696	
15	103.25692296028137	fix_post	2		12	13.0	2.5	blank	1.0	128.12574696540833	0.10000801086425781
16	103.35693097114563	fix_pre	0		120	14.0	2.5	/experiments/knapen_AOT/AOT_stimuli/rescaled_final/0041_rv.mp4	0.0	128.22575497627258	1.000135898590088
16	103.53300905227661	pulse	0	t		14.0	2.5	/experiments/knapen_AOT/AOT_stimuli/rescaled_final/0041_rv.mp4	0.0	128.40183305740356	
16	104.35706686973572	movie	1		246	14.0	2.5	/experiments/knapen_AOT/AOT_stimuli/rescaled_final/0041_rv.mp4	0.0	129.22589087486267	2.5004241466522217
16	105.13342595100403	pulse	1	t		14.0	2.5	/experiments/knapen_AOT/AOT_stimuli/rescaled_final/0041_rv.mp4	0.0	130.00224995613098	
16	106.73355007171631	pulse	1	t		14.0	2.5	/experiments/knapen_AOT/AOT_stimuli/rescaled_final/0041_rv.mp4	0.0	131.60237407684326	
16	106.85749101638794	fix_post	2		12	14.0	2.5	/experiments/knapen_AOT/AOT_stimuli/rescaled_final/0041_rv.mp4	0.0	131.7263150215149	0.09999585151672363
17	106.95748686790466	fix_pre	0		120	15.0	2.5	/experiments/knapen_AOT/AOT_stimuli/rescaled_final/1914_fw.mp4	0.0	131.82631087303162	1.0001380443572998
17	107.95762491226196	movie	1		240	15.0	2.5	/experiments/knapen_AOT/AOT_stimuli/rescaled_final/1914_fw.mp4	0.0	132.82644891738892	2.49202299118042
17	108.34168100357056	pulse	1	t		15.0	2.5	/experiments/knapen_AOT/AOT_stimuli/rescaled_final/1914_fw.mp4	0.0	133.2105050086975	
17	109.93321990966797	pulse	1	t		15.0	2.5	/experiments/knapen_AOT/AOT_stimuli/rescaled_final/1914_fw.mp4	0.0	134.80204391479492	
17	110.44964790344238	fix_post	2		12	15.0	2.5	/experiments/knapen_AOT/AOT_stimuli/rescaled_final/1914_fw.mp4	0.0	135.31847190856934	0.10002398490905762
18	110.54967188835144	fix_pre	0		119	16.0	2.5	/experiments/knapen_AOT/AOT_stimuli/rescaled_final/0318_fw.mp4	0.0	135.4184958934784	0.9918391704559326
18	111.53330707550049	pulse	0	t		16.0	2.5	/experiments/knapen_AOT/AOT_stimuli/rescaled_final/0318_fw.mp4	0.0	136.40213108062744	
18	111.54151105880737	movie	1		245	16.0	2.5	/experiments/knapen_AOT/AOT_stimuli/rescaled_final/0318_fw.mp4	0.0	136.41033506393433	2.508680820465088
18	113.13484692573547	pulse	1	t		16.0	2.5	/experiments/knapen_AOT/AOT_stimuli/rescaled_final/0318_fw.mp4	0.0	138.00367093086243	
18	114.05019187927246	fix_post	2		12	16.0	2.5	/experiments/knapen_AOT/AOT_stimuli/rescaled_final/0318_fw.mp4	0.0	138.9190158843994	0.10003399848937988
19	114.15022587776184	fix_pre	0		120	17.0	2.5	/experiments/knapen_AOT/AOT_stimuli/rescaled_final/0123_rv.mp4	0.0	139.0190498828888	1.0001721382141113
19	114.7338719367981	pulse	0	t		17.0	2.5	/experiments/knapen_AOT/AOT_stimuli/rescaled_final/0123_rv.mp4	0.0	139.60269594192505	
19	115.15039801597595	movie	1		243	17.0	2.5	/experiments/knapen_AOT/AOT_stimuli/rescaled_final/0123_rv.mp4	0.0	140.0192220211029	2.500325918197632
19	116.33410787582397	pulse	1	t		17.0	2.5	/experiments/knapen_AOT/AOT_stimuli/rescaled_final/0123_rv.mp4	0.0	141.20293188095093	
19	117.65072393417358	fix_post	2		12	17.0	2.5	/experiments/knapen_AOT/AOT_stimuli/rescaled_final/0123_rv.mp4	0.0	142.51954793930054	0.10001492500305176
20	117.75073885917664	fix_pre	0		120	18.0	2.5	/experiments/knapen_AOT/AOT_stimuli/rescaled_final/0603_fw.mp4	0.0	142.6195628643036	1.0001521110534668
20	117.9342770576477	pulse	0	t		18.0	2.5	/experiments/knapen_AOT/AOT_stimuli/rescaled_final/0603_fw.mp4	0.0	142.80310106277466	
20	118.7508909702301	movie	1		243	18.0	2.5	/experiments/knapen_AOT/AOT_stimuli/rescaled_final/0603_fw.mp4	0.0	143.61971497535706	2.500364065170288
20	119.53455686569214	pulse	1	t		18.0	2.5	/experiments/knapen_AOT/AOT_stimuli/rescaled_final/0603_fw.mp4	0.0	144.4033808708191	
20	121.13473200798035	pulse	1	t		18.0	2.5	/experiments/knapen_AOT/AOT_stimuli/rescaled_final/0603_fw.mp4	0.0	146.0035560131073	
20	121.25125503540039	fix_post	2		12	18.0	2.5	/experiments/knapen_AOT/AOT_stimuli/rescaled_final/0603_fw.mp4	0.0	146.12007904052734	0.1000218391418457
21	121.35127687454224	fix_pre	0		120	19.0	2.5	blank	1.0	146.2201008796692	1.000143051147461
21	122.3514199256897	movie	1		299	19.0	2.5	blank	1.0	147.22024393081665	2.4920449256896973
21	122.73503994941711	pulse	1	t		19.0	2.5	blank	1.0	147.60386395454407	
21	124.3352530002594	pulse	1	t		19.0	2.5	blank	1.0	149.20407700538635	
21	124.8434648513794	fix_post	2		12	19.0	2.5	blank	1.0	149.71228885650635	0.10011720657348633
22	124.94358205795288	fix_pre	0		120	20.0	2.5	/experiments/knapen_AOT/AOT_stimuli/rescaled_final/1548_rv.mp4	0.0	149.81240606307983	1.0000998973846436
22	125.93551087379456	pulse	0	t		20.0	2.5	/experiments/knapen_AOT/AOT_stimuli/rescaled_final/1548_rv.mp4	0.0	150.8043348789215	
22	125.94368195533752	movie	1		245	20.0	2.5	/experiments/knapen_AOT/AOT_stimuli/rescaled_final/1548_rv.mp4	0.0	150.81250596046448	2.5086660385131836
22	127.54088592529297	pulse	1	t		20.0	2.5	/experiments/knapen_AOT/AOT_stimuli/rescaled_final/1548_rv.mp4	0.0	152.40970993041992	
22	128.4523479938507	fix_post	2		12	20.0	2.5	/experiments/knapen_AOT/AOT_stimuli/rescaled_final/1548_rv.mp4	0.0	153.32117199897766	0.10000801086425781
23	128.55235600471497	fix_pre	0		120	21.0	2.5	/experiments/knapen_AOT/AOT_stimuli/rescaled_final/1724_fw.mp4	0.0	153.42118000984192	1.0001540184020996
23	129.13600993156433	pulse	0	t		21.0	2.5	/experiments/knapen_AOT/AOT_stimuli/rescaled_final/1724_fw.mp4	0.0	154.00483393669128	
23	129.55251002311707	movie	1		244	21.0	2.5	/experiments/knapen_AOT/AOT_stimuli/rescaled_final/1724_fw.mp4	0.0	154.42133402824402	2.500351905822754
23	130.73638796806335	pulse	1	t		21.0	2.5	/experiments/knapen_AOT/AOT_stimuli/rescaled_final/1724_fw.mp4	0.0	155.6052119731903	
23	132.05286192893982	fix_post	2		12	21.0	2.5	/experiments/knapen_AOT/AOT_stimuli/rescaled_final/1724_fw.mp4	0.0	156.92168593406677	0.10002994537353516
24	132.15289187431335	fix_pre	0		120	22.0	2.5	/experiments/knapen_AOT/AOT_stimuli/rescaled_final/0955_rv.mp4	0.0	157.0217158794403	1.0002269744873047
24	132.3364679813385	pulse	0	t		22.0	2.5	/experiments/knapen_AOT/AOT_stimuli/rescaled_final/0955_rv.mp4	0.0	157.20529198646545	
24	133.15311884880066	movie	1		243	22.0	2.5	/experiments/knapen_AOT/AOT_stimuli/rescaled_final/0955_rv.mp4	0.0	158.0219428539276	2.5003011226654053
24	133.93678903579712	pulse	1	t		22.0	2.5	/experiments/knapen_AOT/AOT_stimuli/rescaled_final/0955_rv.mp4	0.0	158.80561304092407	
24	135.53690385818481	pulse	1	t		22.0	2.5	/experiments/knapen_AOT/AOT_stimuli/rescaled_final/0955_rv.mp4	0.0	160.40572786331177	
24	135.65341997146606	fix_post	2		12	22.0	2.5	/experiments/knapen_AOT/AOT_stimuli/rescaled_final/0955_rv.mp4	0.0	160.52224397659302	0.10001993179321289
25	135.75343990325928	fix_pre	0		120	23.0	2.5	/experiments/knapen_AOT/AOT_stimuli/rescaled_final/0526_rv.mp4	0.0	160.62226390838623	1.000108003616333
25	136.7535479068756	movie	1		243	23.0	2.5	/experiments/knapen_AOT/AOT_stimuli/rescaled_final/0526_rv.mp4	0.0	161.62237191200256	2.492143154144287
25	137.13861989974976	pulse	1	t		23.0	2.5	/experiments/knapen_AOT/AOT_stimuli/rescaled_final/0526_rv.mp4	0.0	162.0074439048767	
25	138.73746991157532	pulse	1	t		23.0	2.5	/experiments/knapen_AOT/AOT_stimuli/rescaled_final/0526_rv.mp4	0.0	163.60629391670227	
25	139.2456910610199	fix_post	2		12	23.0	2.5	/experiments/knapen_AOT/AOT_stimuli/rescaled_final/0526_rv.mp4	0.0	164.11451506614685	0.0999608039855957
26	139.3456518650055	fix_pre	0		120	24.0	2.5	/experiments/knapen_AOT/AOT_stimuli/rescaled_final/0450_fw.mp4	0.0	164.21447587013245	1.0001521110534668
26	140.33764505386353	pulse	0	t		24.0	2.5	/experiments/knapen_AOT/AOT_stimuli/rescaled_final/0450_fw.mp4	0.0	165.20646905899048	
26	140.34580397605896	movie	1		245	24.0	2.5	/experiments/knapen_AOT/AOT_stimuli/rescaled_final/0450_fw.mp4	0.0	165.2146279811859	2.50875186920166
26	141.93834686279297	pulse	1	t		24.0	2.5	/experiments/knapen_AOT/AOT_stimuli/rescaled_final/0450_fw.mp4	0.0	166.80717086791992	
26	142.85455584526062	fix_post	2		12	24.0	2.5	/experiments/knapen_AOT/AOT_stimuli/rescaled_final/0450_fw.mp4	0.0	167.72337985038757	0.09993505477905273
27	142.95449090003967	fix_pre	0		120	25.0	2.5	/experiments/knapen_AOT/AOT_stimuli/rescaled_final/1879_fw.mp4	0.0	167.82331490516663	1.000195026397705
27	143.53808093070984	pulse	0	t		25.0	2.5	/experiments/knapen_AOT/AOT_stimuli/rescaled_final/1879_fw.mp4	0.0	168.4069049358368	
27	143.95468592643738	movie	1		245	25.0	2.5	/experiments/knapen_AOT/AOT_stimuli/rescaled_final/1879_fw.mp4	0.0	168.82350993156433	2.500338077545166
27	145.13845801353455	pulse	1	t		25.0	2.5	/experiments/knapen_AOT/AOT_stimuli/rescaled_final/1879_fw.mp4	0.0	170.0072820186615	
27	146.45502400398254	fix_post	2		12	25.0	2.5	/experiments/knapen_AOT/AOT_stimuli/rescaled_final/1879_fw.mp4	0.0	171.3238480091095	0.10001206398010254
28	146.55503606796265	fix_pre	0		120	26.0	2.5	/experiments/knapen_AOT/AOT_stimuli/rescaled_final/1715_rv.mp4	0.0	171.4238600730896	1.0001509189605713
28	146.73862290382385	pulse	0	t		26.0	2.5	/experiments/knapen_AOT/AOT_stimuli/rescaled_final/1715_rv.mp4	0.0	171.6074469089508	
28	147.55518698692322	movie	1		247	26.0	2.5	/experiments/knapen_AOT/AOT_stimuli/rescaled_final/1715_rv.mp4	0.0	172.42401099205017	2.5003979206085205
28	148.3388729095459	pulse	1	t		26.0	2.5	/experiments/knapen_AOT/AOT_stimuli/rescaled_final/1715_rv.mp4	0.0	173.20769691467285	
28	149.9390630722046	pulse	1	t		26.0	2.5	/experiments/knapen_AOT/AOT_stimuli/rescaled_final/1715_rv.mp4	0.0	174.80788707733154	
28	150.05558490753174	fix_post	2		12	26.0	2.5	/experiments/knapen_AOT/AOT_stimuli/rescaled_final/1715_rv.mp4	0.0	174.9244089126587	0.10005497932434082
29	150.15563988685608	fix_pre	0		120	27.0	2.5	/experiments/knapen_AOT/AOT_stimuli/rescaled_final/1636_rv.mp4	0.0	175.02446389198303	1.0001070499420166
29	151.1557469367981	movie	1		245	27.0	2.5	/experiments/knapen_AOT/AOT_stimuli/rescaled_final/1636_rv.mp4	0.0	176.02457094192505	2.4920430183410645
29	151.54012203216553	pulse	1	t		27.0	2.5	/experiments/knapen_AOT/AOT_stimuli/rescaled_final/1636_rv.mp4	0.0	176.40894603729248	
29	153.13965702056885	pulse	1	t		27.0	2.5	/experiments/knapen_AOT/AOT_stimuli/rescaled_final/1636_rv.mp4	0.0	178.0084810256958	
29	153.64778995513916	fix_post	2		12	27.0	2.5	/experiments/knapen_AOT/AOT_stimuli/rescaled_final/1636_rv.mp4	0.0	178.5166139602661	0.09999608993530273
30	153.74778604507446	fix_pre	0		120	28.0	2.5	blank	1.0	178.61661005020142	1.000190019607544
30	154.7397849559784	pulse	0	t		28.0	2.5	blank	1.0	179.60860896110535	
30	154.747976064682	movie	1		301	28.0	2.5	blank	1.0	179.61680006980896	2.5087099075317383
30	156.34002900123596	pulse	1	t		28.0	2.5	blank	1.0	181.20885300636292	
30	157.25668597221375	fix_post	2		12	28.0	2.5	blank	1.0	182.1255099773407	0.10004496574401855
31	157.35673093795776	fix_pre	0		120	29.0	2.5	/experiments/knapen_AOT/AOT_stimuli/rescaled_final/0603_fw.mp4	0.0	182.22555494308472	1.000067949295044
31	157.93268299102783	pulse	0	t		29.0	2.5	/experiments/knapen_AOT/AOT_stimuli/rescaled_final/0603_fw.mp4	0.0	182.80150699615479	
31	158.3567988872528	movie	1		243	29.0	2.5	/experiments/knapen_AOT/AOT_stimuli/rescaled_final/0603_fw.mp4	0.0	183.22562289237976	2.5004141330718994
31	159.53276085853577	pulse	1	t		29.0	2.5	/experiments/knapen_AOT/AOT_stimuli/rescaled_final/0603_fw.mp4	0.0	184.40158486366272	
31	160.8572130203247	fix_post	2		12	29.0	2.5	/experiments/knapen_AOT/AOT_stimuli/rescaled_final/0603_fw.mp4	0.0	185.72603702545166	0.1000528335571289
32	160.95726585388184	fix_pre	0		120	30.0	2.5	/experiments/knapen_AOT/AOT_stimuli/rescaled_final/1417_rv.mp4	0.0	185.8260898590088	1.0000841617584229
32	161.13333988189697	pulse	0	t		30.0	2.5	/experiments/knapen_AOT/AOT_stimuli/rescaled_final/1417_rv.mp4	0.0	186.00216388702393	
32	161.95735001564026	movie	1		245	30.0	2.5	/experiments/knapen_AOT/AOT_stimuli/rescaled_final/1417_rv.mp4	0.0	186.8261740207672	2.500354051589966
32	162.73353385925293	pulse	1	t		30.0	2.5	/experiments/knapen_AOT/AOT_stimuli/rescaled_final/1417_rv.mp4	0.0	187.60235786437988	
32	164.33290100097656	pulse	1	t		30.0	2.5	/experiments/knapen_AOT/AOT_stimuli/rescaled_final/1417_rv.mp4	0.0	189.20172500610352	
32	164.45770406723022	fix_post	2		12	30.0	2.5	/experiments/knapen_AOT/AOT_stimuli/rescaled_final/1417_rv.mp4	0.0	189.32652807235718	0.10004591941833496
33	164.55774998664856	fix_pre	0		120	31.0	2.5	/experiments/knapen_AOT/AOT_stimuli/rescaled_final/1431_rv.mp4	0.0	189.4265739917755	1.0001230239868164
33	165.55787301063538	movie	1		245	31.0	2.5	/experiments/knapen_AOT/AOT_stimuli/rescaled_final/1431_rv.mp4	0.0	190.42669701576233	2.492039918899536
33	165.93308901786804	pulse	1	t		31.0	2.5	/experiments/knapen_AOT/AOT_stimuli/rescaled_final/1431_rv.mp4	0.0	190.801913022995	
33	167.53349494934082	pulse	1	t		31.0	2.5	/experiments/knapen_AOT/AOT_stimuli/rescaled_final/1431_rv.mp4	0.0	192.40231895446777	
33	168.0499129295349	fix_post	2		12	31.0	2.5	/experiments/knapen_AOT/AOT_stimuli/rescaled_final/1431_rv.mp4	0.0	192.91873693466187	0.10071301460266113
34	168.15062594413757	fix_pre	0		117	32.0	2.5	/experiments/knapen_AOT/AOT_stimuli/rescaled_final/0431_fw.mp4	0.0	193.01944994926453	0.9911251068115234
34	169.13371992111206	pulse	0	t		32.0	2.5	/experiments/knapen_AOT/AOT_stimuli/rescaled_final/0431_fw.mp4	0.0	194.002543926239	
34	169.1417510509491	movie	1		245	32.0	2.5	/experiments/knapen_AOT/AOT_stimuli/rescaled_final/0431_fw.mp4	0.0	194.01057505607605	2.508713960647583
34	170.7345838546753	pulse	1	t		32.0	2.5	/experiments/knapen_AOT/AOT_stimuli/rescaled_final/0431_fw.mp4	0.0	195.60340785980225	
34	171.65046501159668	fix_post	2		12	32.0	2.5	/experiments/knapen_AOT/AOT_stimuli/rescaled_final/0431_fw.mp4	0.0	196.51928901672363	0.10000300407409668
35	171.75046801567078	fix_pre	0		120	33.0	2.5	/experiments/knapen_AOT/AOT_stimuli/rescaled_final/0605_fw.mp4	0.0	196.61929202079773	1.0001709461212158
35	172.33404898643494	pulse	0	t		33.0	2.5	/experiments/knapen_AOT/AOT_stimuli/rescaled_final/0605_fw.mp4	0.0	197.2028729915619	
35	172.750638961792	movie	1		243	33.0	2.5	/experiments/knapen_AOT/AOT_stimuli/rescaled_final/0605_fw.mp4	0.0	197.61946296691895	2.5003299713134766
35	173.93444991111755	pulse	1	t		33.0	2.5	/experiments/knapen_AOT/AOT_stimuli/rescaled_final/0605_fw.mp4	0.0	198.8032739162445	
35	175.25096893310547	fix_post	2		12	33.0	2.5	/experiments/knapen_AOT/AOT_stimuli/rescaled_final/0605_fw.mp4	0.0	200.11979293823242	0.10004091262817383
36	175.35100984573364	fix_pre	0		120	34.0	2.5	blank	1.0	200.2198338508606	1.000150203704834
36	175.53468298912048	pulse	0	t		34.0	2.5	blank	1.0	200.40350699424744	
36	176.35116004943848	movie	1		300	34.0	2.5	blank	1.0	201.21998405456543	2.500438928604126
36	177.1348819732666	pulse	1	t		34.0	2.5	blank	1.0	202.00370597839355	
36	178.73501300811768	pulse	1	t		34.0	2.5	blank	1.0	203.60383701324463	
36	178.8515989780426	fix_post	2		12	34.0	2.5	blank	1.0	203.72042298316956	0.09999489784240723
37	178.951593875885	fix_pre	0		120	35.0	2.5	/experiments/knapen_AOT/AOT_stimuli/rescaled_final/2058_rv.mp4	0.0	203.82041788101196	1.0001091957092285
37	179.95170307159424	movie	1		242	35.0	2.5	/experiments/knapen_AOT/AOT_stimuli/rescaled_final/2058_rv.mp4	0.0	204.8205270767212	2.492015838623047
37	180.33563995361328	pulse	1	t		35.0	2.5	/experiments/knapen_AOT/AOT_stimuli/rescaled_final/2058_rv.mp4	0.0	205.20446395874023	
37	181.93552494049072	pulse	1	t		35.0	2.5	/experiments/knapen_AOT/AOT_stimuli/rescaled_final/2058_rv.mp4	0.0	206.80434894561768	
37	182.44371891021729	fix_post	2		12	35.0	2.5	/experiments/knapen_AOT/AOT_stimuli/rescaled_final/2058_rv.mp4	0.0	207.31254291534424	0.10001015663146973
38	182.54372906684875	fix_pre	0		120	36.0	2.5	/experiments/knapen_AOT/AOT_stimuli/rescaled_final/1682_rv.mp4	0.0	207.4125530719757	1.0001699924468994
38	183.53585290908813	pulse	0	t		36.0	2.5	/experiments/knapen_AOT/AOT_stimuli/rescaled_final/1682_rv.mp4	0.0	208.4046769142151	
38	183.54389905929565	movie	1		245	36.0	2.5	/experiments/knapen_AOT/AOT_stimuli/rescaled_final/1682_rv.mp4	0.0	208.4127230644226	2.5087058544158936
38	185.14060306549072	pulse	1	t		36.0	2.5	/experiments/knapen_AOT/AOT_stimuli/rescaled_final/1682_rv.mp4	0.0	210.00942707061768	
38	186.05260491371155	fix_post	2		12	36.0	2.5	/experiments/knapen_AOT/AOT_stimuli/rescaled_final/1682_rv.mp4	0.0	210.9214289188385	0.1000969409942627
39	186.1527018547058	fix_pre	0		120	37.0	2.5	/experiments/knapen_AOT/AOT_stimuli/rescaled_final/1844_rv.mp4	0.0	211.02152585983276	1.00006103515625
39	186.73631286621094	pulse	0	t		37.0	2.5	/experiments/knapen_AOT/AOT_stimuli/rescaled_final/1844_rv.mp4	0.0	211.6051368713379	
39	187.15276288986206	movie	1		246	37.0	2.5	/experiments/knapen_AOT/AOT_stimuli/rescaled_final/1844_rv.mp4	0.0	212.021586894989	2.500386953353882
39	188.3365569114685	pulse	1	t		37.0	2.5	/experiments/knapen_AOT/AOT_stimuli/rescaled_final/1844_rv.mp4	0.0	213.20538091659546	
39	189.65314984321594	fix_post	2		12	37.0	2.5	/experiments/knapen_AOT/AOT_stimuli/rescaled_final/1844_rv.mp4	0.0	214.5219738483429	0.1000051498413086
40	189.75315499305725	fix_pre	0		120	38.0	2.5	/experiments/knapen_AOT/AOT_stimuli/rescaled_final/0204_fw.mp4	0.0	214.6219789981842	1.0001468658447266
40	189.93669605255127	pulse	0	t		38.0	2.5	/experiments/knapen_AOT/AOT_stimuli/rescaled_final/0204_fw.mp4	0.0	214.80552005767822	
40	190.75330185890198	movie	1		244	38.0	2.5	/experiments/knapen_AOT/AOT_stimuli/rescaled_final/0204_fw.mp4	0.0	215.62212586402893	2.500380039215088
40	191.5369369983673	pulse	1	t		38.0	2.5	/experiments/knapen_AOT/AOT_stimuli/rescaled_final/0204_fw.mp4	0.0	216.40576100349426	
40	193.13721799850464	pulse	1	t		38.0	2.5	/experiments/knapen_AOT/AOT_stimuli/rescaled_final/0204_fw.mp4	0.0	218.0060420036316	
40	193.25368189811707	fix_post	2		12	38.0	2.5	/experiments/knapen_AOT/AOT_stimuli/rescaled_final/0204_fw.mp4	0.0	218.12250590324402	0.10000896453857422
41	193.35369086265564	fix_pre	0		120	39.0	2.5	/experiments/knapen_AOT/AOT_stimuli/rescaled_final/0666_rv.mp4	0.0	218.2225148677826	1.0001590251922607
41	194.3538498878479	movie	1		247	39.0	2.5	/experiments/knapen_AOT/AOT_stimuli/rescaled_final/0666_rv.mp4	0.0	219.22267389297485	2.4920170307159424
41	194.73854088783264	pulse	1	t		39.0	2.5	/experiments/knapen_AOT/AOT_stimuli/rescaled_final/0666_rv.mp4	0.0	219.6073648929596	
41	196.33775997161865	pulse	1	t		39.0	2.5	/experiments/knapen_AOT/AOT_stimuli/rescaled_final/0666_rv.mp4	0.0	221.2065839767456	
41	196.84586691856384	fix_post	2		12	39.0	2.5	/experiments/knapen_AOT/AOT_stimuli/rescaled_final/0666_rv.mp4	0.0	221.7146909236908	0.10004615783691406
42	196.94591307640076	fix_pre	0		120	40.0	2.5	/experiments/knapen_AOT/AOT_stimuli/rescaled_final/1719_fw.mp4	0.0	221.8147370815277	1.0001299381256104
42	197.93792486190796	pulse	0	t		40.0	2.5	/experiments/knapen_AOT/AOT_stimuli/rescaled_final/1719_fw.mp4	0.0	222.8067488670349	
42	197.94604301452637	movie	1		249	40.0	2.5	/experiments/knapen_AOT/AOT_stimuli/rescaled_final/1719_fw.mp4	0.0	222.81486701965332	2.5087239742279053
42	199.53865599632263	pulse	1	t		40.0	2.5	/experiments/knapen_AOT/AOT_stimuli/rescaled_final/1719_fw.mp4	0.0	224.40748000144958	
42	200.45476698875427	fix_post	2		12	40.0	2.5	/experiments/knapen_AOT/AOT_stimuli/rescaled_final/1719_fw.mp4	0.0	225.32359099388123	0.09998106956481934
43	200.5547480583191	fix_pre	0		120	41.0	2.5	blank	1.0	225.42357206344604	1.000168800354004
43	201.13849997520447	pulse	0	t		41.0	2.5	blank	1.0	226.00732398033142	
43	201.5549168586731	movie	1		300	41.0	2.5	blank	1.0	226.42374086380005	2.5003881454467773
43	202.73874187469482	pulse	1	t		41.0	2.5	blank	1.0	227.60756587982178	
43	204.05530500411987	fix_post	2		12	41.0	2.5	blank	1.0	228.92412900924683	0.10000085830688477
44	204.15530586242676	fix_pre	0		120	42.0	2.5	/experiments/knapen_AOT/AOT_stimuli/rescaled_final/1127_rv.mp4	0.0	229.0241298675537	1.0001862049102783
44	204.33888387680054	pulse	0	t		42.0	2.5	/experiments/knapen_AOT/AOT_stimuli/rescaled_final/1127_rv.mp4	0.0	229.2077078819275	
44	205.15549206733704	movie	1		247	42.0	2.5	/experiments/knapen_AOT/AOT_stimuli/rescaled_final/1127_rv.mp4	0.0	230.024316072464	2.5003199577331543
44	205.93904185295105	pulse	1	t		42.0	2.5	/experiments/knapen_AOT/AOT_stimuli/rescaled_final/1127_rv.mp4	0.0	230.807865858078	
44	207.53937005996704	pulse	1	t		42.0	2.5	/experiments/knapen_AOT/AOT_stimuli/rescaled_final/1127_rv.mp4	0.0	232.408194065094	
44	207.6558120250702	fix_post	2		12	42.0	2.5	/experiments/knapen_AOT/AOT_stimuli/rescaled_final/1127_rv.mp4	0.0	232.52463603019714	0.10002899169921875
45	207.7558410167694	fix_pre	0		119	43.0	2.5	/experiments/knapen_AOT/AOT_stimuli/rescaled_final/0831_fw.mp4	0.0	232.62466502189636	0.9918780326843262
45	208.74771904945374	movie	1		246	43.0	2.5	/experiments/knapen_AOT/AOT_stimuli/rescaled_final/0831_fw.mp4	0.0	233.6165430545807	2.500288963317871
45	209.1397409439087	pulse	1	t		43.0	2.5	/experiments/knapen_AOT/AOT_stimuli/rescaled_final/0831_fw.mp4	0.0	234.00856494903564	
45	210.7399718761444	pulse	1	t		43.0	2.5	/experiments/knapen_AOT/AOT_stimuli/rescaled_final/0831_fw.mp4	0.0	235.60879588127136	
45	211.2480080127716	fix_post	2		12	43.0	2.5	/experiments/knapen_AOT/AOT_stimuli/rescaled_final/0831_fw.mp4	0.0	236.11683201789856	0.10000991821289062
46	211.3480179309845	fix_pre	0		120	44.0	2.5	/experiments/knapen_AOT/AOT_stimuli/rescaled_final/1427_rv.mp4	0.0	236.21684193611145	1.000190019607544
46	212.33999395370483	pulse	0	t		44.0	2.5	/experiments/knapen_AOT/AOT_stimuli/rescaled_final/1427_rv.mp4	0.0	237.2088179588318	
46	212.34820795059204	movie	1		250	44.0	2.5	/experiments/knapen_AOT/AOT_stimuli/rescaled_final/1427_rv.mp4	0.0	237.217031955719	2.5087521076202393
46	213.94080686569214	pulse	1	t		44.0	2.5	/experiments/knapen_AOT/AOT_stimuli/rescaled_final/1427_rv.mp4	0.0	238.8096308708191	
46	214.85696005821228	fix_post	2		12	44.0	2.5	/experiments/knapen_AOT/AOT_stimuli/rescaled_final/1427_rv.mp4	0.0	239.72578406333923	0.09996294975280762
47	214.9569230079651	fix_pre	0		120	45.0	2.5	/experiments/knapen_AOT/AOT_stimuli/rescaled_final/0127_rv.mp4	0.0	239.82574701309204	1.0001568794250488
47	215.54052186012268	pulse	0	t		45.0	2.5	/experiments/knapen_AOT/AOT_stimuli/rescaled_final/0127_rv.mp4	0.0	240.40934586524963	
47	215.95707988739014	movie	1		244	45.0	2.5	/experiments/knapen_AOT/AOT_stimuli/rescaled_final/0127_rv.mp4	0.0	240.8259038925171	2.5003390312194824
47	217.1409628391266	pulse	1	t		45.0	2.5	/experiments/knapen_AOT/AOT_stimuli/rescaled_final/0127_rv.mp4	0.0	242.00978684425354	
47	218.45741891860962	fix_post	2		12	45.0	2.5	/experiments/knapen_AOT/AOT_stimuli/rescaled_final/0127_rv.mp4	0.0	243.32624292373657	0.10001897811889648
48	218.55743789672852	fix_pre	0		120	46.0	2.5	/experiments/knapen_AOT/AOT_stimuli/rescaled_final/0831_rv.mp4	0.0	243.42626190185547	1.0002191066741943
48	218.73362684249878	pulse	0	t		46.0	2.5	/experiments/knapen_AOT/AOT_stimuli/rescaled_final/0831_rv.mp4	0.0	243.60245084762573	
48	219.5576570034027	movie	1		243	46.0	2.5	/experiments/knapen_AOT/AOT_stimuli/rescaled_final/0831_rv.mp4	0.0	244.42648100852966	2.5003340244293213
48	220.33381700515747	pulse	1	t		46.0	2.5	/experiments/knapen_AOT/AOT_stimuli/rescaled_final/0831_rv.mp4	0.0	245.20264101028442	
48	221.9415099620819	pulse	1	t		46.0	2.5	/experiments/knapen_AOT/AOT_stimuli/rescaled_final/0831_rv.mp4	0.0	246.81033396720886	
48	222.05799102783203	fix_post	2		12	46.0	2.5	/experiments/knapen_AOT/AOT_stimuli/rescaled_final/0831_rv.mp4	0.0	246.92681503295898	0.09997892379760742
49	222.15796995162964	fix_pre	0		119	47.0	2.5	/experiments/knapen_AOT/AOT_stimuli/rescaled_final/0627_rv.mp4	0.0	247.0267939567566	0.9918150901794434
49	223.14978504180908	movie	1		244	47.0	2.5	/experiments/knapen_AOT/AOT_stimuli/rescaled_final/0627_rv.mp4	0.0	248.01860904693604	2.5004630088806152
49	223.53406500816345	pulse	1	t		47.0	2.5	/experiments/knapen_AOT/AOT_stimuli/rescaled_final/0627_rv.mp4	0.0	248.4028890132904	
49	225.13368606567383	pulse	1	t		47.0	2.5	/experiments/knapen_AOT/AOT_stimuli/rescaled_final/0627_rv.mp4	0.0	250.00251007080078	
49	225.6502480506897	fix_post	2		12	47.0	2.5	/experiments/knapen_AOT/AOT_stimuli/rescaled_final/0627_rv.mp4	0.0	250.51907205581665	0.09995698928833008
50	225.75020503997803	fix_pre	0		119	48.0	2.5	blank	1.0	250.61902904510498	0.9918079376220703
50	226.73379802703857	pulse	0	t		48.0	2.5	blank	1.0	251.60262203216553	
50	226.7420129776001	movie	1		301	48.0	2.5	blank	1.0	251.61083698272705	2.5088000297546387
50	228.33406496047974	pulse	1	t		48.0	2.5	blank	1.0	253.2028889656067	
50	229.25081300735474	fix_post	2		10	48.0	2.5	blank	1.0	254.1196370124817	0.09993505477905273
51	229.3507480621338	fix_pre	0		120	49.0	2.5	/experiments/knapen_AOT/AOT_stimuli/rescaled_final/1487_fw.mp4	0.0	254.21957206726074	1.000126838684082
51	229.93433499336243	pulse	0	t		49.0	2.5	/experiments/knapen_AOT/AOT_stimuli/rescaled_final/1487_fw.mp4	0.0	254.80315899848938	
51	230.35087490081787	movie	1		247	49.0	2.5	/experiments/knapen_AOT/AOT_stimuli/rescaled_final/1487_fw.mp4	0.0	255.21969890594482	2.5003631114959717
51	231.5346279144287	pulse	1	t		49.0	2.5	/experiments/knapen_AOT/AOT_stimuli/rescaled_final/1487_fw.mp4	0.0	256.40345191955566	
51	232.85123801231384	fix_post	2		12	49.0	2.5	/experiments/knapen_AOT/AOT_stimuli/rescaled_final/1487_fw.mp4	0.0	257.7200620174408	0.10002803802490234
52	232.95126605033875	fix_pre	0		120	50.0	2.5	/experiments/knapen_AOT/AOT_stimuli/rescaled_final/0898_fw.mp4	0.0	257.8200900554657	1.0001609325408936
52	233.13481402397156	pulse	0	t		50.0	2.5	/experiments/knapen_AOT/AOT_stimuli/rescaled_final/0898_fw.mp4	0.0	258.0036380290985	
52	233.95142698287964	movie	1		244	50.0	2.5	/experiments/knapen_AOT/AOT_stimuli/rescaled_final/0898_fw.mp4	0.0	258.8202509880066	2.50034499168396
52	234.73501896858215	pulse	1	t		50.0	2.5	/experiments/knapen_AOT/AOT_stimuli/rescaled_final/0898_fw.mp4	0.0	259.6038429737091	
52	236.33536386489868	pulse	1	t		50.0	2.5	/experiments/knapen_AOT/AOT_stimuli/rescaled_final/0898_fw.mp4	0.0	261.20418787002563	
52	236.4517719745636	fix_post	2		12	50.0	2.5	/experiments/knapen_AOT/AOT_stimuli/rescaled_final/0898_fw.mp4	0.0	261.32059597969055	0.10004806518554688
53	236.55182003974915	fix_pre	0		119	51.0	2.5	/experiments/knapen_AOT/AOT_stimuli/rescaled_final/0324_fw.mp4	0.0	261.4206440448761	0.991858959197998
53	237.54367899894714	movie	1		243	51.0	2.5	/experiments/knapen_AOT/AOT_stimuli/rescaled_final/0324_fw.mp4	0.0	262.4125030040741	2.5003468990325928
53	237.9356758594513	pulse	1	t		51.0	2.5	/experiments/knapen_AOT/AOT_stimuli/rescaled_final/0324_fw.mp4	0.0	262.80449986457825	
53	239.53580904006958	pulse	1	t		51.0	2.5	/experiments/knapen_AOT/AOT_stimuli/rescaled_final/0324_fw.mp4	0.0	264.40463304519653	
53	240.04402589797974	fix_post	2		12	51.0	2.5	/experiments/knapen_AOT/AOT_stimuli/rescaled_final/0324_fw.mp4	0.0	264.9128499031067	0.09998202323913574
54	240.14400792121887	fix_pre	0		120	52.0	2.5	/experiments/knapen_AOT/AOT_stimuli/rescaled_final/1879_rv.mp4	0.0	265.0128319263458	1.0001850128173828
54	241.13599586486816	pulse	0	t		52.0	2.5	/experiments/knapen_AOT/AOT_stimuli/rescaled_final/1879_rv.mp4	0.0	266.0048198699951	
54	241.14419293403625	movie	1		245	52.0	2.5	/experiments/knapen_AOT/AOT_stimuli/rescaled_final/1879_rv.mp4	0.0	266.0130169391632	2.508629083633423
54	242.73766684532166	pulse	1	t		52.0	2.5	/experiments/knapen_AOT/AOT_stimuli/rescaled_final/1879_rv.mp4	0.0	267.6064908504486	
54	243.65282201766968	fix_post	2		12	52.0	2.5	/experiments/knapen_AOT/AOT_stimuli/rescaled_final/1879_rv.mp4	0.0	268.52164602279663	0.1000509262084961
55	243.75287294387817	fix_pre	0		120	53.0	2.5	/experiments/knapen_AOT/AOT_stimuli/rescaled_final/0250_rv.mp4	0.0	268.6216969490051	1.0001530647277832
55	244.33655405044556	pulse	0	t		53.0	2.5	/experiments/knapen_AOT/AOT_stimuli/rescaled_final/0250_rv.mp4	0.0	269.2053780555725	
55	244.75302600860596	movie	1		244	53.0	2.5	/experiments/knapen_AOT/AOT_stimuli/rescaled_final/0250_rv.mp4	0.0	269.6218500137329	2.500377893447876
55	245.9367949962616	pulse	1	t		53.0	2.5	/experiments/knapen_AOT/AOT_stimuli/rescaled_final/0250_rv.mp4	0.0	270.80561900138855	
55	247.25340390205383	fix_post	2		12	53.0	2.5	/experiments/knapen_AOT/AOT_stimuli/rescaled_final/0250_rv.mp4	0.0	272.1222279071808	0.10002493858337402
56	247.3534288406372	fix_pre	0		120	54.0	2.5	/experiments/knapen_AOT/AOT_stimuli/rescaled_final/1417_fw.mp4	0.0	272.22225284576416	1.000115156173706
56	247.53690886497498	pulse	0	t		54.0	2.5	/experiments/knapen_AOT/AOT_stimuli/rescaled_final/1417_fw.mp4	0.0	272.40573287010193	
56	248.3535439968109	movie	1		244	54.0	2.5	/experiments/knapen_AOT/AOT_stimuli/rescaled_final/1417_fw.mp4	0.0	273.22236800193787	2.5003719329833984
56	249.13733005523682	pulse	1	t		54.0	2.5	/experiments/knapen_AOT/AOT_stimuli/rescaled_final/1417_fw.mp4	0.0	274.00615406036377	
56	250.73500990867615	pulse	1	t		54.0	2.5	/experiments/knapen_AOT/AOT_stimuli/rescaled_final/1417_fw.mp4	0.0	275.6038339138031	
56	250.8539159297943	fix_post	2		12	54.0	2.5	/experiments/knapen_AOT/AOT_stimuli/rescaled_final/1417_fw.mp4	0.0	275.72273993492126	0.10008001327514648
57	250.95399594306946	fix_pre	0		120	55.0	2.5	/experiments/knapen_AOT/AOT_stimuli/rescaled_final/0086_fw.mp4	0.0	275.8228199481964	1.0000998973846436
57	251.9540958404541	movie	1		243	55.0	2.5	/experiments/knapen_AOT/AOT_stimuli/rescaled_final/0086_fw.mp4	0.0	276.82291984558105	2.4920270442962646
57	252.33857107162476	pulse	1	t		55.0	2.5	/experiments/knapen_AOT/AOT_stimuli/rescaled_final/0086_fw.mp4	0.0	277.2073950767517	
57	253.93789505958557	pulse	1	t		55.0	2.5	/experiments/knapen_AOT/AOT_stimuli/rescaled_final/0086_fw.mp4	0.0	278.8067190647125	
57	254.44612288475037	fix_post	2		12	55.0	2.5	/experiments/knapen_AOT/AOT_stimuli/rescaled_final/0086_fw.mp4	0.0	279.3149468898773	0.10004305839538574
58	254.54616594314575	fix_pre	0		120	56.0	2.5	blank	1.0	279.4149899482727	1.0001280307769775
58	255.53816890716553	pulse	0	t		56.0	2.5	blank	1.0	280.4069929122925	
58	255.54629397392273	movie	1		301	56.0	2.5	blank	1.0	280.4151179790497	2.508744955062866
58	257.1385328769684	pulse	1	t		56.0	2.5	blank	1.0	282.00735688209534	
58	258.0550389289856	fix_post	2		12	56.0	2.5	blank	1.0	282.92386293411255	0.09998893737792969
59	258.1550278663635	fix_pre	0		120	57.0	2.5	/experiments/knapen_AOT/AOT_stimuli/rescaled_final/0526_fw.mp4	0.0	283.0238518714905	1.0001580715179443
59	258.73870396614075	pulse	0	t		57.0	2.5	/experiments/knapen_AOT/AOT_stimuli/rescaled_final/0526_fw.mp4	0.0	283.6075279712677	
59	259.15518593788147	movie	1		245	57.0	2.5	/experiments/knapen_AOT/AOT_stimuli/rescaled_final/0526_fw.mp4	0.0	284.0240099430084	2.5004091262817383
59	260.3389570713043	pulse	1	t		57.0	2.5	/experiments/knapen_AOT/AOT_stimuli/rescaled_final/0526_fw.mp4	0.0	285.2077810764313	
59	261.6555950641632	fix_post	2		12	57.0	2.5	/experiments/knapen_AOT/AOT_stimuli/rescaled_final/0526_fw.mp4	0.0	286.52441906929016	0.09996294975280762
60	261.755558013916	fix_pre	0		120	58.0	2.5	/experiments/knapen_AOT/AOT_stimuli/rescaled_final/1127_fw.mp4	0.0	286.62438201904297	1.0001568794250488
60	261.93915700912476	pulse	0	t		58.0	2.5	/experiments/knapen_AOT/AOT_stimuli/rescaled_final/1127_fw.mp4	0.0	286.8079810142517	
60	262.75571489334106	movie	1		245	58.0	2.5	/experiments/knapen_AOT/AOT_stimuli/rescaled_final/1127_fw.mp4	0.0	287.624538898468	2.5004000663757324
60	263.5394928455353	pulse	1	t		58.0	2.5	/experiments/knapen_AOT/AOT_stimuli/rescaled_final/1127_fw.mp4	0.0	288.40831685066223	
60	265.13720202445984	pulse	1	t		58.0	2.5	/experiments/knapen_AOT/AOT_stimuli/rescaled_final/1127_fw.mp4	0.0	290.0060260295868	
60	265.2561149597168	fix_post	2		12	58.0	2.5	/experiments/knapen_AOT/AOT_stimuli/rescaled_final/1127_fw.mp4	0.0	290.12493896484375	0.09998607635498047
61	265.3561010360718	fix_pre	0		120	59.0	2.5	/experiments/knapen_AOT/AOT_stimuli/rescaled_final/0574_rv.mp4	0.0	290.22492504119873	1.0001459121704102
61	266.3562469482422	movie	1		245	59.0	2.5	/experiments/knapen_AOT/AOT_stimuli/rescaled_final/0574_rv.mp4	0.0	291.22507095336914	2.492055892944336
61	266.74048805236816	pulse	1	t		59.0	2.5	/experiments/knapen_AOT/AOT_stimuli/rescaled_final/0574_rv.mp4	0.0	291.6093120574951	
61	268.3400409221649	pulse	1	t		59.0	2.5	/experiments/knapen_AOT/AOT_stimuli/rescaled_final/0574_rv.mp4	0.0	293.20886492729187	
61	268.8483028411865	fix_post	2		12	59.0	2.5	/experiments/knapen_AOT/AOT_stimuli/rescaled_final/0574_rv.mp4	0.0	293.7171268463135	0.10001206398010254
62	268.9483149051666	fix_pre	0		120	60.0	2.5	/experiments/knapen_AOT/AOT_stimuli/rescaled_final/2013_fw.mp4	0.0	293.8171389102936	1.0001599788665771
62	269.94031405448914	pulse	0	t		60.0	2.5	/experiments/knapen_AOT/AOT_stimuli/rescaled_final/2013_fw.mp4	0.0	294.8091380596161	
62	269.9484748840332	movie	1		246	60.0	2.5	/experiments/knapen_AOT/AOT_stimuli/rescaled_final/2013_fw.mp4	0.0	294.81729888916016	2.508660078048706
62	271.54113698005676	pulse	1	t		60.0	2.5	/experiments/knapen_AOT/AOT_stimuli/rescaled_final/2013_fw.mp4	0.0	296.4099609851837	
62	272.4571349620819	fix_post	2		12	60.0	2.5	/experiments/knapen_AOT/AOT_stimuli/rescaled_final/2013_fw.mp4	0.0	297.32595896720886	0.1000208854675293
63	272.55715584754944	fix_pre	0		120	61.0	2.5	/experiments/knapen_AOT/AOT_stimuli/rescaled_final/1427_rv.mp4	0.0	297.4259798526764	1.0001771450042725
63	273.133348941803	pulse	0	t		61.0	2.5	/experiments/knapen_AOT/AOT_stimuli/rescaled_final/1427_rv.mp4	0.0	298.00217294692993	
63	273.5573329925537	movie	1		248	61.0	2.5	/experiments/knapen_AOT/AOT_stimuli/rescaled_final/1427_rv.mp4	0.0	298.42615699768066	2.5003719329833984
63	274.73343896865845	pulse	1	t		61.0	2.5	/experiments/knapen_AOT/AOT_stimuli/rescaled_final/1427_rv.mp4	0.0	299.6022629737854	
63	276.0577049255371	fix_post	2		12	61.0	2.5	/experiments/knapen_AOT/AOT_stimuli/rescaled_final/1427_rv.mp4	0.0	300.92652893066406	0.10003995895385742
64	276.15774488449097	fix_pre	0		120	62.0	2.5	blank	1.0	301.0265688896179	1.0001029968261719
64	276.33376288414	pulse	0	t		62.0	2.5	blank	1.0	301.20258688926697	
64	277.15784788131714	movie	1		300	62.0	2.5	blank	1.0	302.0266718864441	2.5003840923309326
64	277.9331579208374	pulse	1	t		62.0	2.5	blank	1.0	302.80198192596436	
64	279.5333969593048	pulse	1	t		62.0	2.5	blank	1.0	304.40222096443176	
64	279.65823197364807	fix_post	2		12	62.0	2.5	blank	1.0	304.527055978775	0.10000395774841309
65	279.7582359313965	fix_pre	0		120	63.0	2.5	/experiments/knapen_AOT/AOT_stimuli/rescaled_final/0058_fw.mp4	0.0	304.62705993652344	1.0001540184020996
65	280.7583899497986	movie	1		246	63.0	2.5	/experiments/knapen_AOT/AOT_stimuli/rescaled_final/0058_fw.mp4	0.0	305.62721395492554	2.492034912109375
65	281.1337368488312	pulse	1	t		63.0	2.5	/experiments/knapen_AOT/AOT_stimuli/rescaled_final/0058_fw.mp4	0.0	306.00256085395813	
65	282.73398089408875	pulse	1	t		63.0	2.5	/experiments/knapen_AOT/AOT_stimuli/rescaled_final/0058_fw.mp4	0.0	307.6028048992157	
65	283.25042486190796	fix_post	2		12	63.0	2.5	/experiments/knapen_AOT/AOT_stimuli/rescaled_final/0058_fw.mp4	0.0	308.1192488670349	0.10002303123474121
66	283.3504478931427	fix_pre	0		119	64.0	2.5	/experiments/knapen_AOT/AOT_stimuli/rescaled_final/1209_fw.mp4	0.0	308.21927189826965	0.9918460845947266
66	284.334086894989	pulse	0	t		64.0	2.5	/experiments/knapen_AOT/AOT_stimuli/rescaled_final/1209_fw.mp4	0.0	309.20291090011597	
66	284.3422939777374	movie	1		246	64.0	2.5	/experiments/knapen_AOT/AOT_stimuli/rescaled_final/1209_fw.mp4	0.0	309.2111179828644	2.508660078048706
66	285.9390778541565	pulse	1	t		64.0	2.5	/experiments/knapen_AOT/AOT_stimuli/rescaled_final/1209_fw.mp4	0.0	310.80790185928345	
66	286.85095405578613	fix_post	2		12	64.0	2.5	/experiments/knapen_AOT/AOT_stimuli/rescaled_final/1209_fw.mp4	0.0	311.7197780609131	0.10004997253417969
67	286.9510040283203	fix_pre	0		120	65.0	2.5	/experiments/knapen_AOT/AOT_stimuli/rescaled_final/0265_rv.mp4	0.0	311.81982803344727	1.0001399517059326
67	287.53459095954895	pulse	0	t		65.0	2.5	/experiments/knapen_AOT/AOT_stimuli/rescaled_final/0265_rv.mp4	0.0	312.4034149646759	
67	287.95114398002625	movie	1		240	65.0	2.5	/experiments/knapen_AOT/AOT_stimuli/rescaled_final/0265_rv.mp4	0.0	312.8199679851532	2.500369071960449
67	289.13490104675293	pulse	1	t		65.0	2.5	/experiments/knapen_AOT/AOT_stimuli/rescaled_final/0265_rv.mp4	0.0	314.0037250518799	
67	290.4515130519867	fix_post	2		12	65.0	2.5	/experiments/knapen_AOT/AOT_stimuli/rescaled_final/0265_rv.mp4	0.0	315.32033705711365	0.10007691383361816
68	290.5515899658203	fix_pre	0		120	66.0	2.5	/experiments/knapen_AOT/AOT_stimuli/rescaled_final/1747_rv.mp4	0.0	315.42041397094727	1.000087022781372
68	290.73511695861816	pulse	0	t		66.0	2.5	/experiments/knapen_AOT/AOT_stimuli/rescaled_final/1747_rv.mp4	0.0	315.6039409637451	
68	291.5516769886017	movie	1		244	66.0	2.5	/experiments/knapen_AOT/AOT_stimuli/rescaled_final/1747_rv.mp4	0.0	316.42050099372864	2.5003628730773926
68	292.3353519439697	pulse	1	t		66.0	2.5	/experiments/knapen_AOT/AOT_stimuli/rescaled_final/1747_rv.mp4	0.0	317.2041759490967	
68	293.9355618953705	pulse	1	t		66.0	2.5	/experiments/knapen_AOT/AOT_stimuli/rescaled_final/1747_rv.mp4	0.0	318.80438590049744	
68	294.0520398616791	fix_post	2		12	66.0	2.5	/experiments/knapen_AOT/AOT_stimuli/rescaled_final/1747_rv.mp4	0.0	318.92086386680603	0.10000109672546387
69	294.15204095840454	fix_pre	0		119	67.0	2.5	/experiments/knapen_AOT/AOT_stimuli/rescaled_final/0126_fw.mp4	0.0	319.0208649635315	0.9918549060821533
69	295.1438958644867	movie	1		244	67.0	2.5	/experiments/knapen_AOT/AOT_stimuli/rescaled_final/0126_fw.mp4	0.0	320.01271986961365	2.500429153442383
69	295.53587794303894	pulse	1	t		67.0	2.5	/experiments/knapen_AOT/AOT_stimuli/rescaled_final/0126_fw.mp4	0.0	320.4047019481659	
69	297.13597989082336	pulse	1	t		67.0	2.5	/experiments/knapen_AOT/AOT_stimuli/rescaled_final/0126_fw.mp4	0.0	322.0048038959503	
69	297.6443250179291	fix_post	2		12	67.0	2.5	/experiments/knapen_AOT/AOT_stimuli/rescaled_final/0126_fw.mp4	0.0	322.51314902305603	0.09994888305664062
70	297.7442739009857	fix_pre	0		120	68.0	2.5	/experiments/knapen_AOT/AOT_stimuli/rescaled_final/0033_rv.mp4	0.0	322.61309790611267	1.0001649856567383
70	298.73624086380005	pulse	0	t		68.0	2.5	/experiments/knapen_AOT/AOT_stimuli/rescaled_final/0033_rv.mp4	0.0	323.605064868927	
70	298.74443888664246	movie	1		246	68.0	2.5	/experiments/knapen_AOT/AOT_stimuli/rescaled_final/0033_rv.mp4	0.0	323.6132628917694	2.508646011352539
70	300.33713388442993	pulse	1	t		68.0	2.5	/experiments/knapen_AOT/AOT_stimuli/rescaled_final/0033_rv.mp4	0.0	325.2059578895569	
70	301.253084897995	fix_post	2		12	68.0	2.5	/experiments/knapen_AOT/AOT_stimuli/rescaled_final/0033_rv.mp4	0.0	326.12190890312195	0.10003900527954102
71	301.35312390327454	fix_pre	0		120	69.0	2.5	blank	1.0	326.2219479084015	1.0002200603485107
71	301.9368140697479	pulse	0	t		69.0	2.5	blank	1.0	326.8056380748749	
71	302.35334396362305	movie	1		300	69.0	2.5	blank	1.0	327.22216796875	2.50032901763916
71	303.53701400756836	pulse	1	t		69.0	2.5	blank	1.0	328.4058380126953	
71	304.8536729812622	fix_post	2		12	69.0	2.5	blank	1.0	329.72249698638916	0.09999895095825195
72	304.95367193222046	fix_pre	0		120	70.0	2.5	/experiments/knapen_AOT/AOT_stimuli/rescaled_final/1643_fw.mp4	0.0	329.8224959373474	1.0002081394195557
72	305.137286901474	pulse	0	t		70.0	2.5	/experiments/knapen_AOT/AOT_stimuli/rescaled_final/1643_fw.mp4	0.0	330.00611090660095	
72	305.95388007164	movie	1		243	70.0	2.5	/experiments/knapen_AOT/AOT_stimuli/rescaled_final/1643_fw.mp4	0.0	330.82270407676697	2.500330924987793
72	306.73751401901245	pulse	1	t		70.0	2.5	/experiments/knapen_AOT/AOT_stimuli/rescaled_final/1643_fw.mp4	0.0	331.6063380241394	
72	308.3379249572754	pulse	1	t		70.0	2.5	/experiments/knapen_AOT/AOT_stimuli/rescaled_final/1643_fw.mp4	0.0	333.20674896240234	
72	308.4542109966278	fix_post	2		12	70.0	2.5	/experiments/knapen_AOT/AOT_stimuli/rescaled_final/1643_fw.mp4	0.0	333.32303500175476	0.10001993179321289
73	308.554230928421	fix_pre	0		119	71.0	2.5	/experiments/knapen_AOT/AOT_stimuli/rescaled_final/0955_fw.mp4	0.0	333.423054933548	0.9917759895324707
73	309.5460069179535	movie	1		244	71.0	2.5	/experiments/knapen_AOT/AOT_stimuli/rescaled_final/0955_fw.mp4	0.0	334.41483092308044	2.500378131866455
73	309.93795704841614	pulse	1	t		71.0	2.5	/experiments/knapen_AOT/AOT_stimuli/rescaled_final/0955_fw.mp4	0.0	334.8067810535431	
73	311.53825187683105	pulse	1	t		71.0	2.5	/experiments/knapen_AOT/AOT_stimuli/rescaled_final/0955_fw.mp4	0.0	336.407075881958	
73	312.04638504981995	fix_post	2		12	71.0	2.5	/experiments/knapen_AOT/AOT_stimuli/rescaled_final/0955_fw.mp4	0.0	336.9152090549469	0.10001087188720703
74	312.14639592170715	fix_pre	0		120	72.0	2.5	/experiments/knapen_AOT/AOT_stimuli/rescaled_final/0781_fw.mp4	0.0	337.0152199268341	1.0001659393310547
74	313.1384370326996	pulse	0	t		72.0	2.5	/experiments/knapen_AOT/AOT_stimuli/rescaled_final/0781_fw.mp4	0.0	338.00726103782654	
74	313.1465618610382	movie	1		246	72.0	2.5	/experiments/knapen_AOT/AOT_stimuli/rescaled_final/0781_fw.mp4	0.0	338.01538586616516	2.508683204650879
74	314.7429189682007	pulse	1	t		72.0	2.5	/experiments/knapen_AOT/AOT_stimuli/rescaled_final/0781_fw.mp4	0.0	339.61174297332764	
74	315.6552450656891	fix_post	2		12	72.0	2.5	/experiments/knapen_AOT/AOT_stimuli/rescaled_final/0781_fw.mp4	0.0	340.52406907081604	0.10003089904785156
75	315.75527596473694	fix_pre	0		120	73.0	2.5	/experiments/knapen_AOT/AOT_stimuli/rescaled_final/1503_rv.mp4	0.0	340.6240999698639	1.0001630783081055
75	316.3389298915863	pulse	0	t		73.0	2.5	/experiments/knapen_AOT/AOT_stimuli/rescaled_final/1503_rv.mp4	0.0	341.20775389671326	
75	316.75543904304504	movie	1		245	73.0	2.5	/experiments/knapen_AOT/AOT_stimuli/rescaled_final/1503_rv.mp4	0.0	341.624263048172	2.5003509521484375
75	317.9392309188843	pulse	1	t		73.0	2.5	/experiments/knapen_AOT/AOT_stimuli/rescaled_final/1503_rv.mp4	0.0	342.80805492401123	
75	319.2557899951935	fix_post	2		12	73.0	2.5	/experiments/knapen_AOT/AOT_stimuli/rescaled_final/1503_rv.mp4	0.0	344.12461400032043	0.10003805160522461
76	319.3558280467987	fix_pre	0		120	74.0	2.5	/experiments/knapen_AOT/AOT_stimuli/rescaled_final/2052_fw.mp4	0.0	344.22465205192566	1.0001578330993652
76	319.53938698768616	pulse	0	t		74.0	2.5	/experiments/knapen_AOT/AOT_stimuli/rescaled_final/2052_fw.mp4	0.0	344.4082109928131	
76	320.35598587989807	movie	1		245	74.0	2.5	/experiments/knapen_AOT/AOT_stimuli/rescaled_final/2052_fw.mp4	0.0	345.224809885025	2.5003390312194824
76	321.1396539211273	pulse	1	t		74.0	2.5	/experiments/knapen_AOT/AOT_stimuli/rescaled_final/2052_fw.mp4	0.0	346.0084779262543	
76	322.73746490478516	pulse	1	t		74.0	2.5	/experiments/knapen_AOT/AOT_stimuli/rescaled_final/2052_fw.mp4	0.0	347.6062889099121	
76	322.85632491111755	fix_post	2		12	74.0	2.5	/experiments/knapen_AOT/AOT_stimuli/rescaled_final/2052_fw.mp4	0.0	347.7251489162445	0.10000896453857422
77	322.9563338756561	fix_pre	0		120	75.0	2.5	/experiments/knapen_AOT/AOT_stimuli/rescaled_final/0127_fw.mp4	0.0	347.8251578807831	1.000195026397705
77	323.95652890205383	movie	1		243	75.0	2.5	/experiments/knapen_AOT/AOT_stimuli/rescaled_final/0127_fw.mp4	0.0	348.8253529071808	2.492037057876587
77	324.34095001220703	pulse	1	t		75.0	2.5	/experiments/knapen_AOT/AOT_stimuli/rescaled_final/0127_fw.mp4	0.0	349.209774017334	
77	325.94045186042786	pulse	1	t		75.0	2.5	/experiments/knapen_AOT/AOT_stimuli/rescaled_final/0127_fw.mp4	0.0	350.8092758655548	
77	326.4485659599304	fix_post	2		12	75.0	2.5	/experiments/knapen_AOT/AOT_stimuli/rescaled_final/0127_fw.mp4	0.0	351.3173899650574	0.09999203681945801
78	326.5485579967499	fix_pre	0		120	76.0	2.5	blank	1.0	351.41738200187683	1.0001778602600098
78	327.54057002067566	pulse	0	t		76.0	2.5	blank	1.0	352.4093940258026	
78	327.5487358570099	movie	1		301	76.0	2.5	blank	1.0	352.41755986213684	2.508700132369995
78	329.140830039978	pulse	1	t		76.0	2.5	blank	1.0	354.009654045105	
78	330.0574359893799	fix_post	2		12	76.0	2.5	blank	1.0	354.92625999450684	0.10002493858337402
79	330.15746092796326	fix_pre	0		120	77.0	2.5	/experiments/knapen_AOT/AOT_stimuli/rescaled_final/1145_rv.mp4	0.0	355.0262849330902	1.0001299381256104
79	330.741014957428	pulse	0	t		77.0	2.5	/experiments/knapen_AOT/AOT_stimuli/rescaled_final/1145_rv.mp4	0.0	355.60983896255493	
79	331.15759086608887	movie	1		246	77.0	2.5	/experiments/knapen_AOT/AOT_stimuli/rescaled_final/1145_rv.mp4	0.0	356.0264148712158	2.500368118286133
79	332.33407402038574	pulse	1	t		77.0	2.5	/experiments/knapen_AOT/AOT_stimuli/rescaled_final/1145_rv.mp4	0.0	357.2028980255127	
79	333.657958984375	fix_post	2		12	77.0	2.5	/experiments/knapen_AOT/AOT_stimuli/rescaled_final/1145_rv.mp4	0.0	358.52678298950195	0.10002803802490234
80	333.7579870223999	fix_pre	0		120	78.0	2.5	/experiments/knapen_AOT/AOT_stimuli/rescaled_final/0412_rv.mp4	0.0	358.62681102752686	1.0001678466796875
80	333.9341330528259	pulse	0	t		78.0	2.5	/experiments/knapen_AOT/AOT_stimuli/rescaled_final/0412_rv.mp4	0.0	358.8029570579529	
80	334.7581548690796	movie	1		246	78.0	2.5	/experiments/knapen_AOT/AOT_stimuli/rescaled_final/0412_rv.mp4	0.0	359.62697887420654	2.5003700256347656
80	335.53444504737854	pulse	1	t		78.0	2.5	/experiments/knapen_AOT/AOT_stimuli/rescaled_final/0412_rv.mp4	0.0	360.4032690525055	
80	337.13376903533936	pulse	1	t		78.0	2.5	/experiments/knapen_AOT/AOT_stimuli/rescaled_final/0412_rv.mp4	0.0	362.0025930404663	
80	337.25852489471436	fix_post	2		12	78.0	2.5	/experiments/knapen_AOT/AOT_stimuli/rescaled_final/0412_rv.mp4	0.0	362.1273488998413	0.09997701644897461
81	337.35850191116333	fix_pre	0		120	79.0	2.5	/experiments/knapen_AOT/AOT_stimuli/rescaled_final/1164_rv.mp4	0.0	362.2273259162903	1.0001540184020996
81	338.35865592956543	movie	1		243	79.0	2.5	/experiments/knapen_AOT/AOT_stimuli/rescaled_final/1164_rv.mp4	0.0	363.2274799346924	2.4920449256896973
81	338.7338800430298	pulse	1	t		79.0	2.5	/experiments/knapen_AOT/AOT_stimuli/rescaled_final/1164_rv.mp4	0.0	363.60270404815674	
81	340.33421301841736	pulse	1	t		79.0	2.5	/experiments/knapen_AOT/AOT_stimuli/rescaled_final/1164_rv.mp4	0.0	365.2030370235443	
81	340.8507008552551	fix_post	2		12	79.0	2.5	/experiments/knapen_AOT/AOT_stimuli/rescaled_final/1164_rv.mp4	0.0	365.7195248603821	0.10001707077026367
82	340.9507179260254	fix_pre	0		119	80.0	2.5	/experiments/knapen_AOT/AOT_stimuli/rescaled_final/0204_fw.mp4	0.0	365.81954193115234	0.9918200969696045
82	341.9344210624695	pulse	0	t		80.0	2.5	/experiments/knapen_AOT/AOT_stimuli/rescaled_final/0204_fw.mp4	0.0	366.80324506759644	
82	341.942538022995	movie	1		245	80.0	2.5	/experiments/knapen_AOT/AOT_stimuli/rescaled_final/0204_fw.mp4	0.0	366.81136202812195	2.508788824081421
82	343.53516387939453	pulse	1	t		80.0	2.5	/experiments/knapen_AOT/AOT_stimuli/rescaled_final/0204_fw.mp4	0.0	368.4039878845215	
82	344.4513268470764	fix_post	2		12	80.0	2.5	/experiments/knapen_AOT/AOT_stimuli/rescaled_final/0204_fw.mp4	0.0	369.32015085220337	0.09991121292114258
83	344.55123805999756	fix_pre	0		120	81.0	2.5	/experiments/knapen_AOT/AOT_stimuli/rescaled_final/0409_rv.mp4	0.0	369.4200620651245	1.0001819133758545
83	345.134850025177	pulse	0	t		81.0	2.5	/experiments/knapen_AOT/AOT_stimuli/rescaled_final/0409_rv.mp4	0.0	370.00367403030396	
83	345.5514199733734	movie	1		245	81.0	2.5	/experiments/knapen_AOT/AOT_stimuli/rescaled_final/0409_rv.mp4	0.0	370.42024397850037	2.5003550052642822
83	346.73516488075256	pulse	1	t		81.0	2.5	/experiments/knapen_AOT/AOT_stimuli/rescaled_final/0409_rv.mp4	0.0	371.6039888858795	
83	348.0517749786377	fix_post	2		12	81.0	2.5	/experiments/knapen_AOT/AOT_stimuli/rescaled_final/0409_rv.mp4	0.0	372.92059898376465	0.10000205039978027
84	348.1517770290375	fix_pre	0		120	82.0	2.5	/experiments/knapen_AOT/AOT_stimuli/rescaled_final/0577_fw.mp4	0.0	373.02060103416443	1.0012869834899902
84	348.3354618549347	pulse	0	t		82.0	2.5	/experiments/knapen_AOT/AOT_stimuli/rescaled_final/0577_fw.mp4	0.0	373.20428586006165	
84	349.15306401252747	movie	1		240	82.0	2.5	/experiments/knapen_AOT/AOT_stimuli/rescaled_final/0577_fw.mp4	0.0	374.0218880176544	2.49924898147583
84	349.9355700016022	pulse	1	t		82.0	2.5	/experiments/knapen_AOT/AOT_stimuli/rescaled_final/0577_fw.mp4	0.0	374.8043940067291	
84	351.5358259677887	pulse	1	t		82.0	2.5	/experiments/knapen_AOT/AOT_stimuli/rescaled_final/0577_fw.mp4	0.0	376.40464997291565	
84	351.6523129940033	fix_post	2		12	82.0	2.5	/experiments/knapen_AOT/AOT_stimuli/rescaled_final/0577_fw.mp4	0.0	376.52113699913025	0.09999203681945801
85	351.75230503082275	fix_pre	0		120	83.0	2.5	blank	1.0	376.6211290359497	1.000175952911377
85	352.75248098373413	movie	1		299	83.0	2.5	blank	1.0	377.6213049888611	2.4920270442962646
85	353.136088848114	pulse	1	t		83.0	2.5	blank	1.0	378.00491285324097	
85	354.7363328933716	pulse	1	t		83.0	2.5	blank	1.0	379.60515689849854	
85	355.2445080280304	fix_post	2		12	83.0	2.5	blank	1.0	380.11333203315735	0.10000801086425781
87	355.34451603889465	stim	0		1716					380.2133400440216	14.302198886871338
87	356.336562871933	pulse	0	t						381.20538687705994	
87	357.9367470741272	pulse	0	t						382.80557107925415	
87	359.5369279384613	pulse	0	t						384.40575194358826	
87	361.1373450756073	pulse	0	t						386.00616908073425	
87	362.7375228404999	pulse	0	t						387.60634684562683	
87	364.33775091171265	pulse	0	t						389.2065749168396	
87	365.937903881073	pulse	0	t						390.80672788619995	
87	367.53822207450867	pulse	0	t						392.4070460796356	
87	369.1384699344635	pulse	0	t						394.00729393959045	
