trial_nr	onset	event_type	phase	response	nr_frames	movie_index	movie_duration	movie_file	blank	onset_abs	duration
0	0.20836997032165527	stim	0		1126					65.58986496925354	9.384551048278809
0	9.584970951080322	response	0	space						74.9664659500122	
1	9.592921018600464	stim	0		4648					74.97441601753235	38.75237679481506
1	48.330265045166016	pulse	0	t						113.7117600440979	
1	48.34529781341553	stim	1		1715					113.72679281234741	14.297267198562622
1	49.92427086830139	pulse	1	t						115.30576586723328	
1	51.52442002296448	pulse	1	t						116.90591502189636	
1	53.12460803985596	pulse	1	t						118.50610303878784	
1	54.724833965301514	pulse	1	t						120.1063289642334	
1	56.325161933898926	pulse	1	t						121.70665693283081	
1	57.92539191246033	pulse	1	t						123.30688691139221	
1	59.52550482749939	pulse	1	t						124.90699982643127	
1	61.12576198577881	pulse	1	t						126.5072569847107	
2	62.64256501197815	fix_pre	0		11	0.0	2.5	/experiments/knapen_AOT/AOT_stimuli/rescaled_final/1122_rv.mp4	0.0	128.02406001091003	0.09170889854431152
2	62.72601795196533	pulse	0	t		0.0	2.5	/experiments/knapen_AOT/AOT_stimuli/rescaled_final/1122_rv.mp4	0.0	128.10751295089722	
2	62.73427391052246	movie	1		244	0.0	2.5	/experiments/knapen_AOT/AOT_stimuli/rescaled_final/1122_rv.mp4	0.0	128.11576890945435	2.508646011352539
2	64.32695603370667	pulse	1	t		0.0	2.5	/experiments/knapen_AOT/AOT_stimuli/rescaled_final/1122_rv.mp4	0.0	129.70845103263855	
2	65.242919921875	fix_post	2		12	0.0	2.5	/experiments/knapen_AOT/AOT_stimuli/rescaled_final/1122_rv.mp4	0.0	130.62441492080688	0.10001492500305176
3	65.34293484687805	fix_pre	0		120	1.0	2.5	/experiments/knapen_AOT/AOT_stimuli/rescaled_final/0552_fw.mp4	0.0	130.72442984580994	1.000162124633789
3	65.92653584480286	pulse	0	t		1.0	2.5	/experiments/knapen_AOT/AOT_stimuli/rescaled_final/0552_fw.mp4	0.0	131.30803084373474	
3	66.34309697151184	movie	1		245	1.0	2.5	/experiments/knapen_AOT/AOT_stimuli/rescaled_final/0552_fw.mp4	0.0	131.72459197044373	2.5003409385681152
3	67.52690696716309	pulse	1	t		1.0	2.5	/experiments/knapen_AOT/AOT_stimuli/rescaled_final/0552_fw.mp4	0.0	132.90840196609497	
3	68.84343791007996	fix_post	2		12	1.0	2.5	/experiments/knapen_AOT/AOT_stimuli/rescaled_final/0552_fw.mp4	0.0	134.22493290901184	0.10003399848937988
4	68.94347190856934	fix_pre	0		120	2.0	2.5	/experiments/knapen_AOT/AOT_stimuli/rescaled_final/0583_rv.mp4	0.0	134.32496690750122	1.000204086303711
4	69.12704300880432	pulse	0	t		2.0	2.5	/experiments/knapen_AOT/AOT_stimuli/rescaled_final/0583_rv.mp4	0.0	134.5085380077362	
4	69.94367599487305	movie	1		244	2.0	2.5	/experiments/knapen_AOT/AOT_stimuli/rescaled_final/0583_rv.mp4	0.0	135.32517099380493	2.500311851501465
4	70.7272298336029	pulse	1	t		2.0	2.5	/experiments/knapen_AOT/AOT_stimuli/rescaled_final/0583_rv.mp4	0.0	136.1087248325348	
4	72.32752394676208	pulse	1	t		2.0	2.5	/experiments/knapen_AOT/AOT_stimuli/rescaled_final/0583_rv.mp4	0.0	137.70901894569397	
4	72.44398784637451	fix_post	2		12	2.0	2.5	/experiments/knapen_AOT/AOT_stimuli/rescaled_final/0583_rv.mp4	0.0	137.8254828453064	0.1000051498413086
5	72.54399299621582	fix_pre	0		120	3.0	2.5	/experiments/knapen_AOT/AOT_stimuli/rescaled_final/0552_fw.mp4	0.0	137.9254879951477	1.000190019607544
5	73.54418301582336	movie	1		243	3.0	2.5	/experiments/knapen_AOT/AOT_stimuli/rescaled_final/0552_fw.mp4	0.0	138.92567801475525	2.492064952850342
5	73.92848801612854	pulse	1	t		3.0	2.5	/experiments/knapen_AOT/AOT_stimuli/rescaled_final/0552_fw.mp4	0.0	139.30998301506042	
5	75.52064800262451	pulse	1	t		3.0	2.5	/experiments/knapen_AOT/AOT_stimuli/rescaled_final/0552_fw.mp4	0.0	140.9021430015564	
5	76.0362479686737	fix_post	2		12	3.0	2.5	/experiments/knapen_AOT/AOT_stimuli/rescaled_final/0552_fw.mp4	0.0	141.4177429676056	0.09991884231567383
6	76.13616681098938	fix_pre	0		120	4.0	2.5	/experiments/knapen_AOT/AOT_stimuli/rescaled_final/2013_rv.mp4	0.0	141.51766180992126	1.0001890659332275
6	77.12068796157837	pulse	0	t		4.0	2.5	/experiments/knapen_AOT/AOT_stimuli/rescaled_final/2013_rv.mp4	0.0	142.50218296051025	
6	77.13635587692261	movie	1		246	4.0	2.5	/experiments/knapen_AOT/AOT_stimuli/rescaled_final/2013_rv.mp4	0.0	142.5178508758545	2.5087790489196777
6	78.7201828956604	pulse	1	t		4.0	2.5	/experiments/knapen_AOT/AOT_stimuli/rescaled_final/2013_rv.mp4	0.0	144.10167789459229	
6	79.64513492584229	fix_post	2		12	4.0	2.5	/experiments/knapen_AOT/AOT_stimuli/rescaled_final/2013_rv.mp4	0.0	145.02662992477417	0.09995508193969727
7	79.74509000778198	fix_pre	0		120	5.0	2.5	blank	1.0	145.12658500671387	1.0001349449157715
7	80.32030892372131	pulse	0	t		5.0	2.5	blank	1.0	145.7018039226532	
7	80.74522495269775	movie	1		300	5.0	2.5	blank	1.0	146.12671995162964	2.5003910064697266
7	81.92056488990784	pulse	1	t		5.0	2.5	blank	1.0	147.30205988883972	
7	83.24561595916748	fix_post	2		12	5.0	2.5	blank	1.0	148.62711095809937	0.10005998611450195
8	83.34567594528198	fix_pre	0		118	6.0	2.5	/experiments/knapen_AOT/AOT_stimuli/rescaled_final/1636_fw.mp4	0.0	148.72717094421387	1.0000879764556885
8	83.52089381217957	pulse	0	t		6.0	2.5	/experiments/knapen_AOT/AOT_stimuli/rescaled_final/1636_fw.mp4	0.0	148.90238881111145	
8	84.34576392173767	movie	1		246	6.0	2.5	/experiments/knapen_AOT/AOT_stimuli/rescaled_final/1636_fw.mp4	0.0	149.72725892066956	2.500368118286133
8	85.12116503715515	pulse	1	t		6.0	2.5	/experiments/knapen_AOT/AOT_stimuli/rescaled_final/1636_fw.mp4	0.0	150.50266003608704	
8	86.72135090827942	pulse	1	t		6.0	2.5	/experiments/knapen_AOT/AOT_stimuli/rescaled_final/1636_fw.mp4	0.0	152.1028459072113	
8	86.8461320400238	fix_post	2		11	6.0	2.5	/experiments/knapen_AOT/AOT_stimuli/rescaled_final/1636_fw.mp4	0.0	152.2276270389557	0.09167194366455078
9	86.93780398368835	fix_pre	0		120	7.0	2.5	/experiments/knapen_AOT/AOT_stimuli/rescaled_final/0318_rv.mp4	0.0	152.31929898262024	1.0001840591430664
9	87.93798804283142	movie	1		246	7.0	2.5	/experiments/knapen_AOT/AOT_stimuli/rescaled_final/0318_rv.mp4	0.0	153.3194830417633	2.5003437995910645
9	88.32201385498047	pulse	1	t		7.0	2.5	/experiments/knapen_AOT/AOT_stimuli/rescaled_final/0318_rv.mp4	0.0	153.70350885391235	
9	89.92179203033447	pulse	1	t		7.0	2.5	/experiments/knapen_AOT/AOT_stimuli/rescaled_final/0318_rv.mp4	0.0	155.30328702926636	
9	90.43833184242249	fix_post	2		12	7.0	2.5	/experiments/knapen_AOT/AOT_stimuli/rescaled_final/0318_rv.mp4	0.0	155.81982684135437	0.10000419616699219
10	90.53833603858948	fix_pre	0		119	8.0	2.5	/experiments/knapen_AOT/AOT_stimuli/rescaled_final/1556_rv.mp4	0.0	155.91983103752136	0.9918379783630371
10	91.52216291427612	pulse	0	t		8.0	2.5	/experiments/knapen_AOT/AOT_stimuli/rescaled_final/1556_rv.mp4	0.0	156.903657913208	
10	91.53017401695251	movie	1		246	8.0	2.5	/experiments/knapen_AOT/AOT_stimuli/rescaled_final/1556_rv.mp4	0.0	156.9116690158844	2.508680820465088
10	93.12293982505798	pulse	1	t		8.0	2.5	/experiments/knapen_AOT/AOT_stimuli/rescaled_final/1556_rv.mp4	0.0	158.50443482398987	
10	94.0388548374176	fix_post	2		12	8.0	2.5	/experiments/knapen_AOT/AOT_stimuli/rescaled_final/1556_rv.mp4	0.0	159.4203498363495	0.10006117820739746
11	94.138916015625	fix_pre	0		120	9.0	2.5	/experiments/knapen_AOT/AOT_stimuli/rescaled_final/1657_rv.mp4	0.0	159.52041101455688	1.0000920295715332
11	94.7224760055542	pulse	0	t		9.0	2.5	/experiments/knapen_AOT/AOT_stimuli/rescaled_final/1657_rv.mp4	0.0	160.10397100448608	
11	95.13900804519653	movie	1		243	9.0	2.5	/experiments/knapen_AOT/AOT_stimuli/rescaled_final/1657_rv.mp4	0.0	160.52050304412842	2.500389814376831
11	96.32282090187073	pulse	1	t		9.0	2.5	/experiments/knapen_AOT/AOT_stimuli/rescaled_final/1657_rv.mp4	0.0	161.7043159008026	
11	97.63939785957336	fix_post	2		12	9.0	2.5	/experiments/knapen_AOT/AOT_stimuli/rescaled_final/1657_rv.mp4	0.0	163.02089285850525	0.10004496574401855
12	97.73944282531738	fix_pre	0		120	10.0	2.5	/experiments/knapen_AOT/AOT_stimuli/rescaled_final/0573_rv.mp4	0.0	163.12093782424927	1.0001699924468994
12	97.92306900024414	pulse	0	t		10.0	2.5	/experiments/knapen_AOT/AOT_stimuli/rescaled_final/0573_rv.mp4	0.0	163.30456399917603	
12	98.73961281776428	movie	1		245	10.0	2.5	/experiments/knapen_AOT/AOT_stimuli/rescaled_final/0573_rv.mp4	0.0	164.12110781669617	2.5003550052642822
12	99.5232458114624	pulse	1	t		10.0	2.5	/experiments/knapen_AOT/AOT_stimuli/rescaled_final/0573_rv.mp4	0.0	164.9047408103943	
12	101.12097501754761	pulse	1	t		10.0	2.5	/experiments/knapen_AOT/AOT_stimuli/rescaled_final/0573_rv.mp4	0.0	166.5024700164795	
12	101.23996782302856	fix_post	2		12	10.0	2.5	/experiments/knapen_AOT/AOT_stimuli/rescaled_final/0573_rv.mp4	0.0	166.62146282196045	0.10000109672546387
13	101.33996891975403	fix_pre	0		120	11.0	2.5	/experiments/knapen_AOT/AOT_stimuli/rescaled_final/1760_rv.mp4	0.0	166.7214639186859	1.0001530647277832
13	102.34012198448181	movie	1		244	11.0	2.5	/experiments/knapen_AOT/AOT_stimuli/rescaled_final/1760_rv.mp4	0.0	167.7216169834137	2.4920458793640137
13	102.72490692138672	pulse	1	t		11.0	2.5	/experiments/knapen_AOT/AOT_stimuli/rescaled_final/1760_rv.mp4	0.0	168.1064019203186	
13	104.32407593727112	pulse	1	t		11.0	2.5	/experiments/knapen_AOT/AOT_stimuli/rescaled_final/1760_rv.mp4	0.0	169.705570936203	
13	104.83216786384583	fix_post	2		12	11.0	2.5	/experiments/knapen_AOT/AOT_stimuli/rescaled_final/1760_rv.mp4	0.0	170.2136628627777	0.10001802444458008
14	104.9321858882904	fix_pre	0		120	12.0	2.5	/experiments/knapen_AOT/AOT_stimuli/rescaled_final/1772_fw.mp4	0.0	170.3136808872223	1.000119924545288
14	105.92430591583252	pulse	0	t		12.0	2.5	/experiments/knapen_AOT/AOT_stimuli/rescaled_final/1772_fw.mp4	0.0	171.3058009147644	
14	105.9323058128357	movie	1		244	12.0	2.5	/experiments/knapen_AOT/AOT_stimuli/rescaled_final/1772_fw.mp4	0.0	171.31380081176758	2.5087010860443115
14	107.52526092529297	pulse	1	t		12.0	2.5	/experiments/knapen_AOT/AOT_stimuli/rescaled_final/1772_fw.mp4	0.0	172.90675592422485	
14	108.44100689888	fix_post	2		12	12.0	2.5	/experiments/knapen_AOT/AOT_stimuli/rescaled_final/1772_fw.mp4	0.0	173.8225018978119	0.10005903244018555
15	108.54106593132019	fix_pre	0		120	13.0	2.5	/experiments/knapen_AOT/AOT_stimuli/rescaled_final/0870_fw.mp4	0.0	173.92256093025208	1.0001499652862549
15	109.12467288970947	pulse	0	t		13.0	2.5	/experiments/knapen_AOT/AOT_stimuli/rescaled_final/0870_fw.mp4	0.0	174.50616788864136	
15	109.54121589660645	movie	1		243	13.0	2.5	/experiments/knapen_AOT/AOT_stimuli/rescaled_final/0870_fw.mp4	0.0	174.92271089553833	2.5003440380096436
15	110.72514486312866	pulse	1	t		13.0	2.5	/experiments/knapen_AOT/AOT_stimuli/rescaled_final/0870_fw.mp4	0.0	176.10663986206055	
15	112.04155993461609	fix_post	2		12	13.0	2.5	/experiments/knapen_AOT/AOT_stimuli/rescaled_final/0870_fw.mp4	0.0	177.42305493354797	0.10001301765441895
16	112.14157295227051	fix_pre	0		120	14.0	2.5	blank	1.0	177.5230679512024	1.0001459121704102
16	112.3252158164978	pulse	0	t		14.0	2.5	blank	1.0	177.7067108154297	
16	113.14171886444092	movie	1		300	14.0	2.5	blank	1.0	178.5232138633728	2.500439167022705
16	113.92546796798706	pulse	1	t		14.0	2.5	blank	1.0	179.30696296691895	
16	115.52562403678894	pulse	1	t		14.0	2.5	blank	1.0	180.90711903572083	
16	115.64215803146362	fix_post	2		12	14.0	2.5	blank	1.0	181.0236530303955	0.09995388984680176
17	115.74211192131042	fix_pre	0		120	15.0	2.5	/experiments/knapen_AOT/AOT_stimuli/rescaled_final/0955_rv.mp4	0.0	181.1236069202423	1.0001440048217773
17	116.7422559261322	movie	1		243	15.0	2.5	/experiments/knapen_AOT/AOT_stimuli/rescaled_final/0955_rv.mp4	0.0	182.1237509250641	2.4920389652252197
17	117.12624883651733	pulse	1	t		15.0	2.5	/experiments/knapen_AOT/AOT_stimuli/rescaled_final/0955_rv.mp4	0.0	182.50774383544922	
17	118.72610592842102	pulse	1	t		15.0	2.5	/experiments/knapen_AOT/AOT_stimuli/rescaled_final/0955_rv.mp4	0.0	184.1076009273529	
17	119.23429489135742	fix_post	2		12	15.0	2.5	/experiments/knapen_AOT/AOT_stimuli/rescaled_final/0955_rv.mp4	0.0	184.6157898902893	0.1000211238861084
18	119.33431601524353	fix_pre	0		120	16.0	2.5	/experiments/knapen_AOT/AOT_stimuli/rescaled_final/0324_fw.mp4	0.0	184.71581101417542	1.0001399517059326
18	120.32642102241516	pulse	0	t		16.0	2.5	/experiments/knapen_AOT/AOT_stimuli/rescaled_final/0324_fw.mp4	0.0	185.70791602134705	
18	120.33445596694946	movie	1		245	16.0	2.5	/experiments/knapen_AOT/AOT_stimuli/rescaled_final/0324_fw.mp4	0.0	185.71595096588135	2.50871205329895
18	121.93022990226746	pulse	1	t		16.0	2.5	/experiments/knapen_AOT/AOT_stimuli/rescaled_final/0324_fw.mp4	0.0	187.31172490119934	
18	122.84316802024841	fix_post	2		12	16.0	2.5	/experiments/knapen_AOT/AOT_stimuli/rescaled_final/0324_fw.mp4	0.0	188.2246630191803	0.10003185272216797
19	122.94319987297058	fix_pre	0		120	17.0	2.5	/experiments/knapen_AOT/AOT_stimuli/rescaled_final/2052_rv.mp4	0.0	188.32469487190247	1.0001590251922607
19	123.52685403823853	pulse	0	t		17.0	2.5	/experiments/knapen_AOT/AOT_stimuli/rescaled_final/2052_rv.mp4	0.0	188.9083490371704	
19	123.94335889816284	movie	1		244	17.0	2.5	/experiments/knapen_AOT/AOT_stimuli/rescaled_final/2052_rv.mp4	0.0	189.32485389709473	2.5003609657287598
19	125.12731003761292	pulse	1	t		17.0	2.5	/experiments/knapen_AOT/AOT_stimuli/rescaled_final/2052_rv.mp4	0.0	190.5088050365448	
19	126.4437198638916	fix_post	2		12	17.0	2.5	/experiments/knapen_AOT/AOT_stimuli/rescaled_final/2052_rv.mp4	0.0	191.8252148628235	0.10003209114074707
20	126.54375195503235	fix_pre	0		120	18.0	2.5	/experiments/knapen_AOT/AOT_stimuli/rescaled_final/0541_rv.mp4	0.0	191.92524695396423	1.0001370906829834
20	126.72735500335693	pulse	0	t		18.0	2.5	/experiments/knapen_AOT/AOT_stimuli/rescaled_final/0541_rv.mp4	0.0	192.10885000228882	
20	127.54388904571533	movie	1		246	18.0	2.5	/experiments/knapen_AOT/AOT_stimuli/rescaled_final/0541_rv.mp4	0.0	192.92538404464722	2.5003738403320312
20	128.3275170326233	pulse	1	t		18.0	2.5	/experiments/knapen_AOT/AOT_stimuli/rescaled_final/0541_rv.mp4	0.0	193.70901203155518	
20	129.9276909828186	pulse	1	t		18.0	2.5	/experiments/knapen_AOT/AOT_stimuli/rescaled_final/0541_rv.mp4	0.0	195.3091859817505	
20	130.04426288604736	fix_post	2		12	18.0	2.5	/experiments/knapen_AOT/AOT_stimuli/rescaled_final/0541_rv.mp4	0.0	195.42575788497925	0.0999910831451416
21	130.1442539691925	fix_pre	0		120	19.0	2.5	blank	1.0	195.5257489681244	1.0001459121704102
21	131.14439988136292	movie	1		299	19.0	2.5	blank	1.0	196.5258948802948	2.4920730590820312
21	131.52811193466187	pulse	1	t		19.0	2.5	blank	1.0	196.90960693359375	
21	133.12068700790405	pulse	1	t		19.0	2.5	blank	1.0	198.50218200683594	
21	133.63647294044495	fix_post	2		12	19.0	2.5	blank	1.0	199.01796793937683	0.100006103515625
22	133.73647904396057	fix_pre	0		120	20.0	2.5	/experiments/knapen_AOT/AOT_stimuli/rescaled_final/1866_rv.mp4	0.0	199.11797404289246	1.000180959701538
22	134.72099900245667	pulse	0	t		20.0	2.5	/experiments/knapen_AOT/AOT_stimuli/rescaled_final/1866_rv.mp4	0.0	200.10249400138855	
22	134.7366600036621	movie	1		246	20.0	2.5	/experiments/knapen_AOT/AOT_stimuli/rescaled_final/1866_rv.mp4	0.0	200.118155002594	2.5086560249328613
22	136.33326888084412	pulse	1	t		20.0	2.5	/experiments/knapen_AOT/AOT_stimuli/rescaled_final/1866_rv.mp4	0.0	201.714763879776	
22	137.24531602859497	fix_post	2		12	20.0	2.5	/experiments/knapen_AOT/AOT_stimuli/rescaled_final/1866_rv.mp4	0.0	202.62681102752686	0.10001087188720703
23	137.34532690048218	fix_pre	0		120	21.0	2.5	/experiments/knapen_AOT/AOT_stimuli/rescaled_final/0916_rv.mp4	0.0	202.72682189941406	1.0001490116119385
23	137.9213478565216	pulse	0	t		21.0	2.5	/experiments/knapen_AOT/AOT_stimuli/rescaled_final/0916_rv.mp4	0.0	203.3028428554535	
23	138.34547591209412	movie	1		244	21.0	2.5	/experiments/knapen_AOT/AOT_stimuli/rescaled_final/0916_rv.mp4	0.0	203.726970911026	2.5003769397735596
23	139.5214388370514	pulse	1	t		21.0	2.5	/experiments/knapen_AOT/AOT_stimuli/rescaled_final/0916_rv.mp4	0.0	204.90293383598328	
23	140.84585285186768	fix_post	2		12	21.0	2.5	/experiments/knapen_AOT/AOT_stimuli/rescaled_final/0916_rv.mp4	0.0	206.22734785079956	0.10001707077026367
24	140.94586992263794	fix_pre	0		117	22.0	2.5	/experiments/knapen_AOT/AOT_stimuli/rescaled_final/0653_rv.mp4	0.0	206.32736492156982	1.0001499652862549
24	141.12108302116394	pulse	0	t		22.0	2.5	/experiments/knapen_AOT/AOT_stimuli/rescaled_final/0653_rv.mp4	0.0	206.50257802009583	
24	141.9460198879242	movie	1		244	22.0	2.5	/experiments/knapen_AOT/AOT_stimuli/rescaled_final/0653_rv.mp4	0.0	207.32751488685608	2.5003890991210938
24	142.72135591506958	pulse	1	t		22.0	2.5	/experiments/knapen_AOT/AOT_stimuli/rescaled_final/0653_rv.mp4	0.0	208.10285091400146	
24	144.3215639591217	pulse	1	t		22.0	2.5	/experiments/knapen_AOT/AOT_stimuli/rescaled_final/0653_rv.mp4	0.0	209.7030589580536	
24	144.4464089870453	fix_post	2		12	22.0	2.5	/experiments/knapen_AOT/AOT_stimuli/rescaled_final/0653_rv.mp4	0.0	209.82790398597717	0.10000205039978027
25	144.54641103744507	fix_pre	0		119	23.0	2.5	/experiments/knapen_AOT/AOT_stimuli/rescaled_final/0894_rv.mp4	0.0	209.92790603637695	0.9918107986450195
25	145.5382218360901	movie	1		243	23.0	2.5	/experiments/knapen_AOT/AOT_stimuli/rescaled_final/0894_rv.mp4	0.0	210.91971683502197	2.50034499168396
25	145.92313289642334	pulse	1	t		23.0	2.5	/experiments/knapen_AOT/AOT_stimuli/rescaled_final/0894_rv.mp4	0.0	211.30462789535522	
25	147.52204084396362	pulse	1	t		23.0	2.5	/experiments/knapen_AOT/AOT_stimuli/rescaled_final/0894_rv.mp4	0.0	212.9035358428955	
25	148.03856682777405	fix_post	2		12	23.0	2.5	/experiments/knapen_AOT/AOT_stimuli/rescaled_final/0894_rv.mp4	0.0	213.42006182670593	0.1000361442565918
26	148.13860297203064	fix_pre	0		119	24.0	2.5	/experiments/knapen_AOT/AOT_stimuli/rescaled_final/1747_rv.mp4	0.0	213.52009797096252	0.9918179512023926
26	149.12236785888672	pulse	0	t		24.0	2.5	/experiments/knapen_AOT/AOT_stimuli/rescaled_final/1747_rv.mp4	0.0	214.5038628578186	
26	149.13042092323303	movie	1		244	24.0	2.5	/experiments/knapen_AOT/AOT_stimuli/rescaled_final/1747_rv.mp4	0.0	214.51191592216492	2.508790969848633
26	150.72403001785278	pulse	1	t		24.0	2.5	/experiments/knapen_AOT/AOT_stimuli/rescaled_final/1747_rv.mp4	0.0	216.10552501678467	
26	151.63921189308167	fix_post	2		12	24.0	2.5	/experiments/knapen_AOT/AOT_stimuli/rescaled_final/1747_rv.mp4	0.0	217.02070689201355	0.09994101524353027
27	151.7391529083252	fix_pre	0		120	25.0	2.5	/experiments/knapen_AOT/AOT_stimuli/rescaled_final/1857_rv.mp4	0.0	217.12064790725708	1.0001440048217773
27	152.32275295257568	pulse	0	t		25.0	2.5	/experiments/knapen_AOT/AOT_stimuli/rescaled_final/1857_rv.mp4	0.0	217.70424795150757	
27	152.73929691314697	movie	1		244	25.0	2.5	/experiments/knapen_AOT/AOT_stimuli/rescaled_final/1857_rv.mp4	0.0	218.12079191207886	2.500385046005249
27	153.9231219291687	pulse	1	t		25.0	2.5	/experiments/knapen_AOT/AOT_stimuli/rescaled_final/1857_rv.mp4	0.0	219.3046169281006	
27	155.23968195915222	fix_post	2		12	25.0	2.5	/experiments/knapen_AOT/AOT_stimuli/rescaled_final/1857_rv.mp4	0.0	220.6211769580841	0.10001802444458008
28	155.3396999835968	fix_pre	0		120	26.0	2.5	blank	1.0	220.7211949825287	1.0001499652862549
28	155.52324891090393	pulse	0	t		26.0	2.5	blank	1.0	220.90474390983582	
28	156.33984994888306	movie	1		300	26.0	2.5	blank	1.0	221.72134494781494	2.5003840923309326
28	157.12351202964783	pulse	1	t		26.0	2.5	blank	1.0	222.5050070285797	
28	158.72368383407593	pulse	1	t		26.0	2.5	blank	1.0	224.1051788330078	
28	158.840234041214	fix_post	2		12	26.0	2.5	blank	1.0	224.22172904014587	0.1000208854675293
29	158.94025492668152	fix_pre	0		120	27.0	2.5	/experiments/knapen_AOT/AOT_stimuli/rescaled_final/1160_fw.mp4	0.0	224.3217499256134	1.0001299381256104
29	159.94038486480713	movie	1		243	27.0	2.5	/experiments/knapen_AOT/AOT_stimuli/rescaled_final/1160_fw.mp4	0.0	225.321879863739	2.4920270442962646
29	160.3245348930359	pulse	1	t		27.0	2.5	/experiments/knapen_AOT/AOT_stimuli/rescaled_final/1160_fw.mp4	0.0	225.70602989196777	
29	161.92421293258667	pulse	1	t		27.0	2.5	/experiments/knapen_AOT/AOT_stimuli/rescaled_final/1160_fw.mp4	0.0	227.30570793151855	
29	162.4324119091034	fix_post	2		12	27.0	2.5	/experiments/knapen_AOT/AOT_stimuli/rescaled_final/1160_fw.mp4	0.0	227.81390690803528	0.10003304481506348
30	162.53244495391846	fix_pre	0		120	28.0	2.5	/experiments/knapen_AOT/AOT_stimuli/rescaled_final/0526_fw.mp4	0.0	227.91393995285034	1.0001208782196045
30	163.52455401420593	pulse	0	t		28.0	2.5	/experiments/knapen_AOT/AOT_stimuli/rescaled_final/0526_fw.mp4	0.0	228.90604901313782	
30	163.53256583213806	movie	1		245	28.0	2.5	/experiments/knapen_AOT/AOT_stimuli/rescaled_final/0526_fw.mp4	0.0	228.91406083106995	2.5086910724639893
30	165.12587690353394	pulse	1	t		28.0	2.5	/experiments/knapen_AOT/AOT_stimuli/rescaled_final/0526_fw.mp4	0.0	230.50737190246582	
30	166.04125690460205	fix_post	2		12	28.0	2.5	/experiments/knapen_AOT/AOT_stimuli/rescaled_final/0526_fw.mp4	0.0	231.42275190353394	0.10003304481506348
31	166.14128994941711	fix_pre	0		120	29.0	2.5	/experiments/knapen_AOT/AOT_stimuli/rescaled_final/1682_fw.mp4	0.0	231.522784948349	1.0001540184020996
31	166.72501802444458	pulse	0	t		29.0	2.5	/experiments/knapen_AOT/AOT_stimuli/rescaled_final/1682_fw.mp4	0.0	232.10651302337646	
31	167.1414439678192	movie	1		245	29.0	2.5	/experiments/knapen_AOT/AOT_stimuli/rescaled_final/1682_fw.mp4	0.0	232.5229389667511	2.5003979206085205
31	168.32537484169006	pulse	1	t		29.0	2.5	/experiments/knapen_AOT/AOT_stimuli/rescaled_final/1682_fw.mp4	0.0	233.70686984062195	
31	169.64184188842773	fix_post	2		12	29.0	2.5	/experiments/knapen_AOT/AOT_stimuli/rescaled_final/1682_fw.mp4	0.0	235.02333688735962	0.10004901885986328
32	169.7418909072876	fix_pre	0		120	30.0	2.5	/experiments/knapen_AOT/AOT_stimuli/rescaled_final/1791_rv.mp4	0.0	235.12338590621948	1.000093936920166
32	169.92544388771057	pulse	0	t		30.0	2.5	/experiments/knapen_AOT/AOT_stimuli/rescaled_final/1791_rv.mp4	0.0	235.30693888664246	
32	170.74198484420776	movie	1		246	30.0	2.5	/experiments/knapen_AOT/AOT_stimuli/rescaled_final/1791_rv.mp4	0.0	236.12347984313965	2.500370979309082
32	171.52572298049927	pulse	1	t		30.0	2.5	/experiments/knapen_AOT/AOT_stimuli/rescaled_final/1791_rv.mp4	0.0	236.90721797943115	
32	173.12599301338196	pulse	1	t		30.0	2.5	/experiments/knapen_AOT/AOT_stimuli/rescaled_final/1791_rv.mp4	0.0	238.50748801231384	
32	173.24235582351685	fix_post	2		12	30.0	2.5	/experiments/knapen_AOT/AOT_stimuli/rescaled_final/1791_rv.mp4	0.0	238.62385082244873	0.10002899169921875
33	173.34238481521606	fix_pre	0		120	31.0	2.5	/experiments/knapen_AOT/AOT_stimuli/rescaled_final/0893_fw.mp4	0.0	238.72387981414795	1.000162124633789
33	174.34254693984985	movie	1		242	31.0	2.5	/experiments/knapen_AOT/AOT_stimuli/rescaled_final/0893_fw.mp4	0.0	239.72404193878174	2.492090940475464
33	174.7268168926239	pulse	1	t		31.0	2.5	/experiments/knapen_AOT/AOT_stimuli/rescaled_final/0893_fw.mp4	0.0	240.1083118915558	
33	176.32632899284363	pulse	1	t		31.0	2.5	/experiments/knapen_AOT/AOT_stimuli/rescaled_final/0893_fw.mp4	0.0	241.7078239917755	
33	176.83463788032532	fix_post	2		12	31.0	2.5	/experiments/knapen_AOT/AOT_stimuli/rescaled_final/0893_fw.mp4	0.0	242.2161328792572	0.09994697570800781
34	176.93458485603333	fix_pre	0		120	32.0	2.5	/experiments/knapen_AOT/AOT_stimuli/rescaled_final/1296_fw.mp4	0.0	242.3160798549652	1.0001530647277832
34	177.926589012146	pulse	0	t		32.0	2.5	/experiments/knapen_AOT/AOT_stimuli/rescaled_final/1296_fw.mp4	0.0	243.30808401107788	
34	177.9347379207611	movie	1		246	32.0	2.5	/experiments/knapen_AOT/AOT_stimuli/rescaled_final/1296_fw.mp4	0.0	243.316232919693	2.508692979812622
34	179.53114700317383	pulse	1	t		32.0	2.5	/experiments/knapen_AOT/AOT_stimuli/rescaled_final/1296_fw.mp4	0.0	244.9126420021057	
34	180.44343090057373	fix_post	2		12	32.0	2.5	/experiments/knapen_AOT/AOT_stimuli/rescaled_final/1296_fw.mp4	0.0	245.82492589950562	0.10000205039978027
35	180.5434329509735	fix_pre	0		120	33.0	2.5	/experiments/knapen_AOT/AOT_stimuli/rescaled_final/0653_rv.mp4	0.0	245.9249279499054	1.0001749992370605
35	181.12715888023376	pulse	0	t		33.0	2.5	/experiments/knapen_AOT/AOT_stimuli/rescaled_final/0653_rv.mp4	0.0	246.50865387916565	
35	181.54360795021057	movie	1		244	33.0	2.5	/experiments/knapen_AOT/AOT_stimuli/rescaled_final/0653_rv.mp4	0.0	246.92510294914246	2.5003960132598877
35	182.72744393348694	pulse	1	t		33.0	2.5	/experiments/knapen_AOT/AOT_stimuli/rescaled_final/0653_rv.mp4	0.0	248.10893893241882	
35	184.04400396347046	fix_post	2		12	33.0	2.5	/experiments/knapen_AOT/AOT_stimuli/rescaled_final/0653_rv.mp4	0.0	249.42549896240234	0.10000491142272949
36	184.1440088748932	fix_pre	0		120	34.0	2.5	/experiments/knapen_AOT/AOT_stimuli/rescaled_final/0847_rv.mp4	0.0	249.52550387382507	1.0001540184020996
36	184.32752299308777	pulse	0	t		34.0	2.5	/experiments/knapen_AOT/AOT_stimuli/rescaled_final/0847_rv.mp4	0.0	249.70901799201965	
36	185.1441628932953	movie	1		245	34.0	2.5	/experiments/knapen_AOT/AOT_stimuli/rescaled_final/0847_rv.mp4	0.0	250.52565789222717	2.5003509521484375
36	185.92040300369263	pulse	1	t		34.0	2.5	/experiments/knapen_AOT/AOT_stimuli/rescaled_final/0847_rv.mp4	0.0	251.3018980026245	
36	187.52554392814636	pulse	1	t		34.0	2.5	/experiments/knapen_AOT/AOT_stimuli/rescaled_final/0847_rv.mp4	0.0	252.90703892707825	
36	187.64451384544373	fix_post	2		12	34.0	2.5	/experiments/knapen_AOT/AOT_stimuli/rescaled_final/0847_rv.mp4	0.0	253.0260088443756	0.10005712509155273
37	187.74457097053528	fix_pre	0		120	35.0	2.5	blank	1.0	253.12606596946716	1.0001099109649658
37	188.74468088150024	movie	1		299	35.0	2.5	blank	1.0	254.12617588043213	2.4920201301574707
37	189.12078189849854	pulse	1	t		35.0	2.5	blank	1.0	254.50227689743042	
37	190.72108483314514	pulse	1	t		35.0	2.5	blank	1.0	256.102579832077	
37	191.23670101165771	fix_post	2		12	35.0	2.5	blank	1.0	256.6181960105896	0.10003089904785156
38	191.33673191070557	fix_pre	0		120	36.0	2.5	/experiments/knapen_AOT/AOT_stimuli/rescaled_final/1930_fw.mp4	0.0	256.71822690963745	1.000162124633789
38	192.32121300697327	pulse	0	t		36.0	2.5	/experiments/knapen_AOT/AOT_stimuli/rescaled_final/1930_fw.mp4	0.0	257.70270800590515	
38	192.33689403533936	movie	1		246	36.0	2.5	/experiments/knapen_AOT/AOT_stimuli/rescaled_final/1930_fw.mp4	0.0	257.71838903427124	2.508729934692383
38	193.9206349849701	pulse	1	t		36.0	2.5	/experiments/knapen_AOT/AOT_stimuli/rescaled_final/1930_fw.mp4	0.0	259.302129983902	
38	194.84562397003174	fix_post	2		12	36.0	2.5	/experiments/knapen_AOT/AOT_stimuli/rescaled_final/1930_fw.mp4	0.0	260.2271189689636	0.09995698928833008
39	194.94558095932007	fix_pre	0		120	37.0	2.5	/experiments/knapen_AOT/AOT_stimuli/rescaled_final/0018_rv.mp4	0.0	260.32707595825195	1.000175952911377
39	195.52087593078613	pulse	0	t		37.0	2.5	/experiments/knapen_AOT/AOT_stimuli/rescaled_final/0018_rv.mp4	0.0	260.902370929718	
39	195.94575691223145	movie	1		245	37.0	2.5	/experiments/knapen_AOT/AOT_stimuli/rescaled_final/0018_rv.mp4	0.0	261.32725191116333	2.500351905822754
39	197.12160682678223	pulse	1	t		37.0	2.5	/experiments/knapen_AOT/AOT_stimuli/rescaled_final/0018_rv.mp4	0.0	262.5031018257141	
39	198.4461088180542	fix_post	2		12	37.0	2.5	/experiments/knapen_AOT/AOT_stimuli/rescaled_final/0018_rv.mp4	0.0	263.8276038169861	0.10005521774291992
40	198.54616403579712	fix_pre	0		120	38.0	2.5	/experiments/knapen_AOT/AOT_stimuli/rescaled_final/0781_rv.mp4	0.0	263.927659034729	1.0001068115234375
40	198.72132182121277	pulse	0	t		38.0	2.5	/experiments/knapen_AOT/AOT_stimuli/rescaled_final/0781_rv.mp4	0.0	264.10281682014465	
40	199.54627084732056	movie	1		244	38.0	2.5	/experiments/knapen_AOT/AOT_stimuli/rescaled_final/0781_rv.mp4	0.0	264.92776584625244	2.492042064666748
40	200.3215470314026	pulse	1	t		38.0	2.5	/experiments/knapen_AOT/AOT_stimuli/rescaled_final/0781_rv.mp4	0.0	265.7030420303345	
40	201.92189383506775	pulse	1	t		38.0	2.5	/experiments/knapen_AOT/AOT_stimuli/rescaled_final/0781_rv.mp4	0.0	267.30338883399963	
40	202.0383129119873	fix_post	2		12	38.0	2.5	/experiments/knapen_AOT/AOT_stimuli/rescaled_final/0781_rv.mp4	0.0	267.4198079109192	0.10002994537353516
41	202.13834285736084	fix_pre	0		116	39.0	2.5	/experiments/knapen_AOT/AOT_stimuli/rescaled_final/1044_rv.mp4	0.0	267.5198378562927	1.000136137008667
41	203.1384789943695	movie	1		244	39.0	2.5	/experiments/knapen_AOT/AOT_stimuli/rescaled_final/1044_rv.mp4	0.0	268.5199739933014	2.500375986099243
41	203.52256202697754	pulse	1	t		39.0	2.5	/experiments/knapen_AOT/AOT_stimuli/rescaled_final/1044_rv.mp4	0.0	268.9040570259094	
41	205.12241101264954	pulse	1	t		39.0	2.5	/experiments/knapen_AOT/AOT_stimuli/rescaled_final/1044_rv.mp4	0.0	270.5039060115814	
41	205.63885498046875	fix_post	2		12	39.0	2.5	/experiments/knapen_AOT/AOT_stimuli/rescaled_final/1044_rv.mp4	0.0	271.02034997940063	0.10001206398010254
42	205.73886704444885	fix_pre	0		119	40.0	2.5	/experiments/knapen_AOT/AOT_stimuli/rescaled_final/0461_fw.mp4	0.0	271.12036204338074	0.9918529987335205
42	206.72249484062195	pulse	0	t		40.0	2.5	/experiments/knapen_AOT/AOT_stimuli/rescaled_final/0461_fw.mp4	0.0	272.10398983955383	
42	206.73072004318237	movie	1		246	40.0	2.5	/experiments/knapen_AOT/AOT_stimuli/rescaled_final/0461_fw.mp4	0.0	272.11221504211426	2.508685827255249
42	208.32667684555054	pulse	1	t		40.0	2.5	/experiments/knapen_AOT/AOT_stimuli/rescaled_final/0461_fw.mp4	0.0	273.7081718444824	
42	209.23940587043762	fix_post	2		12	40.0	2.5	/experiments/knapen_AOT/AOT_stimuli/rescaled_final/0461_fw.mp4	0.0	274.6209008693695	0.10001206398010254
43	209.33941793441772	fix_pre	0		120	41.0	2.5	blank	1.0	274.7209129333496	1.0001449584960938
43	209.92309284210205	pulse	0	t		41.0	2.5	blank	1.0	275.30458784103394	
43	210.33956289291382	movie	1		300	41.0	2.5	blank	1.0	275.7210578918457	2.500378131866455
43	211.52327585220337	pulse	1	t		41.0	2.5	blank	1.0	276.90477085113525	
43	212.83994102478027	fix_post	2		12	41.0	2.5	blank	1.0	278.22143602371216	0.10002899169921875
44	212.9399700164795	fix_pre	0		120	42.0	2.5	/experiments/knapen_AOT/AOT_stimuli/rescaled_final/1375_rv.mp4	0.0	278.3214650154114	1.0001468658447266
44	213.1235749721527	pulse	0	t		42.0	2.5	/experiments/knapen_AOT/AOT_stimuli/rescaled_final/1375_rv.mp4	0.0	278.5050699710846	
44	213.94011688232422	movie	1		243	42.0	2.5	/experiments/knapen_AOT/AOT_stimuli/rescaled_final/1375_rv.mp4	0.0	279.3216118812561	2.500347137451172
44	214.72370886802673	pulse	1	t		42.0	2.5	/experiments/knapen_AOT/AOT_stimuli/rescaled_final/1375_rv.mp4	0.0	280.1052038669586	
44	216.32374596595764	pulse	1	t		42.0	2.5	/experiments/knapen_AOT/AOT_stimuli/rescaled_final/1375_rv.mp4	0.0	281.7052409648895	
44	216.4404640197754	fix_post	2		11	42.0	2.5	/experiments/knapen_AOT/AOT_stimuli/rescaled_final/1375_rv.mp4	0.0	281.8219590187073	0.09172701835632324
45	216.5321910381317	fix_pre	0		120	43.0	2.5	/experiments/knapen_AOT/AOT_stimuli/rescaled_final/0815_rv.mp4	0.0	281.9136860370636	1.0001018047332764
45	217.532292842865	movie	1		244	43.0	2.5	/experiments/knapen_AOT/AOT_stimuli/rescaled_final/0815_rv.mp4	0.0	282.9137878417969	2.5003809928894043
45	217.92436599731445	pulse	1	t		43.0	2.5	/experiments/knapen_AOT/AOT_stimuli/rescaled_final/0815_rv.mp4	0.0	283.30586099624634	
45	219.52452087402344	pulse	1	t		43.0	2.5	/experiments/knapen_AOT/AOT_stimuli/rescaled_final/0815_rv.mp4	0.0	284.9060158729553	
45	220.0326738357544	fix_post	2		12	43.0	2.5	/experiments/knapen_AOT/AOT_stimuli/rescaled_final/0815_rv.mp4	0.0	285.4141688346863	0.0999910831451416
46	220.13266491889954	fix_pre	0		120	44.0	2.5	/experiments/knapen_AOT/AOT_stimuli/rescaled_final/1682_rv.mp4	0.0	285.5141599178314	1.0002110004425049
46	221.12463903427124	pulse	0	t		44.0	2.5	/experiments/knapen_AOT/AOT_stimuli/rescaled_final/1682_rv.mp4	0.0	286.5061340332031	
46	221.13287591934204	movie	1		246	44.0	2.5	/experiments/knapen_AOT/AOT_stimuli/rescaled_final/1682_rv.mp4	0.0	286.5143709182739	2.5086750984191895
46	222.7254250049591	pulse	1	t		44.0	2.5	/experiments/knapen_AOT/AOT_stimuli/rescaled_final/1682_rv.mp4	0.0	288.106920003891	
46	223.64155101776123	fix_post	2		12	44.0	2.5	/experiments/knapen_AOT/AOT_stimuli/rescaled_final/1682_rv.mp4	0.0	289.0230460166931	0.10005497932434082
47	223.74160599708557	fix_pre	0		120	45.0	2.5	/experiments/knapen_AOT/AOT_stimuli/rescaled_final/1999_fw.mp4	0.0	289.12310099601746	1.0001139640808105
47	224.32525897026062	pulse	0	t		45.0	2.5	/experiments/knapen_AOT/AOT_stimuli/rescaled_final/1999_fw.mp4	0.0	289.7067539691925	
47	224.74171996116638	movie	1		244	45.0	2.5	/experiments/knapen_AOT/AOT_stimuli/rescaled_final/1999_fw.mp4	0.0	290.12321496009827	2.500375986099243
47	225.925598859787	pulse	1	t		45.0	2.5	/experiments/knapen_AOT/AOT_stimuli/rescaled_final/1999_fw.mp4	0.0	291.3070938587189	
47	227.24209594726562	fix_post	2		12	45.0	2.5	/experiments/knapen_AOT/AOT_stimuli/rescaled_final/1999_fw.mp4	0.0	292.6235909461975	0.10000491142272949
48	227.34210085868835	fix_pre	0		120	46.0	2.5	/experiments/knapen_AOT/AOT_stimuli/rescaled_final/1164_fw.mp4	0.0	292.72359585762024	1.0001890659332275
48	227.52560901641846	pulse	0	t		46.0	2.5	/experiments/knapen_AOT/AOT_stimuli/rescaled_final/1164_fw.mp4	0.0	292.90710401535034	
48	228.34228992462158	movie	1		244	46.0	2.5	/experiments/knapen_AOT/AOT_stimuli/rescaled_final/1164_fw.mp4	0.0	293.72378492355347	2.500333070755005
48	229.1259000301361	pulse	1	t		46.0	2.5	/experiments/knapen_AOT/AOT_stimuli/rescaled_final/1164_fw.mp4	0.0	294.507395029068	
48	230.7259178161621	pulse	1	t		46.0	2.5	/experiments/knapen_AOT/AOT_stimuli/rescaled_final/1164_fw.mp4	0.0	296.107412815094	
48	230.8426229953766	fix_post	2		12	46.0	2.5	/experiments/knapen_AOT/AOT_stimuli/rescaled_final/1164_fw.mp4	0.0	296.2241179943085	0.10000085830688477
49	230.94262385368347	fix_pre	0		119	47.0	2.5	/experiments/knapen_AOT/AOT_stimuli/rescaled_final/0036_fw.mp4	0.0	296.32411885261536	0.9918451309204102
49	231.93446898460388	movie	1		245	47.0	2.5	/experiments/knapen_AOT/AOT_stimuli/rescaled_final/0036_fw.mp4	0.0	297.31596398353577	2.5003368854522705
49	232.32652401924133	pulse	1	t		47.0	2.5	/experiments/knapen_AOT/AOT_stimuli/rescaled_final/0036_fw.mp4	0.0	297.7080190181732	
49	233.926589012146	pulse	1	t		47.0	2.5	/experiments/knapen_AOT/AOT_stimuli/rescaled_final/0036_fw.mp4	0.0	299.3080840110779	
49	234.43480587005615	fix_post	2		12	47.0	2.5	/experiments/knapen_AOT/AOT_stimuli/rescaled_final/0036_fw.mp4	0.0	299.81630086898804	0.10001611709594727
50	234.5348219871521	fix_pre	0		120	48.0	2.5	/experiments/knapen_AOT/AOT_stimuli/rescaled_final/0265_rv.mp4	0.0	299.916316986084	1.0001718997955322
50	235.52684783935547	pulse	0	t		48.0	2.5	/experiments/knapen_AOT/AOT_stimuli/rescaled_final/0265_rv.mp4	0.0	300.90834283828735	
50	235.53499388694763	movie	1		245	48.0	2.5	/experiments/knapen_AOT/AOT_stimuli/rescaled_final/0265_rv.mp4	0.0	300.9164888858795	2.5087080001831055
50	237.1277370452881	pulse	1	t		48.0	2.5	/experiments/knapen_AOT/AOT_stimuli/rescaled_final/0265_rv.mp4	0.0	302.50923204421997	
50	238.04370188713074	fix_post	2		12	48.0	2.5	/experiments/knapen_AOT/AOT_stimuli/rescaled_final/0265_rv.mp4	0.0	303.4251968860626	0.10001492500305176
51	238.1437168121338	fix_pre	0		120	49.0	2.5	blank	1.0	303.5252118110657	1.0001749992370605
51	238.72735381126404	pulse	0	t		49.0	2.5	blank	1.0	304.1088488101959	
51	239.14389181137085	movie	1		300	49.0	2.5	blank	1.0	304.52538681030273	2.500373125076294
51	240.3276069164276	pulse	1	t		49.0	2.5	blank	1.0	305.7091019153595	
51	241.64426493644714	fix_post	2		12	49.0	2.5	blank	1.0	307.025759935379	0.1000680923461914
52	241.74433302879333	fix_pre	0		120	50.0	2.5	/experiments/knapen_AOT/AOT_stimuli/rescaled_final/0108_rv.mp4	0.0	307.1258280277252	1.0000898838043213
52	241.92049098014832	pulse	0	t		50.0	2.5	/experiments/knapen_AOT/AOT_stimuli/rescaled_final/0108_rv.mp4	0.0	307.3019859790802	
52	242.74442291259766	movie	1		247	50.0	2.5	/experiments/knapen_AOT/AOT_stimuli/rescaled_final/0108_rv.mp4	0.0	308.12591791152954	2.5003440380096436
52	243.52108693122864	pulse	1	t		50.0	2.5	/experiments/knapen_AOT/AOT_stimuli/rescaled_final/0108_rv.mp4	0.0	308.9025819301605	
52	245.1208438873291	pulse	1	t		50.0	2.5	/experiments/knapen_AOT/AOT_stimuli/rescaled_final/0108_rv.mp4	0.0	310.502338886261	
52	245.2447669506073	fix_post	2		12	50.0	2.5	/experiments/knapen_AOT/AOT_stimuli/rescaled_final/0108_rv.mp4	0.0	310.6262619495392	0.09999799728393555
53	245.34476494789124	fix_pre	0		120	51.0	2.5	/experiments/knapen_AOT/AOT_stimuli/rescaled_final/1472_rv.mp4	0.0	310.7262599468231	1.0001800060272217
53	246.34494495391846	movie	1		243	51.0	2.5	/experiments/knapen_AOT/AOT_stimuli/rescaled_final/1472_rv.mp4	0.0	311.72643995285034	2.4920620918273926
53	246.72025895118713	pulse	1	t		51.0	2.5	/experiments/knapen_AOT/AOT_stimuli/rescaled_final/1472_rv.mp4	0.0	312.101753950119	
53	248.32044100761414	pulse	1	t		51.0	2.5	/experiments/knapen_AOT/AOT_stimuli/rescaled_final/1472_rv.mp4	0.0	313.701936006546	
53	248.83700704574585	fix_post	2		12	51.0	2.5	/experiments/knapen_AOT/AOT_stimuli/rescaled_final/1472_rv.mp4	0.0	314.21850204467773	0.0999748706817627
54	248.9369819164276	fix_pre	0		119	52.0	2.5	/experiments/knapen_AOT/AOT_stimuli/rescaled_final/0041_fw.mp4	0.0	314.3184769153595	0.9918239116668701
54	249.92064094543457	pulse	0	t		52.0	2.5	/experiments/knapen_AOT/AOT_stimuli/rescaled_final/0041_fw.mp4	0.0	315.30213594436646	
54	249.92880582809448	movie	1		249	52.0	2.5	/experiments/knapen_AOT/AOT_stimuli/rescaled_final/0041_fw.mp4	0.0	315.31030082702637	2.508707046508789
54	251.52142882347107	pulse	1	t		52.0	2.5	/experiments/knapen_AOT/AOT_stimuli/rescaled_final/0041_fw.mp4	0.0	316.90292382240295	
54	252.43751287460327	fix_post	2		12	52.0	2.5	/experiments/knapen_AOT/AOT_stimuli/rescaled_final/0041_fw.mp4	0.0	317.81900787353516	0.10000801086425781
55	252.53752088546753	fix_pre	0		120	53.0	2.5	/experiments/knapen_AOT/AOT_stimuli/rescaled_final/1856_fw.mp4	0.0	317.9190158843994	1.0001840591430664
55	253.12112283706665	pulse	0	t		53.0	2.5	/experiments/knapen_AOT/AOT_stimuli/rescaled_final/1856_fw.mp4	0.0	318.50261783599854	
55	253.5377049446106	movie	1		244	53.0	2.5	/experiments/knapen_AOT/AOT_stimuli/rescaled_final/1856_fw.mp4	0.0	318.9191999435425	2.500349998474121
55	254.721510887146	pulse	1	t		53.0	2.5	/experiments/knapen_AOT/AOT_stimuli/rescaled_final/1856_fw.mp4	0.0	320.1030058860779	
55	256.0380549430847	fix_post	2		12	53.0	2.5	/experiments/knapen_AOT/AOT_stimuli/rescaled_final/1856_fw.mp4	0.0	321.4195499420166	0.10001301765441895
56	256.13806796073914	fix_pre	0		120	54.0	2.5	/experiments/knapen_AOT/AOT_stimuli/rescaled_final/1503_fw.mp4	0.0	321.519562959671	1.000154972076416
56	256.32159090042114	pulse	0	t		54.0	2.5	/experiments/knapen_AOT/AOT_stimuli/rescaled_final/1503_fw.mp4	0.0	321.703085899353	
56	257.13822293281555	movie	1		244	54.0	2.5	/experiments/knapen_AOT/AOT_stimuli/rescaled_final/1503_fw.mp4	0.0	322.51971793174744	2.500349998474121
56	257.9219889640808	pulse	1	t		54.0	2.5	/experiments/knapen_AOT/AOT_stimuli/rescaled_final/1503_fw.mp4	0.0	323.3034839630127	
56	259.5220618247986	pulse	1	t		54.0	2.5	/experiments/knapen_AOT/AOT_stimuli/rescaled_final/1503_fw.mp4	0.0	324.90355682373047	
56	259.6385729312897	fix_post	2		12	54.0	2.5	/experiments/knapen_AOT/AOT_stimuli/rescaled_final/1503_fw.mp4	0.0	325.02006793022156	0.10004997253417969
57	259.73862290382385	fix_pre	0		120	55.0	2.5	/experiments/knapen_AOT/AOT_stimuli/rescaled_final/0666_fw.mp4	0.0	325.12011790275574	1.0001299381256104
57	260.73875284194946	movie	1		242	55.0	2.5	/experiments/knapen_AOT/AOT_stimuli/rescaled_final/0666_fw.mp4	0.0	326.12024784088135	2.492053985595703
57	261.1228139400482	pulse	1	t		55.0	2.5	/experiments/knapen_AOT/AOT_stimuli/rescaled_final/0666_fw.mp4	0.0	326.5043089389801	
57	262.7224979400635	pulse	1	t		55.0	2.5	/experiments/knapen_AOT/AOT_stimuli/rescaled_final/0666_fw.mp4	0.0	328.10399293899536	
57	263.23080682754517	fix_post	2		9	55.0	2.5	/experiments/knapen_AOT/AOT_stimuli/rescaled_final/0666_fw.mp4	0.0	328.61230182647705	0.09998416900634766
58	263.3307909965515	fix_pre	0		120	56.0	2.5	blank	1.0	328.7122859954834	1.0001490116119385
58	264.32284593582153	pulse	0	t		56.0	2.5	blank	1.0	329.7043409347534	
58	264.33094000816345	movie	1		301	56.0	2.5	blank	1.0	329.71243500709534	2.508718967437744
58	265.9230649471283	pulse	1	t		56.0	2.5	blank	1.0	331.3045599460602	
58	266.8396589756012	fix_post	2		12	56.0	2.5	blank	1.0	332.2211539745331	0.09999394416809082
59	266.9396529197693	fix_pre	0		120	57.0	2.5	/experiments/knapen_AOT/AOT_stimuli/rescaled_final/1698_rv.mp4	0.0	332.3211479187012	1.0001530647277832
59	267.5232949256897	pulse	0	t		57.0	2.5	/experiments/knapen_AOT/AOT_stimuli/rescaled_final/1698_rv.mp4	0.0	332.9047899246216	
59	267.93980598449707	movie	1		245	57.0	2.5	/experiments/knapen_AOT/AOT_stimuli/rescaled_final/1698_rv.mp4	0.0	333.32130098342896	2.5004119873046875
59	269.1236729621887	pulse	1	t		57.0	2.5	/experiments/knapen_AOT/AOT_stimuli/rescaled_final/1698_rv.mp4	0.0	334.5051679611206	
59	270.44021797180176	fix_post	2		12	57.0	2.5	/experiments/knapen_AOT/AOT_stimuli/rescaled_final/1698_rv.mp4	0.0	335.82171297073364	0.10001897811889648
60	270.54023694992065	fix_pre	0		120	58.0	2.5	/experiments/knapen_AOT/AOT_stimuli/rescaled_final/1229_fw.mp4	0.0	335.92173194885254	1.0001029968261719
60	270.72389101982117	pulse	0	t		58.0	2.5	/experiments/knapen_AOT/AOT_stimuli/rescaled_final/1229_fw.mp4	0.0	336.10538601875305	
60	271.5403399467468	movie	1		245	58.0	2.5	/experiments/knapen_AOT/AOT_stimuli/rescaled_final/1229_fw.mp4	0.0	336.9218349456787	2.500359058380127
60	272.3240809440613	pulse	1	t		58.0	2.5	/experiments/knapen_AOT/AOT_stimuli/rescaled_final/1229_fw.mp4	0.0	337.70557594299316	
60	273.92186999320984	pulse	1	t		58.0	2.5	/experiments/knapen_AOT/AOT_stimuli/rescaled_final/1229_fw.mp4	0.0	339.3033649921417	
60	274.04069900512695	fix_post	2		12	58.0	2.5	/experiments/knapen_AOT/AOT_stimuli/rescaled_final/1229_fw.mp4	0.0	339.42219400405884	0.1000359058380127
61	274.14073491096497	fix_pre	0		120	59.0	2.5	/experiments/knapen_AOT/AOT_stimuli/rescaled_final/0262_fw.mp4	0.0	339.52222990989685	1.000157117843628
61	275.1408920288086	movie	1		246	59.0	2.5	/experiments/knapen_AOT/AOT_stimuli/rescaled_final/0262_fw.mp4	0.0	340.5223870277405	2.492029905319214
61	275.52503085136414	pulse	1	t		59.0	2.5	/experiments/knapen_AOT/AOT_stimuli/rescaled_final/0262_fw.mp4	0.0	340.906525850296	
61	277.1247630119324	pulse	1	t		59.0	2.5	/experiments/knapen_AOT/AOT_stimuli/rescaled_final/0262_fw.mp4	0.0	342.50625801086426	
61	277.6329219341278	fix_post	2		12	59.0	2.5	/experiments/knapen_AOT/AOT_stimuli/rescaled_final/0262_fw.mp4	0.0	343.0144169330597	0.1000370979309082
62	277.7329590320587	fix_pre	0		120	60.0	2.5	/experiments/knapen_AOT/AOT_stimuli/rescaled_final/0596_fw.mp4	0.0	343.1144540309906	1.0001389980316162
62	278.7249209880829	pulse	0	t		60.0	2.5	/experiments/knapen_AOT/AOT_stimuli/rescaled_final/0596_fw.mp4	0.0	344.10641598701477	
62	278.73309803009033	movie	1		245	60.0	2.5	/experiments/knapen_AOT/AOT_stimuli/rescaled_final/0596_fw.mp4	0.0	344.1145930290222	2.5086898803710938
62	280.3264129161835	pulse	1	t		60.0	2.5	/experiments/knapen_AOT/AOT_stimuli/rescaled_final/0596_fw.mp4	0.0	345.70790791511536	
62	281.2417879104614	fix_post	2		12	60.0	2.5	/experiments/knapen_AOT/AOT_stimuli/rescaled_final/0596_fw.mp4	0.0	346.6232829093933	0.10003495216369629
63	281.3418228626251	fix_pre	0		120	61.0	2.5	/experiments/knapen_AOT/AOT_stimuli/rescaled_final/1107_rv.mp4	0.0	346.723317861557	1.0001661777496338
63	281.925488948822	pulse	0	t		61.0	2.5	/experiments/knapen_AOT/AOT_stimuli/rescaled_final/1107_rv.mp4	0.0	347.3069839477539	
63	282.34198904037476	movie	1		244	61.0	2.5	/experiments/knapen_AOT/AOT_stimuli/rescaled_final/1107_rv.mp4	0.0	347.72348403930664	2.5003387928009033
63	283.52579283714294	pulse	1	t		61.0	2.5	/experiments/knapen_AOT/AOT_stimuli/rescaled_final/1107_rv.mp4	0.0	348.90728783607483	
63	284.84232783317566	fix_post	2		12	61.0	2.5	/experiments/knapen_AOT/AOT_stimuli/rescaled_final/1107_rv.mp4	0.0	350.22382283210754	0.10002899169921875
64	284.9423568248749	fix_pre	0		120	62.0	2.5	blank	1.0	350.32385182380676	1.0001490116119385
64	285.12596893310547	pulse	0	t		62.0	2.5	blank	1.0	350.50746393203735	
64	285.9425058364868	movie	1		300	62.0	2.5	blank	1.0	351.3240008354187	2.500383138656616
64	286.72622990608215	pulse	1	t		62.0	2.5	blank	1.0	352.10772490501404	
64	288.3264129161835	pulse	1	t		62.0	2.5	blank	1.0	353.70790791511536	
64	288.44288897514343	fix_post	2		12	62.0	2.5	blank	1.0	353.8243839740753	0.10002589225769043
65	288.5429148674011	fix_pre	0		120	63.0	2.5	/experiments/knapen_AOT/AOT_stimuli/rescaled_final/1064_fw.mp4	0.0	353.924409866333	1.000110149383545
65	289.54302501678467	movie	1		244	63.0	2.5	/experiments/knapen_AOT/AOT_stimuli/rescaled_final/1064_fw.mp4	0.0	354.92452001571655	2.492043972015381
65	289.9270889759064	pulse	1	t		63.0	2.5	/experiments/knapen_AOT/AOT_stimuli/rescaled_final/1064_fw.mp4	0.0	355.30858397483826	
65	291.5270128250122	pulse	1	t		63.0	2.5	/experiments/knapen_AOT/AOT_stimuli/rescaled_final/1064_fw.mp4	0.0	356.9085078239441	
65	292.03506898880005	fix_post	2		12	63.0	2.5	/experiments/knapen_AOT/AOT_stimuli/rescaled_final/1064_fw.mp4	0.0	357.41656398773193	0.10003304481506348
66	292.1351020336151	fix_pre	0		120	64.0	2.5	/experiments/knapen_AOT/AOT_stimuli/rescaled_final/1684_rv.mp4	0.0	357.516597032547	1.0001459121704102
66	293.12720489501953	pulse	0	t		64.0	2.5	/experiments/knapen_AOT/AOT_stimuli/rescaled_final/1684_rv.mp4	0.0	358.5086998939514	
66	293.1352479457855	movie	1		246	64.0	2.5	/experiments/knapen_AOT/AOT_stimuli/rescaled_final/1684_rv.mp4	0.0	358.5167429447174	2.508713960647583
66	294.72795701026917	pulse	1	t		64.0	2.5	/experiments/knapen_AOT/AOT_stimuli/rescaled_final/1684_rv.mp4	0.0	360.10945200920105	
66	295.6439619064331	fix_post	2		12	64.0	2.5	/experiments/knapen_AOT/AOT_stimuli/rescaled_final/1684_rv.mp4	0.0	361.025456905365	0.10003113746643066
67	295.74399304389954	fix_pre	0		120	65.0	2.5	/experiments/knapen_AOT/AOT_stimuli/rescaled_final/0752_rv.mp4	0.0	361.1254880428314	1.0001308917999268
67	296.3275499343872	pulse	0	t		65.0	2.5	/experiments/knapen_AOT/AOT_stimuli/rescaled_final/0752_rv.mp4	0.0	361.7090449333191	
67	296.74412393569946	movie	1		246	65.0	2.5	/experiments/knapen_AOT/AOT_stimuli/rescaled_final/0752_rv.mp4	0.0	362.12561893463135	2.5003700256347656
67	297.9279658794403	pulse	1	t		65.0	2.5	/experiments/knapen_AOT/AOT_stimuli/rescaled_final/0752_rv.mp4	0.0	363.3094608783722	
67	299.24449396133423	fix_post	2		12	65.0	2.5	/experiments/knapen_AOT/AOT_stimuli/rescaled_final/0752_rv.mp4	0.0	364.6259889602661	0.10002708435058594
68	299.3445210456848	fix_pre	0		120	66.0	2.5	/experiments/knapen_AOT/AOT_stimuli/rescaled_final/0154_rv.mp4	0.0	364.7260160446167	1.000187873840332
68	299.52816700935364	pulse	0	t		66.0	2.5	/experiments/knapen_AOT/AOT_stimuli/rescaled_final/0154_rv.mp4	0.0	364.9096620082855	
68	300.34470891952515	movie	1		246	66.0	2.5	/experiments/knapen_AOT/AOT_stimuli/rescaled_final/0154_rv.mp4	0.0	365.72620391845703	2.5003550052642822
68	301.12088203430176	pulse	1	t		66.0	2.5	/experiments/knapen_AOT/AOT_stimuli/rescaled_final/0154_rv.mp4	0.0	366.50237703323364	
68	302.72110891342163	pulse	1	t		66.0	2.5	/experiments/knapen_AOT/AOT_stimuli/rescaled_final/0154_rv.mp4	0.0	368.1026039123535	
68	302.84506392478943	fix_post	2		12	66.0	2.5	/experiments/knapen_AOT/AOT_stimuli/rescaled_final/0154_rv.mp4	0.0	368.2265589237213	0.10003995895385742
69	302.9451038837433	fix_pre	0		120	67.0	2.5	/experiments/knapen_AOT/AOT_stimuli/rescaled_final/0870_rv.mp4	0.0	368.32659888267517	1.0001370906829834
69	303.94524097442627	movie	1		243	67.0	2.5	/experiments/knapen_AOT/AOT_stimuli/rescaled_final/0870_rv.mp4	0.0	369.32673597335815	2.4919848442077637
69	304.3293778896332	pulse	1	t		67.0	2.5	/experiments/knapen_AOT/AOT_stimuli/rescaled_final/0870_rv.mp4	0.0	369.71087288856506	
69	305.9216728210449	pulse	1	t		67.0	2.5	/experiments/knapen_AOT/AOT_stimuli/rescaled_final/0870_rv.mp4	0.0	371.3031678199768	
69	306.43722581863403	fix_post	2		12	67.0	2.5	/experiments/knapen_AOT/AOT_stimuli/rescaled_final/0870_rv.mp4	0.0	371.8187208175659	0.10003900527954102
70	306.5372648239136	fix_pre	0		119	68.0	2.5	/experiments/knapen_AOT/AOT_stimuli/rescaled_final/1358_fw.mp4	0.0	371.91875982284546	0.991840124130249
70	307.52087688446045	pulse	0	t		68.0	2.5	/experiments/knapen_AOT/AOT_stimuli/rescaled_final/1358_fw.mp4	0.0	372.90237188339233	
70	307.5291049480438	movie	1		245	68.0	2.5	/experiments/knapen_AOT/AOT_stimuli/rescaled_final/1358_fw.mp4	0.0	372.9105999469757	2.508650064468384
70	309.12244296073914	pulse	1	t		68.0	2.5	/experiments/knapen_AOT/AOT_stimuli/rescaled_final/1358_fw.mp4	0.0	374.503937959671	
70	310.0377550125122	fix_post	2		12	68.0	2.5	/experiments/knapen_AOT/AOT_stimuli/rescaled_final/1358_fw.mp4	0.0	375.4192500114441	0.10005688667297363
71	310.1378118991852	fix_pre	0		120	69.0	2.5	blank	1.0	375.51930689811707	1.0001060962677002
71	310.72135186195374	pulse	0	t		69.0	2.5	blank	1.0	376.1028468608856	
71	311.1379179954529	movie	1		300	69.0	2.5	blank	1.0	376.51941299438477	2.500380039215088
71	312.32159900665283	pulse	1	t		69.0	2.5	blank	1.0	377.7030940055847	
71	313.63829803466797	fix_post	2		12	69.0	2.5	blank	1.0	379.01979303359985	0.10003495216369629
72	313.73833298683167	fix_pre	0		120	70.0	2.5	/experiments/knapen_AOT/AOT_stimuli/rescaled_final/1240_rv.mp4	0.0	379.11982798576355	1.00016188621521
72	313.9219880104065	pulse	0	t		70.0	2.5	/experiments/knapen_AOT/AOT_stimuli/rescaled_final/1240_rv.mp4	0.0	379.3034830093384	
72	314.7384948730469	movie	1		245	70.0	2.5	/experiments/knapen_AOT/AOT_stimuli/rescaled_final/1240_rv.mp4	0.0	380.11998987197876	2.5003440380096436
72	315.52221393585205	pulse	1	t		70.0	2.5	/experiments/knapen_AOT/AOT_stimuli/rescaled_final/1240_rv.mp4	0.0	380.90370893478394	
72	317.1223578453064	pulse	1	t		70.0	2.5	/experiments/knapen_AOT/AOT_stimuli/rescaled_final/1240_rv.mp4	0.0	382.5038528442383	
72	317.2388389110565	fix_post	2		12	70.0	2.5	/experiments/knapen_AOT/AOT_stimuli/rescaled_final/1240_rv.mp4	0.0	382.6203339099884	0.10004401206970215
73	317.3388829231262	fix_pre	0		119	71.0	2.5	/experiments/knapen_AOT/AOT_stimuli/rescaled_final/0324_rv.mp4	0.0	382.7203779220581	0.9918019771575928
73	318.3306849002838	movie	1		244	71.0	2.5	/experiments/knapen_AOT/AOT_stimuli/rescaled_final/0324_rv.mp4	0.0	383.7121798992157	2.5004420280456543
73	318.7226629257202	pulse	1	t		71.0	2.5	/experiments/knapen_AOT/AOT_stimuli/rescaled_final/0324_rv.mp4	0.0	384.1041579246521	
73	320.32282400131226	pulse	1	t		71.0	2.5	/experiments/knapen_AOT/AOT_stimuli/rescaled_final/0324_rv.mp4	0.0	385.70431900024414	
73	320.83112692832947	fix_post	2		12	71.0	2.5	/experiments/knapen_AOT/AOT_stimuli/rescaled_final/0324_rv.mp4	0.0	386.21262192726135	0.09999608993530273
74	320.93112301826477	fix_pre	0		118	72.0	2.5	/experiments/knapen_AOT/AOT_stimuli/rescaled_final/1854_fw.mp4	0.0	386.31261801719666	1.0001168251037598
74	321.92307901382446	pulse	0	t		72.0	2.5	/experiments/knapen_AOT/AOT_stimuli/rescaled_final/1854_fw.mp4	0.0	387.30457401275635	
74	321.93123984336853	movie	1		247	72.0	2.5	/experiments/knapen_AOT/AOT_stimuli/rescaled_final/1854_fw.mp4	0.0	387.3127348423004	2.5087180137634277
74	323.52458000183105	pulse	1	t		72.0	2.5	/experiments/knapen_AOT/AOT_stimuli/rescaled_final/1854_fw.mp4	0.0	388.90607500076294	
74	324.43995785713196	fix_post	2		12	72.0	2.5	/experiments/knapen_AOT/AOT_stimuli/rescaled_final/1854_fw.mp4	0.0	389.82145285606384	0.1000051498413086
75	324.53996300697327	fix_pre	0		120	73.0	2.5	/experiments/knapen_AOT/AOT_stimuli/rescaled_final/2145_rv.mp4	0.0	389.92145800590515	1.0002098083496094
75	325.12352204322815	pulse	0	t		73.0	2.5	/experiments/knapen_AOT/AOT_stimuli/rescaled_final/2145_rv.mp4	0.0	390.50501704216003	
75	325.5401728153229	movie	1		247	73.0	2.5	/experiments/knapen_AOT/AOT_stimuli/rescaled_final/2145_rv.mp4	0.0	390.92166781425476	2.500284194946289
75	326.7238688468933	pulse	1	t		73.0	2.5	/experiments/knapen_AOT/AOT_stimuli/rescaled_final/2145_rv.mp4	0.0	392.1053638458252	
75	328.04045701026917	fix_post	2		12	73.0	2.5	/experiments/knapen_AOT/AOT_stimuli/rescaled_final/2145_rv.mp4	0.0	393.42195200920105	0.1000359058380127
76	328.1404929161072	fix_pre	0		120	74.0	2.5	/experiments/knapen_AOT/AOT_stimuli/rescaled_final/0425_rv.mp4	0.0	393.52198791503906	1.0001609325408936
76	328.32400584220886	pulse	0	t		74.0	2.5	/experiments/knapen_AOT/AOT_stimuli/rescaled_final/0425_rv.mp4	0.0	393.70550084114075	
76	329.14065384864807	movie	1		246	74.0	2.5	/experiments/knapen_AOT/AOT_stimuli/rescaled_final/0425_rv.mp4	0.0	394.52214884757996	2.500336170196533
76	329.9243698120117	pulse	1	t		74.0	2.5	/experiments/knapen_AOT/AOT_stimuli/rescaled_final/0425_rv.mp4	0.0	395.3058648109436	
76	331.5245690345764	pulse	1	t		74.0	2.5	/experiments/knapen_AOT/AOT_stimuli/rescaled_final/0425_rv.mp4	0.0	396.9060640335083	
76	331.6409900188446	fix_post	2		12	74.0	2.5	/experiments/knapen_AOT/AOT_stimuli/rescaled_final/0425_rv.mp4	0.0	397.0224850177765	0.10003781318664551
77	331.74102783203125	fix_pre	0		119	75.0	2.5	/experiments/knapen_AOT/AOT_stimuli/rescaled_final/1796_rv.mp4	0.0	397.12252283096313	0.9918069839477539
77	332.732834815979	movie	1		245	75.0	2.5	/experiments/knapen_AOT/AOT_stimuli/rescaled_final/1796_rv.mp4	0.0	398.1143298149109	2.5003910064697266
77	333.12488198280334	pulse	1	t		75.0	2.5	/experiments/knapen_AOT/AOT_stimuli/rescaled_final/1796_rv.mp4	0.0	398.50637698173523	
77	334.72504687309265	pulse	1	t		75.0	2.5	/experiments/knapen_AOT/AOT_stimuli/rescaled_final/1796_rv.mp4	0.0	400.10654187202454	
77	335.23322582244873	fix_post	2		12	75.0	2.5	/experiments/knapen_AOT/AOT_stimuli/rescaled_final/1796_rv.mp4	0.0	400.6147208213806	0.10005521774291992
78	335.33328104019165	fix_pre	0		120	76.0	2.5	/experiments/knapen_AOT/AOT_stimuli/rescaled_final/2145_fw.mp4	0.0	400.71477603912354	1.0000808238983154
78	336.3253028392792	pulse	0	t		76.0	2.5	/experiments/knapen_AOT/AOT_stimuli/rescaled_final/2145_fw.mp4	0.0	401.70679783821106	
78	336.33336186408997	movie	1		245	76.0	2.5	/experiments/knapen_AOT/AOT_stimuli/rescaled_final/2145_fw.mp4	0.0	401.71485686302185	2.508759021759033
78	337.9260790348053	pulse	1	t		76.0	2.5	/experiments/knapen_AOT/AOT_stimuli/rescaled_final/2145_fw.mp4	0.0	403.3075740337372	
78	338.842120885849	fix_post	2		12	76.0	2.5	/experiments/knapen_AOT/AOT_stimuli/rescaled_final/2145_fw.mp4	0.0	404.2236158847809	0.10000300407409668
79	338.9421238899231	fix_pre	0		120	77.0	2.5	blank	1.0	404.323618888855	1.000195026397705
79	339.52573585510254	pulse	0	t		77.0	2.5	blank	1.0	404.9072308540344	
79	339.9423189163208	movie	1		300	77.0	2.5	blank	1.0	405.3238139152527	2.5003020763397217
79	341.1259889602661	pulse	1	t		77.0	2.5	blank	1.0	406.507483959198	
79	342.4426209926605	fix_post	2		12	77.0	2.5	blank	1.0	407.8241159915924	0.10003495216369629
80	342.5426559448242	fix_pre	0		120	78.0	2.5	/experiments/knapen_AOT/AOT_stimuli/rescaled_final/0552_rv.mp4	0.0	407.9241509437561	1.0001239776611328
80	342.7261769771576	pulse	0	t		78.0	2.5	/experiments/knapen_AOT/AOT_stimuli/rescaled_final/0552_rv.mp4	0.0	408.1076719760895	
80	343.54277992248535	movie	1		244	78.0	2.5	/experiments/knapen_AOT/AOT_stimuli/rescaled_final/0552_rv.mp4	0.0	408.92427492141724	2.5003719329833984
80	344.3264579772949	pulse	1	t		78.0	2.5	/experiments/knapen_AOT/AOT_stimuli/rescaled_final/0552_rv.mp4	0.0	409.7079529762268	
80	345.92689990997314	pulse	1	t		78.0	2.5	/experiments/knapen_AOT/AOT_stimuli/rescaled_final/0552_rv.mp4	0.0	411.30839490890503	
80	346.04315185546875	fix_post	2		12	78.0	2.5	/experiments/knapen_AOT/AOT_stimuli/rescaled_final/0552_rv.mp4	0.0	411.42464685440063	0.10004210472106934
81	346.1431939601898	fix_pre	0		120	79.0	2.5	/experiments/knapen_AOT/AOT_stimuli/rescaled_final/0893_fw.mp4	0.0	411.5246889591217	1.0001220703125
81	347.1433160305023	movie	1		242	79.0	2.5	/experiments/knapen_AOT/AOT_stimuli/rescaled_final/0893_fw.mp4	0.0	412.5248110294342	2.492069959640503
81	347.52728486061096	pulse	1	t		79.0	2.5	/experiments/knapen_AOT/AOT_stimuli/rescaled_final/0893_fw.mp4	0.0	412.90877985954285	
81	349.12719798088074	pulse	1	t		79.0	2.5	/experiments/knapen_AOT/AOT_stimuli/rescaled_final/0893_fw.mp4	0.0	414.5086929798126	
81	349.6353859901428	fix_post	2		12	79.0	2.5	/experiments/knapen_AOT/AOT_stimuli/rescaled_final/0893_fw.mp4	0.0	415.0168809890747	0.10005903244018555
82	349.735445022583	fix_pre	0		120	80.0	2.5	/experiments/knapen_AOT/AOT_stimuli/rescaled_final/1113_rv.mp4	0.0	415.1169400215149	1.0000698566436768
82	350.72740387916565	pulse	0	t		80.0	2.5	/experiments/knapen_AOT/AOT_stimuli/rescaled_final/1113_rv.mp4	0.0	416.10889887809753	
82	350.7355148792267	movie	1		245	80.0	2.5	/experiments/knapen_AOT/AOT_stimuli/rescaled_final/1113_rv.mp4	0.0	416.11700987815857	2.5087029933929443
82	352.3283939361572	pulse	1	t		80.0	2.5	/experiments/knapen_AOT/AOT_stimuli/rescaled_final/1113_rv.mp4	0.0	417.7098889350891	
82	353.24421787261963	fix_post	2		12	80.0	2.5	/experiments/knapen_AOT/AOT_stimuli/rescaled_final/1113_rv.mp4	0.0	418.6257128715515	0.10003304481506348
83	353.3442509174347	fix_pre	0		120	81.0	2.5	/experiments/knapen_AOT/AOT_stimuli/rescaled_final/1044_fw.mp4	0.0	418.7257459163666	1.0001959800720215
83	353.92035388946533	pulse	0	t		81.0	2.5	/experiments/knapen_AOT/AOT_stimuli/rescaled_final/1044_fw.mp4	0.0	419.3018488883972	
83	354.3444468975067	movie	1		245	81.0	2.5	/experiments/knapen_AOT/AOT_stimuli/rescaled_final/1044_fw.mp4	0.0	419.7259418964386	2.5003180503845215
83	355.52110600471497	pulse	1	t		81.0	2.5	/experiments/knapen_AOT/AOT_stimuli/rescaled_final/1044_fw.mp4	0.0	420.90260100364685	
83	356.84476494789124	fix_post	2		12	81.0	2.5	/experiments/knapen_AOT/AOT_stimuli/rescaled_final/1044_fw.mp4	0.0	422.2262599468231	0.10004496574401855
84	356.94480991363525	fix_pre	0		120	82.0	2.5	blank	1.0	422.32630491256714	1.0001220703125
84	357.1208279132843	pulse	0	t		82.0	2.5	blank	1.0	422.5023229122162	
84	357.94493198394775	movie	1		300	82.0	2.5	blank	1.0	423.32642698287964	2.500380039215088
84	358.7211139202118	pulse	1	t		82.0	2.5	blank	1.0	424.1026089191437	
84	360.32054901123047	pulse	1	t		82.0	2.5	blank	1.0	425.70204401016235	
84	360.44531202316284	fix_post	2		12	82.0	2.5	blank	1.0	425.8268070220947	0.10004401206970215
85	360.54535603523254	fix_pre	0		120	83.0	2.5	/experiments/knapen_AOT/AOT_stimuli/rescaled_final/0414_rv.mp4	0.0	425.92685103416443	1.0001130104064941
85	361.54546904563904	movie	1		244	83.0	2.5	/experiments/knapen_AOT/AOT_stimuli/rescaled_final/0414_rv.mp4	0.0	426.9269640445709	2.4920098781585693
85	361.92066502571106	pulse	1	t		83.0	2.5	/experiments/knapen_AOT/AOT_stimuli/rescaled_final/0414_rv.mp4	0.0	427.30216002464294	
85	363.52100801467896	pulse	1	t		83.0	2.5	/experiments/knapen_AOT/AOT_stimuli/rescaled_final/0414_rv.mp4	0.0	428.90250301361084	
85	364.0374789237976	fix_post	2		12	83.0	2.5	/experiments/knapen_AOT/AOT_stimuli/rescaled_final/0414_rv.mp4	0.0	429.4189739227295	0.10008597373962402
87	364.13756489753723	stim	0		1716					429.5190598964691	14.302243947982788
87	365.1212708950043	pulse	0	t						430.50276589393616	
87	366.72139382362366	pulse	0	t						432.10288882255554	
87	368.3215799331665	pulse	0	t						433.7030749320984	
87	369.92189598083496	pulse	0	t						435.30339097976685	
87	371.5221049785614	pulse	0	t						436.9035999774933	
87	373.1223578453064	pulse	0	t						438.5038528442383	
87	374.7225558757782	pulse	0	t						440.1040508747101	
87	376.3228600025177	pulse	0	t						441.7043550014496	
87	377.923043012619	pulse	0	t						443.3045380115509	
