trial_nr	onset	event_type	phase	response	nr_frames	movie_index	movie_duration	movie_file	blank	onset_abs	duration
0	0.20832300186157227	stim	0		135					25.60187602043152	1.1250288486480713
0	1.318091869354248	response	0	space						26.711644887924194	
1	1.3333518505096436	stim	0		4816					26.72690486907959	40.151695013046265
1	41.4703528881073	pulse	0	t						66.86390590667725	
1	41.48504686355591	stim	1		1715					66.87859988212585	14.29808497428894
1	43.06493282318115	pulse	1	t						68.4584858417511	
1	44.66505694389343	pulse	1	t						70.05860996246338	
1	46.26517701148987	pulse	1	t						71.65873003005981	
1	47.865487813949585	pulse	1	t						73.25904083251953	
1	49.46569895744324	pulse	1	t						74.85925197601318	
1	51.066067934036255	pulse	1	t						76.4596209526062	
1	52.666117906570435	pulse	1	t						78.05967092514038	
1	54.26638197898865	pulse	1	t						79.6599349975586	
2	55.78313183784485	fix_pre	0		11	0.0	2.5	/experiments/knapen_AOT/AOT_stimuli/rescaled_final/0732_fw.mp4	0.0	81.1766848564148	0.09168219566345215
2	55.86679983139038	pulse	0	t		0.0	2.5	/experiments/knapen_AOT/AOT_stimuli/rescaled_final/0732_fw.mp4	0.0	81.26035284996033	
2	55.8748140335083	movie	1		245	0.0	2.5	/experiments/knapen_AOT/AOT_stimuli/rescaled_final/0732_fw.mp4	0.0	81.26836705207825	2.5087509155273438
2	57.467519998550415	pulse	1	t		0.0	2.5	/experiments/knapen_AOT/AOT_stimuli/rescaled_final/0732_fw.mp4	0.0	82.86107301712036	
2	58.383564949035645	fix_post	2		12	0.0	2.5	/experiments/knapen_AOT/AOT_stimuli/rescaled_final/0732_fw.mp4	0.0	83.77711796760559	0.09998703002929688
3	58.48355197906494	fix_pre	0		120	1.0	2.5	/experiments/knapen_AOT/AOT_stimuli/rescaled_final/2116_fw.mp4	0.0	83.87710499763489	1.000175952911377
3	59.05988597869873	pulse	0	t		1.0	2.5	/experiments/knapen_AOT/AOT_stimuli/rescaled_final/2116_fw.mp4	0.0	84.45343899726868	
3	59.48372793197632	movie	1		241	1.0	2.5	/experiments/knapen_AOT/AOT_stimuli/rescaled_final/2116_fw.mp4	0.0	84.87728095054626	2.500324010848999
3	60.66750693321228	pulse	1	t		1.0	2.5	/experiments/knapen_AOT/AOT_stimuli/rescaled_final/2116_fw.mp4	0.0	86.06105995178223	
3	61.98405194282532	fix_post	2		12	1.0	2.5	/experiments/knapen_AOT/AOT_stimuli/rescaled_final/2116_fw.mp4	0.0	87.37760496139526	0.10001993179321289
4	62.08407187461853	fix_pre	0		120	2.0	2.5	/experiments/knapen_AOT/AOT_stimuli/rescaled_final/1471_rv.mp4	0.0	87.47762489318848	1.0001449584960938
4	62.26002287864685	pulse	0	t		2.0	2.5	/experiments/knapen_AOT/AOT_stimuli/rescaled_final/1471_rv.mp4	0.0	87.6535758972168	
4	63.084216833114624	movie	1		243	2.0	2.5	/experiments/knapen_AOT/AOT_stimuli/rescaled_final/1471_rv.mp4	0.0	88.47776985168457	2.5003750324249268
4	63.85955500602722	pulse	1	t		2.0	2.5	/experiments/knapen_AOT/AOT_stimuli/rescaled_final/1471_rv.mp4	0.0	89.25310802459717	
4	65.45986294746399	pulse	1	t		2.0	2.5	/experiments/knapen_AOT/AOT_stimuli/rescaled_final/1471_rv.mp4	0.0	90.85341596603394	
4	65.58459186553955	fix_post	2		12	2.0	2.5	/experiments/knapen_AOT/AOT_stimuli/rescaled_final/1471_rv.mp4	0.0	90.9781448841095	0.10001897811889648
5	65.68461084365845	fix_pre	0		120	3.0	2.5	/experiments/knapen_AOT/AOT_stimuli/rescaled_final/0552_rv.mp4	0.0	91.0781638622284	1.0001561641693115
5	66.68476700782776	movie	1		244	3.0	2.5	/experiments/knapen_AOT/AOT_stimuli/rescaled_final/0552_rv.mp4	0.0	92.0783200263977	2.492112874984741
5	67.06000685691833	pulse	1	t		3.0	2.5	/experiments/knapen_AOT/AOT_stimuli/rescaled_final/0552_rv.mp4	0.0	92.45355987548828	
5	68.66036486625671	pulse	1	t		3.0	2.5	/experiments/knapen_AOT/AOT_stimuli/rescaled_final/0552_rv.mp4	0.0	94.05391788482666	
5	69.1768798828125	fix_post	2		12	3.0	2.5	/experiments/knapen_AOT/AOT_stimuli/rescaled_final/0552_rv.mp4	0.0	94.57043290138245	0.0999751091003418
6	69.27685499191284	fix_pre	0		119	4.0	2.5	/experiments/knapen_AOT/AOT_stimuli/rescaled_final/0067_rv.mp4	0.0	94.67040801048279	0.9918010234832764
6	70.26047682762146	pulse	0	t		4.0	2.5	/experiments/knapen_AOT/AOT_stimuli/rescaled_final/0067_rv.mp4	0.0	95.6540298461914	
6	70.26865601539612	movie	1		246	4.0	2.5	/experiments/knapen_AOT/AOT_stimuli/rescaled_final/0067_rv.mp4	0.0	95.66220903396606	2.508683919906616
6	71.86210203170776	pulse	1	t		4.0	2.5	/experiments/knapen_AOT/AOT_stimuli/rescaled_final/0067_rv.mp4	0.0	97.25565505027771	
6	72.77733993530273	fix_post	2		12	4.0	2.5	/experiments/knapen_AOT/AOT_stimuli/rescaled_final/0067_rv.mp4	0.0	98.17089295387268	0.10004401206970215
7	72.87738394737244	fix_pre	0		120	5.0	2.5	/experiments/knapen_AOT/AOT_stimuli/rescaled_final/1857_fw.mp4	0.0	98.27093696594238	1.0001089572906494
7	73.46104383468628	pulse	0	t		5.0	2.5	/experiments/knapen_AOT/AOT_stimuli/rescaled_final/1857_fw.mp4	0.0	98.85459685325623	
7	73.87749290466309	movie	1		244	5.0	2.5	/experiments/knapen_AOT/AOT_stimuli/rescaled_final/1857_fw.mp4	0.0	99.27104592323303	2.5003790855407715
7	75.06137990951538	pulse	1	t		5.0	2.5	/experiments/knapen_AOT/AOT_stimuli/rescaled_final/1857_fw.mp4	0.0	100.45493292808533	
7	76.37787199020386	fix_post	2		12	5.0	2.5	/experiments/knapen_AOT/AOT_stimuli/rescaled_final/1857_fw.mp4	0.0	101.7714250087738	0.10001587867736816
8	76.47788786888123	fix_pre	0		120	6.0	2.5	/experiments/knapen_AOT/AOT_stimuli/rescaled_final/2151_rv.mp4	0.0	101.87144088745117	1.0001640319824219
8	76.66147494316101	pulse	0	t		6.0	2.5	/experiments/knapen_AOT/AOT_stimuli/rescaled_final/2151_rv.mp4	0.0	102.05502796173096	
8	77.47805190086365	movie	1		245	6.0	2.5	/experiments/knapen_AOT/AOT_stimuli/rescaled_final/2151_rv.mp4	0.0	102.8716049194336	2.500378131866455
8	78.26163792610168	pulse	1	t		6.0	2.5	/experiments/knapen_AOT/AOT_stimuli/rescaled_final/2151_rv.mp4	0.0	103.65519094467163	
8	79.86201882362366	pulse	1	t		6.0	2.5	/experiments/knapen_AOT/AOT_stimuli/rescaled_final/2151_rv.mp4	0.0	105.2555718421936	
8	79.9784300327301	fix_post	2		12	6.0	2.5	/experiments/knapen_AOT/AOT_stimuli/rescaled_final/2151_rv.mp4	0.0	105.37198305130005	0.10004186630249023
9	80.07847189903259	fix_pre	0		120	7.0	2.5	blank	1.0	105.47202491760254	1.000110149383545
9	81.07858204841614	movie	1		299	7.0	2.5	blank	1.0	106.47213506698608	2.492039918899536
9	81.46213483810425	pulse	1	t		7.0	2.5	blank	1.0	106.8556878566742	
9	83.0625	pulse	1	t		7.0	2.5	blank	1.0	108.45605301856995	
9	83.57062196731567	fix_post	2		12	7.0	2.5	blank	1.0	108.96417498588562	0.09999585151672363
10	83.6706178188324	fix_pre	0		120	8.0	2.5	/experiments/knapen_AOT/AOT_stimuli/rescaled_final/1472_fw.mp4	0.0	109.06417083740234	1.0001640319824219
10	84.66266202926636	pulse	0	t		8.0	2.5	/experiments/knapen_AOT/AOT_stimuli/rescaled_final/1472_fw.mp4	0.0	110.0562150478363	
10	84.67078185081482	movie	1		246	8.0	2.5	/experiments/knapen_AOT/AOT_stimuli/rescaled_final/1472_fw.mp4	0.0	110.06433486938477	2.50870418548584
10	86.26723384857178	pulse	1	t		8.0	2.5	/experiments/knapen_AOT/AOT_stimuli/rescaled_final/1472_fw.mp4	0.0	111.66078686714172	
10	87.17948603630066	fix_post	2		12	8.0	2.5	/experiments/knapen_AOT/AOT_stimuli/rescaled_final/1472_fw.mp4	0.0	112.5730390548706	0.10007286071777344
11	87.27955889701843	fix_pre	0		120	9.0	2.5	/experiments/knapen_AOT/AOT_stimuli/rescaled_final/1909_rv.mp4	0.0	112.67311191558838	1.0001211166381836
11	87.86316204071045	pulse	0	t		9.0	2.5	/experiments/knapen_AOT/AOT_stimuli/rescaled_final/1909_rv.mp4	0.0	113.2567150592804	
11	88.27968001365662	movie	1		245	9.0	2.5	/experiments/knapen_AOT/AOT_stimuli/rescaled_final/1909_rv.mp4	0.0	113.67323303222656	2.500349998474121
11	89.46355295181274	pulse	1	t		9.0	2.5	/experiments/knapen_AOT/AOT_stimuli/rescaled_final/1909_rv.mp4	0.0	114.85710597038269	
11	90.78003001213074	fix_post	2		12	9.0	2.5	/experiments/knapen_AOT/AOT_stimuli/rescaled_final/1909_rv.mp4	0.0	116.17358303070068	0.10001993179321289
12	90.88004994392395	fix_pre	0		120	10.0	2.5	/experiments/knapen_AOT/AOT_stimuli/rescaled_final/1837_rv.mp4	0.0	116.2736029624939	1.0002400875091553
12	91.06372284889221	pulse	0	t		10.0	2.5	/experiments/knapen_AOT/AOT_stimuli/rescaled_final/1837_rv.mp4	0.0	116.45727586746216	
12	91.8802900314331	movie	1		243	10.0	2.5	/experiments/knapen_AOT/AOT_stimuli/rescaled_final/1837_rv.mp4	0.0	117.27384305000305	2.5003879070281982
12	92.66405200958252	pulse	1	t		10.0	2.5	/experiments/knapen_AOT/AOT_stimuli/rescaled_final/1837_rv.mp4	0.0	118.05760502815247	
12	94.26419281959534	pulse	1	t		10.0	2.5	/experiments/knapen_AOT/AOT_stimuli/rescaled_final/1837_rv.mp4	0.0	119.65774583816528	
12	94.3806779384613	fix_post	2		12	10.0	2.5	/experiments/knapen_AOT/AOT_stimuli/rescaled_final/1837_rv.mp4	0.0	119.77423095703125	0.09990096092224121
13	94.48057889938354	fix_pre	0		120	11.0	2.5	/experiments/knapen_AOT/AOT_stimuli/rescaled_final/0686_rv.mp4	0.0	119.87413191795349	1.0001819133758545
13	95.4807608127594	movie	1		243	11.0	2.5	/experiments/knapen_AOT/AOT_stimuli/rescaled_final/0686_rv.mp4	0.0	120.87431383132935	2.491995096206665
13	95.86478781700134	pulse	1	t		11.0	2.5	/experiments/knapen_AOT/AOT_stimuli/rescaled_final/0686_rv.mp4	0.0	121.25834083557129	
13	97.4646258354187	pulse	1	t		11.0	2.5	/experiments/knapen_AOT/AOT_stimuli/rescaled_final/0686_rv.mp4	0.0	122.85817885398865	
13	97.97275590896606	fix_post	2		12	11.0	2.5	/experiments/knapen_AOT/AOT_stimuli/rescaled_final/0686_rv.mp4	0.0	123.36630892753601	0.10001111030578613
14	98.07276701927185	fix_pre	0		120	12.0	2.5	blank	1.0	123.4663200378418	1.0001769065856934
14	99.06487488746643	pulse	0	t		12.0	2.5	blank	1.0	124.45842790603638	
14	99.07294392585754	movie	1		301	12.0	2.5	blank	1.0	124.46649694442749	2.5087029933929443
14	100.6650378704071	pulse	1	t		12.0	2.5	blank	1.0	126.05859088897705	
14	101.58164691925049	fix_post	2		12	12.0	2.5	blank	1.0	126.97519993782043	0.10004401206970215
15	101.68169093132019	fix_pre	0		120	13.0	2.5	/experiments/knapen_AOT/AOT_stimuli/rescaled_final/0348_rv.mp4	0.0	127.07524394989014	1.0001180171966553
15	102.26528000831604	pulse	0	t		13.0	2.5	/experiments/knapen_AOT/AOT_stimuli/rescaled_final/0348_rv.mp4	0.0	127.65883302688599	
15	102.68180894851685	movie	1		244	13.0	2.5	/experiments/knapen_AOT/AOT_stimuli/rescaled_final/0348_rv.mp4	0.0	128.0753619670868	2.500333070755005
15	103.8656120300293	pulse	1	t		13.0	2.5	/experiments/knapen_AOT/AOT_stimuli/rescaled_final/0348_rv.mp4	0.0	129.25916504859924	
15	105.18214201927185	fix_post	2		12	13.0	2.5	/experiments/knapen_AOT/AOT_stimuli/rescaled_final/0348_rv.mp4	0.0	130.5756950378418	0.10004782676696777
16	105.28218984603882	fix_pre	0		120	14.0	2.5	/experiments/knapen_AOT/AOT_stimuli/rescaled_final/0981_rv.mp4	0.0	130.67574286460876	1.000190019607544
16	105.46583390235901	pulse	0	t		14.0	2.5	/experiments/knapen_AOT/AOT_stimuli/rescaled_final/0981_rv.mp4	0.0	130.85938692092896	
16	106.28237986564636	movie	1		244	14.0	2.5	/experiments/knapen_AOT/AOT_stimuli/rescaled_final/0981_rv.mp4	0.0	131.6759328842163	2.5004630088806152
16	107.06599593162537	pulse	1	t		14.0	2.5	/experiments/knapen_AOT/AOT_stimuli/rescaled_final/0981_rv.mp4	0.0	132.4595489501953	
16	108.66635394096375	pulse	1	t		14.0	2.5	/experiments/knapen_AOT/AOT_stimuli/rescaled_final/0981_rv.mp4	0.0	134.0599069595337	
16	108.78284287452698	fix_post	2		12	14.0	2.5	/experiments/knapen_AOT/AOT_stimuli/rescaled_final/0981_rv.mp4	0.0	134.17639589309692	0.09989094734191895
17	108.8827338218689	fix_pre	0		120	15.0	2.5	/experiments/knapen_AOT/AOT_stimuli/rescaled_final/0732_rv.mp4	0.0	134.27628684043884	1.0001280307769775
17	109.88286185264587	movie	1		244	15.0	2.5	/experiments/knapen_AOT/AOT_stimuli/rescaled_final/0732_rv.mp4	0.0	135.27641487121582	2.4920570850372314
17	110.27076697349548	pulse	1	t		15.0	2.5	/experiments/knapen_AOT/AOT_stimuli/rescaled_final/0732_rv.mp4	0.0	135.66431999206543	
17	111.85963082313538	pulse	1	t		15.0	2.5	/experiments/knapen_AOT/AOT_stimuli/rescaled_final/0732_rv.mp4	0.0	137.25318384170532	
17	112.3749189376831	fix_post	2		12	15.0	2.5	/experiments/knapen_AOT/AOT_stimuli/rescaled_final/0732_rv.mp4	0.0	137.76847195625305	0.10000801086425781
18	112.47492694854736	fix_pre	0		120	16.0	2.5	/experiments/knapen_AOT/AOT_stimuli/rescaled_final/1998_fw.mp4	0.0	137.8684799671173	1.0001389980316162
18	113.45950484275818	pulse	0	t		16.0	2.5	/experiments/knapen_AOT/AOT_stimuli/rescaled_final/1998_fw.mp4	0.0	138.85305786132812	
18	113.47506594657898	movie	1		244	16.0	2.5	/experiments/knapen_AOT/AOT_stimuli/rescaled_final/1998_fw.mp4	0.0	138.86861896514893	2.508718967437744
18	115.06780195236206	pulse	1	t		16.0	2.5	/experiments/knapen_AOT/AOT_stimuli/rescaled_final/1998_fw.mp4	0.0	140.461354970932	
18	115.98378491401672	fix_post	2		12	16.0	2.5	/experiments/knapen_AOT/AOT_stimuli/rescaled_final/1998_fw.mp4	0.0	141.37733793258667	0.10004091262817383
19	116.0838258266449	fix_pre	0		120	17.0	2.5	/experiments/knapen_AOT/AOT_stimuli/rescaled_final/0058_rv.mp4	0.0	141.47737884521484	1.000143051147461
19	116.65990781784058	pulse	0	t		17.0	2.5	/experiments/knapen_AOT/AOT_stimuli/rescaled_final/0058_rv.mp4	0.0	142.05346083641052	
19	117.08396887779236	movie	1		245	17.0	2.5	/experiments/knapen_AOT/AOT_stimuli/rescaled_final/0058_rv.mp4	0.0	142.4775218963623	2.5046920776367188
19	118.26042103767395	pulse	1	t		17.0	2.5	/experiments/knapen_AOT/AOT_stimuli/rescaled_final/0058_rv.mp4	0.0	143.6539740562439	
19	119.58866095542908	fix_post	2		8	17.0	2.5	/experiments/knapen_AOT/AOT_stimuli/rescaled_final/0058_rv.mp4	0.0	144.98221397399902	0.09573006629943848
20	119.68439102172852	fix_pre	0		120	18.0	2.5	/experiments/knapen_AOT/AOT_stimuli/rescaled_final/1930_rv.mp4	0.0	145.07794404029846	1.0001819133758545
20	119.85966181755066	pulse	0	t		18.0	2.5	/experiments/knapen_AOT/AOT_stimuli/rescaled_final/1930_rv.mp4	0.0	145.2532148361206	
20	120.68457293510437	movie	1		245	18.0	2.5	/experiments/knapen_AOT/AOT_stimuli/rescaled_final/1930_rv.mp4	0.0	146.07812595367432	2.500288963317871
20	121.45974898338318	pulse	1	t		18.0	2.5	/experiments/knapen_AOT/AOT_stimuli/rescaled_final/1930_rv.mp4	0.0	146.85330200195312	
20	123.05996084213257	pulse	1	t		18.0	2.5	/experiments/knapen_AOT/AOT_stimuli/rescaled_final/1930_rv.mp4	0.0	148.45351386070251	
20	123.18486189842224	fix_post	2		12	18.0	2.5	/experiments/knapen_AOT/AOT_stimuli/rescaled_final/1930_rv.mp4	0.0	148.5784149169922	0.09999895095825195
21	123.2848608493805	fix_pre	0		119	19.0	2.5	/experiments/knapen_AOT/AOT_stimuli/rescaled_final/0925_rv.mp4	0.0	148.67841386795044	0.9918220043182373
21	124.27668285369873	movie	1		244	19.0	2.5	/experiments/knapen_AOT/AOT_stimuli/rescaled_final/0925_rv.mp4	0.0	149.67023587226868	2.5003981590270996
21	124.66082096099854	pulse	1	t		19.0	2.5	/experiments/knapen_AOT/AOT_stimuli/rescaled_final/0925_rv.mp4	0.0	150.05437397956848	
21	126.26060199737549	pulse	1	t		19.0	2.5	/experiments/knapen_AOT/AOT_stimuli/rescaled_final/0925_rv.mp4	0.0	151.65415501594543	
21	126.77708101272583	fix_post	2		12	19.0	2.5	/experiments/knapen_AOT/AOT_stimuli/rescaled_final/0925_rv.mp4	0.0	152.17063403129578	0.09998083114624023
22	126.87706184387207	fix_pre	0		119	20.0	2.5	blank	1.0	152.27061486244202	0.9918501377105713
22	127.86089491844177	pulse	0	t		20.0	2.5	blank	1.0	153.25444793701172	
22	127.86891198158264	movie	1		301	20.0	2.5	blank	1.0	153.2624650001526	2.5087239742279053
22	129.46100783348083	pulse	1	t		20.0	2.5	blank	1.0	154.85456085205078	
22	130.37763595581055	fix_post	2		12	20.0	2.5	blank	1.0	155.7711889743805	0.09999299049377441
23	130.47762894630432	fix_pre	0		120	21.0	2.5	/experiments/knapen_AOT/AOT_stimuli/rescaled_final/0627_fw.mp4	0.0	155.87118196487427	1.000148057937622
23	131.06119585037231	pulse	0	t		21.0	2.5	/experiments/knapen_AOT/AOT_stimuli/rescaled_final/0627_fw.mp4	0.0	156.45474886894226	
23	131.47777700424194	movie	1		244	21.0	2.5	/experiments/knapen_AOT/AOT_stimuli/rescaled_final/0627_fw.mp4	0.0	156.8713300228119	2.5003719329833984
23	132.66169095039368	pulse	1	t		21.0	2.5	/experiments/knapen_AOT/AOT_stimuli/rescaled_final/0627_fw.mp4	0.0	158.05524396896362	
23	133.97814893722534	fix_post	2		12	21.0	2.5	/experiments/knapen_AOT/AOT_stimuli/rescaled_final/0627_fw.mp4	0.0	159.3717019557953	0.09995388984680176
24	134.07810282707214	fix_pre	0		120	22.0	2.5	/experiments/knapen_AOT/AOT_stimuli/rescaled_final/2052_rv.mp4	0.0	159.4716558456421	1.0002210140228271
24	134.2618658542633	pulse	0	t		22.0	2.5	/experiments/knapen_AOT/AOT_stimuli/rescaled_final/2052_rv.mp4	0.0	159.65541887283325	
24	135.07832384109497	movie	1		245	22.0	2.5	/experiments/knapen_AOT/AOT_stimuli/rescaled_final/2052_rv.mp4	0.0	160.47187685966492	2.5003631114959717
24	135.86199283599854	pulse	1	t		22.0	2.5	/experiments/knapen_AOT/AOT_stimuli/rescaled_final/2052_rv.mp4	0.0	161.25554585456848	
24	137.46220684051514	pulse	1	t		22.0	2.5	/experiments/knapen_AOT/AOT_stimuli/rescaled_final/2052_rv.mp4	0.0	162.85575985908508	
24	137.57868695259094	fix_post	2		12	22.0	2.5	/experiments/knapen_AOT/AOT_stimuli/rescaled_final/2052_rv.mp4	0.0	162.9722399711609	0.0999910831451416
25	137.67867803573608	fix_pre	0		120	23.0	2.5	/experiments/knapen_AOT/AOT_stimuli/rescaled_final/0924_rv.mp4	0.0	163.07223105430603	1.0001468658447266
25	138.6788249015808	movie	1		243	23.0	2.5	/experiments/knapen_AOT/AOT_stimuli/rescaled_final/0924_rv.mp4	0.0	164.07237792015076	2.4920389652252197
25	139.06357598304749	pulse	1	t		23.0	2.5	/experiments/knapen_AOT/AOT_stimuli/rescaled_final/0924_rv.mp4	0.0	164.45712900161743	
25	140.66274881362915	pulse	1	t		23.0	2.5	/experiments/knapen_AOT/AOT_stimuli/rescaled_final/0924_rv.mp4	0.0	166.0563018321991	
25	141.17086386680603	fix_post	2		12	23.0	2.5	/experiments/knapen_AOT/AOT_stimuli/rescaled_final/0924_rv.mp4	0.0	166.56441688537598	0.1000370979309082
26	141.27090096473694	fix_pre	0		120	24.0	2.5	/experiments/knapen_AOT/AOT_stimuli/rescaled_final/0481_fw.mp4	0.0	166.66445398330688	1.0001180171966553
26	142.26300597190857	pulse	0	t		24.0	2.5	/experiments/knapen_AOT/AOT_stimuli/rescaled_final/0481_fw.mp4	0.0	167.65655899047852	
26	142.2710189819336	movie	1		246	24.0	2.5	/experiments/knapen_AOT/AOT_stimuli/rescaled_final/0481_fw.mp4	0.0	167.66457200050354	2.508746862411499
26	143.86757493019104	pulse	1	t		24.0	2.5	/experiments/knapen_AOT/AOT_stimuli/rescaled_final/0481_fw.mp4	0.0	169.261127948761	
26	144.7797658443451	fix_post	2		12	24.0	2.5	/experiments/knapen_AOT/AOT_stimuli/rescaled_final/0481_fw.mp4	0.0	170.17331886291504	0.09998297691345215
27	144.87974882125854	fix_pre	0		120	25.0	2.5	/experiments/knapen_AOT/AOT_stimuli/rescaled_final/1131_rv.mp4	0.0	170.2733018398285	1.0001661777496338
27	145.46335887908936	pulse	0	t		25.0	2.5	/experiments/knapen_AOT/AOT_stimuli/rescaled_final/1131_rv.mp4	0.0	170.8569118976593	
27	145.87991499900818	movie	1		244	25.0	2.5	/experiments/knapen_AOT/AOT_stimuli/rescaled_final/1131_rv.mp4	0.0	171.27346801757812	2.5003440380096436
27	147.06371903419495	pulse	1	t		25.0	2.5	/experiments/knapen_AOT/AOT_stimuli/rescaled_final/1131_rv.mp4	0.0	172.4572720527649	
27	148.38025903701782	fix_post	2		12	25.0	2.5	/experiments/knapen_AOT/AOT_stimuli/rescaled_final/1131_rv.mp4	0.0	173.77381205558777	0.10003185272216797
28	148.48029088974	fix_pre	0		120	26.0	2.5	blank	1.0	173.87384390830994	1.0001800060272217
28	148.66386198997498	pulse	0	t		26.0	2.5	blank	1.0	174.05741500854492	
28	149.4804708957672	movie	1		300	26.0	2.5	blank	1.0	174.87402391433716	2.500352144241333
28	150.2641179561615	pulse	1	t		26.0	2.5	blank	1.0	175.65767097473145	
28	151.86436295509338	pulse	1	t		26.0	2.5	blank	1.0	177.25791597366333	
28	151.98082304000854	fix_post	2		12	26.0	2.5	blank	1.0	177.3743760585785	0.10006880760192871
29	152.08089184761047	fix_pre	0		120	27.0	2.5	/experiments/knapen_AOT/AOT_stimuli/rescaled_final/1816_fw.mp4	0.0	177.47444486618042	1.000101089477539
29	153.080992937088	movie	1		244	27.0	2.5	/experiments/knapen_AOT/AOT_stimuli/rescaled_final/1816_fw.mp4	0.0	178.47454595565796	2.4920289516448975
29	153.46525692939758	pulse	1	t		27.0	2.5	/experiments/knapen_AOT/AOT_stimuli/rescaled_final/1816_fw.mp4	0.0	178.85880994796753	
29	155.06494688987732	pulse	1	t		27.0	2.5	/experiments/knapen_AOT/AOT_stimuli/rescaled_final/1816_fw.mp4	0.0	180.45849990844727	
29	155.5730218887329	fix_post	2		12	27.0	2.5	/experiments/knapen_AOT/AOT_stimuli/rescaled_final/1816_fw.mp4	0.0	180.96657490730286	0.10001707077026367
30	155.67303895950317	fix_pre	0		120	28.0	2.5	/experiments/knapen_AOT/AOT_stimuli/rescaled_final/0577_rv.mp4	0.0	181.06659197807312	1.0002219676971436
30	156.66509199142456	pulse	0	t		28.0	2.5	/experiments/knapen_AOT/AOT_stimuli/rescaled_final/0577_rv.mp4	0.0	182.0586450099945	
30	156.67326092720032	movie	1		244	28.0	2.5	/experiments/knapen_AOT/AOT_stimuli/rescaled_final/0577_rv.mp4	0.0	182.06681394577026	2.5086400508880615
30	158.2657699584961	pulse	1	t		28.0	2.5	/experiments/knapen_AOT/AOT_stimuli/rescaled_final/0577_rv.mp4	0.0	183.65932297706604	
30	159.18190097808838	fix_post	2		12	28.0	2.5	/experiments/knapen_AOT/AOT_stimuli/rescaled_final/0577_rv.mp4	0.0	184.57545399665833	0.1000208854675293
31	159.2819218635559	fix_pre	0		120	29.0	2.5	/experiments/knapen_AOT/AOT_stimuli/rescaled_final/1113_fw.mp4	0.0	184.67547488212585	1.0001301765441895
31	159.86558389663696	pulse	0	t		29.0	2.5	/experiments/knapen_AOT/AOT_stimuli/rescaled_final/1113_fw.mp4	0.0	185.2591369152069	
31	160.2820520401001	movie	1		243	29.0	2.5	/experiments/knapen_AOT/AOT_stimuli/rescaled_final/1113_fw.mp4	0.0	185.67560505867004	2.5003819465637207
31	161.46585083007812	pulse	1	t		29.0	2.5	/experiments/knapen_AOT/AOT_stimuli/rescaled_final/1113_fw.mp4	0.0	186.85940384864807	
31	162.78243398666382	fix_post	2		12	29.0	2.5	/experiments/knapen_AOT/AOT_stimuli/rescaled_final/1113_fw.mp4	0.0	188.17598700523376	0.10004091262817383
32	162.882474899292	fix_pre	0		120	30.0	2.5	/experiments/knapen_AOT/AOT_stimuli/rescaled_final/1768_rv.mp4	0.0	188.27602791786194	1.0001180171966553
32	163.06604504585266	pulse	0	t		30.0	2.5	/experiments/knapen_AOT/AOT_stimuli/rescaled_final/1768_rv.mp4	0.0	188.4595980644226	
32	163.88259291648865	movie	1		244	30.0	2.5	/experiments/knapen_AOT/AOT_stimuli/rescaled_final/1768_rv.mp4	0.0	189.2761459350586	2.5003600120544434
32	164.6662459373474	pulse	1	t		30.0	2.5	/experiments/knapen_AOT/AOT_stimuli/rescaled_final/1768_rv.mp4	0.0	190.05979895591736	
32	166.2666540145874	pulse	1	t		30.0	2.5	/experiments/knapen_AOT/AOT_stimuli/rescaled_final/1768_rv.mp4	0.0	191.66020703315735	
32	166.3829529285431	fix_post	2		12	30.0	2.5	/experiments/knapen_AOT/AOT_stimuli/rescaled_final/1768_rv.mp4	0.0	191.77650594711304	0.10002899169921875
33	166.4829819202423	fix_pre	0		120	31.0	2.5	/experiments/knapen_AOT/AOT_stimuli/rescaled_final/1148_fw.mp4	0.0	191.87653493881226	1.000175952911377
33	167.4831578731537	movie	1		243	31.0	2.5	/experiments/knapen_AOT/AOT_stimuli/rescaled_final/1148_fw.mp4	0.0	192.87671089172363	2.4920151233673096
33	167.86743783950806	pulse	1	t		31.0	2.5	/experiments/knapen_AOT/AOT_stimuli/rescaled_final/1148_fw.mp4	0.0	193.260990858078	
33	169.4595890045166	pulse	1	t		31.0	2.5	/experiments/knapen_AOT/AOT_stimuli/rescaled_final/1148_fw.mp4	0.0	194.85314202308655	
33	169.975172996521	fix_post	2		12	31.0	2.5	/experiments/knapen_AOT/AOT_stimuli/rescaled_final/1148_fw.mp4	0.0	195.36872601509094	0.1000208854675293
34	170.07519388198853	fix_pre	0		120	32.0	2.5	/experiments/knapen_AOT/AOT_stimuli/rescaled_final/1841_fw.mp4	0.0	195.46874690055847	1.0001740455627441
34	171.05963587760925	pulse	0	t		32.0	2.5	/experiments/knapen_AOT/AOT_stimuli/rescaled_final/1841_fw.mp4	0.0	196.4531888961792	
34	171.07536792755127	movie	1		245	32.0	2.5	/experiments/knapen_AOT/AOT_stimuli/rescaled_final/1841_fw.mp4	0.0	196.46892094612122	2.508683919906616
34	172.67244482040405	pulse	1	t		32.0	2.5	/experiments/knapen_AOT/AOT_stimuli/rescaled_final/1841_fw.mp4	0.0	198.065997838974	
34	173.58405184745789	fix_post	2		12	32.0	2.5	/experiments/knapen_AOT/AOT_stimuli/rescaled_final/1841_fw.mp4	0.0	198.97760486602783	0.09999203681945801
35	173.68404388427734	fix_pre	0		120	33.0	2.5	/experiments/knapen_AOT/AOT_stimuli/rescaled_final/0319_fw.mp4	0.0	199.0775969028473	1.0001580715179443
35	174.25932097434998	pulse	0	t		33.0	2.5	/experiments/knapen_AOT/AOT_stimuli/rescaled_final/0319_fw.mp4	0.0	199.65287399291992	
35	174.6842019557953	movie	1		243	33.0	2.5	/experiments/knapen_AOT/AOT_stimuli/rescaled_final/0319_fw.mp4	0.0	200.07775497436523	2.500364065170288
35	175.86023092269897	pulse	1	t		33.0	2.5	/experiments/knapen_AOT/AOT_stimuli/rescaled_final/0319_fw.mp4	0.0	201.25378394126892	
35	177.18456602096558	fix_post	2		12	33.0	2.5	/experiments/knapen_AOT/AOT_stimuli/rescaled_final/0319_fw.mp4	0.0	202.57811903953552	0.10004401206970215
36	177.28461003303528	fix_pre	0		120	34.0	2.5	/experiments/knapen_AOT/AOT_stimuli/rescaled_final/0058_fw.mp4	0.0	202.67816305160522	1.0001587867736816
36	177.45978689193726	pulse	0	t		34.0	2.5	/experiments/knapen_AOT/AOT_stimuli/rescaled_final/0058_fw.mp4	0.0	202.8533399105072	
36	178.28476881980896	movie	1		242	34.0	2.5	/experiments/knapen_AOT/AOT_stimuli/rescaled_final/0058_fw.mp4	0.0	203.6783218383789	2.5003771781921387
36	179.0600550174713	pulse	1	t		34.0	2.5	/experiments/knapen_AOT/AOT_stimuli/rescaled_final/0058_fw.mp4	0.0	204.45360803604126	
36	180.66033101081848	pulse	1	t		34.0	2.5	/experiments/knapen_AOT/AOT_stimuli/rescaled_final/0058_fw.mp4	0.0	206.05388402938843	
36	180.7851459980011	fix_post	2		12	34.0	2.5	/experiments/knapen_AOT/AOT_stimuli/rescaled_final/0058_fw.mp4	0.0	206.17869901657104	0.10005497932434082
37	180.88520097732544	fix_pre	0		120	35.0	2.5	blank	1.0	206.27875399589539	1.000126838684082
37	181.88532781600952	movie	1		299	35.0	2.5	blank	1.0	207.27888083457947	2.4920310974121094
37	182.2605550289154	pulse	1	t		35.0	2.5	blank	1.0	207.65410804748535	
37	183.860741853714	pulse	1	t		35.0	2.5	blank	1.0	209.25429487228394	
37	184.37735891342163	fix_post	2		12	35.0	2.5	blank	1.0	209.77091193199158	0.09995603561401367
38	184.47731494903564	fix_pre	0		119	36.0	2.5	/experiments/knapen_AOT/AOT_stimuli/rescaled_final/0920_fw.mp4	0.0	209.8708679676056	0.991832971572876
38	185.46107292175293	pulse	0	t		36.0	2.5	/experiments/knapen_AOT/AOT_stimuli/rescaled_final/0920_fw.mp4	0.0	210.85462594032288	
38	185.46914792060852	movie	1		245	36.0	2.5	/experiments/knapen_AOT/AOT_stimuli/rescaled_final/0920_fw.mp4	0.0	210.86270093917847	2.5087099075317383
38	187.06165099143982	pulse	1	t		36.0	2.5	/experiments/knapen_AOT/AOT_stimuli/rescaled_final/0920_fw.mp4	0.0	212.45520401000977	
38	187.97785782814026	fix_post	2		12	36.0	2.5	/experiments/knapen_AOT/AOT_stimuli/rescaled_final/0920_fw.mp4	0.0	213.3714108467102	0.10000801086425781
39	188.07786583900452	fix_pre	0		120	37.0	2.5	/experiments/knapen_AOT/AOT_stimuli/rescaled_final/0262_rv.mp4	0.0	213.47141885757446	1.0001389980316162
39	188.66163992881775	pulse	0	t		37.0	2.5	/experiments/knapen_AOT/AOT_stimuli/rescaled_final/0262_rv.mp4	0.0	214.0551929473877	
39	189.07800483703613	movie	1		247	37.0	2.5	/experiments/knapen_AOT/AOT_stimuli/rescaled_final/0262_rv.mp4	0.0	214.47155785560608	2.5004701614379883
39	190.2618670463562	pulse	1	t		37.0	2.5	/experiments/knapen_AOT/AOT_stimuli/rescaled_final/0262_rv.mp4	0.0	215.65542006492615	
39	191.57847499847412	fix_post	2		12	37.0	2.5	/experiments/knapen_AOT/AOT_stimuli/rescaled_final/0262_rv.mp4	0.0	216.97202801704407	0.09992504119873047
40	191.67840003967285	fix_pre	0		120	38.0	2.5	/experiments/knapen_AOT/AOT_stimuli/rescaled_final/0605_fw.mp4	0.0	217.0719530582428	1.0001869201660156
40	191.86192297935486	pulse	0	t		38.0	2.5	/experiments/knapen_AOT/AOT_stimuli/rescaled_final/0605_fw.mp4	0.0	217.2554759979248	
40	192.67858695983887	movie	1		243	38.0	2.5	/experiments/knapen_AOT/AOT_stimuli/rescaled_final/0605_fw.mp4	0.0	218.0721399784088	2.5003468990325928
40	193.46215891838074	pulse	1	t		38.0	2.5	/experiments/knapen_AOT/AOT_stimuli/rescaled_final/0605_fw.mp4	0.0	218.85571193695068	
40	195.06222200393677	pulse	1	t		38.0	2.5	/experiments/knapen_AOT/AOT_stimuli/rescaled_final/0605_fw.mp4	0.0	220.4557750225067	
40	195.17893385887146	fix_post	2		12	38.0	2.5	/experiments/knapen_AOT/AOT_stimuli/rescaled_final/0605_fw.mp4	0.0	220.5724868774414	0.09999608993530273
41	195.27892994880676	fix_pre	0		120	39.0	2.5	/experiments/knapen_AOT/AOT_stimuli/rescaled_final/0894_rv.mp4	0.0	220.6724829673767	1.0001630783081055
41	196.27909302711487	movie	1		242	39.0	2.5	/experiments/knapen_AOT/AOT_stimuli/rescaled_final/0894_rv.mp4	0.0	221.67264604568481	2.4920639991760254
41	196.66385698318481	pulse	1	t		39.0	2.5	/experiments/knapen_AOT/AOT_stimuli/rescaled_final/0894_rv.mp4	0.0	222.05741000175476	
41	198.2629518508911	pulse	1	t		39.0	2.5	/experiments/knapen_AOT/AOT_stimuli/rescaled_final/0894_rv.mp4	0.0	223.65650486946106	
41	198.7711570262909	fix_post	2		12	39.0	2.5	/experiments/knapen_AOT/AOT_stimuli/rescaled_final/0894_rv.mp4	0.0	224.16471004486084	0.09999990463256836
42	198.87115693092346	fix_pre	0		120	40.0	2.5	blank	1.0	224.2647099494934	1.0001590251922607
42	199.86311292648315	pulse	0	t		40.0	2.5	blank	1.0	225.2566659450531	
42	199.87131595611572	movie	1		301	40.0	2.5	blank	1.0	225.26486897468567	2.508673906326294
42	201.46350383758545	pulse	1	t		40.0	2.5	blank	1.0	226.8570568561554	
42	202.37998986244202	fix_post	2		12	40.0	2.5	blank	1.0	227.77354288101196	0.10001897811889648
43	202.4800088405609	fix_pre	0		120	41.0	2.5	/experiments/knapen_AOT/AOT_stimuli/rescaled_final/0541_fw.mp4	0.0	227.87356185913086	1.0001540184020996
43	203.06376791000366	pulse	0	t		41.0	2.5	/experiments/knapen_AOT/AOT_stimuli/rescaled_final/0541_fw.mp4	0.0	228.4573209285736	
43	203.480162858963	movie	1		246	41.0	2.5	/experiments/knapen_AOT/AOT_stimuli/rescaled_final/0541_fw.mp4	0.0	228.87371587753296	2.5003740787506104
43	204.66403102874756	pulse	1	t		41.0	2.5	/experiments/knapen_AOT/AOT_stimuli/rescaled_final/0541_fw.mp4	0.0	230.0575840473175	
43	205.98053693771362	fix_post	2		12	41.0	2.5	/experiments/knapen_AOT/AOT_stimuli/rescaled_final/0541_fw.mp4	0.0	231.37408995628357	0.1000208854675293
44	206.08055782318115	fix_pre	0		120	42.0	2.5	/experiments/knapen_AOT/AOT_stimuli/rescaled_final/0666_rv.mp4	0.0	231.4741108417511	1.0001912117004395
44	206.2641339302063	pulse	0	t		42.0	2.5	/experiments/knapen_AOT/AOT_stimuli/rescaled_final/0666_rv.mp4	0.0	231.65768694877625	
44	207.0807490348816	movie	1		243	42.0	2.5	/experiments/knapen_AOT/AOT_stimuli/rescaled_final/0666_rv.mp4	0.0	232.47430205345154	2.5003228187561035
44	207.86434292793274	pulse	1	t		42.0	2.5	/experiments/knapen_AOT/AOT_stimuli/rescaled_final/0666_rv.mp4	0.0	233.25789594650269	
44	209.46437788009644	pulse	1	t		42.0	2.5	/experiments/knapen_AOT/AOT_stimuli/rescaled_final/0666_rv.mp4	0.0	234.85793089866638	
44	209.5810718536377	fix_post	2		12	42.0	2.5	/experiments/knapen_AOT/AOT_stimuli/rescaled_final/0666_rv.mp4	0.0	234.97462487220764	0.09998416900634766
45	209.68105602264404	fix_pre	0		119	43.0	2.5	/experiments/knapen_AOT/AOT_stimuli/rescaled_final/0872_rv.mp4	0.0	235.074609041214	0.9918429851531982
45	210.67289900779724	movie	1		245	43.0	2.5	/experiments/knapen_AOT/AOT_stimuli/rescaled_final/0872_rv.mp4	0.0	236.0664520263672	2.5003750324249268
45	211.0605800151825	pulse	1	t		43.0	2.5	/experiments/knapen_AOT/AOT_stimuli/rescaled_final/0872_rv.mp4	0.0	236.45413303375244	
45	212.66506099700928	pulse	1	t		43.0	2.5	/experiments/knapen_AOT/AOT_stimuli/rescaled_final/0872_rv.mp4	0.0	238.05861401557922	
45	213.17327404022217	fix_post	2		12	43.0	2.5	/experiments/knapen_AOT/AOT_stimuli/rescaled_final/0872_rv.mp4	0.0	238.56682705879211	0.10001683235168457
46	213.27329087257385	fix_pre	0		120	44.0	2.5	/experiments/knapen_AOT/AOT_stimuli/rescaled_final/0041_fw.mp4	0.0	238.6668438911438	1.000154972076416
46	214.265310049057	pulse	0	t		44.0	2.5	/experiments/knapen_AOT/AOT_stimuli/rescaled_final/0041_fw.mp4	0.0	239.65886306762695	
46	214.27344584465027	movie	1		249	44.0	2.5	/experiments/knapen_AOT/AOT_stimuli/rescaled_final/0041_fw.mp4	0.0	239.66699886322021	2.5086960792541504
46	215.8694679737091	pulse	1	t		44.0	2.5	/experiments/knapen_AOT/AOT_stimuli/rescaled_final/0041_fw.mp4	0.0	241.26302099227905	
46	216.78214192390442	fix_post	2		12	44.0	2.5	/experiments/knapen_AOT/AOT_stimuli/rescaled_final/0041_fw.mp4	0.0	242.17569494247437	0.10010099411010742
47	216.88224291801453	fix_pre	0		120	45.0	2.5	/experiments/knapen_AOT/AOT_stimuli/rescaled_final/1064_rv.mp4	0.0	242.27579593658447	1.0001449584960938
47	217.4658238887787	pulse	0	t		45.0	2.5	/experiments/knapen_AOT/AOT_stimuli/rescaled_final/1064_rv.mp4	0.0	242.85937690734863	
47	217.88238787651062	movie	1		244	45.0	2.5	/experiments/knapen_AOT/AOT_stimuli/rescaled_final/1064_rv.mp4	0.0	243.27594089508057	2.5003609657287598
47	219.06617903709412	pulse	1	t		45.0	2.5	/experiments/knapen_AOT/AOT_stimuli/rescaled_final/1064_rv.mp4	0.0	244.45973205566406	
47	220.38274884223938	fix_post	2		12	45.0	2.5	/experiments/knapen_AOT/AOT_stimuli/rescaled_final/1064_rv.mp4	0.0	245.77630186080933	0.10001301765441895
48	220.4827618598938	fix_pre	0		120	46.0	2.5	/experiments/knapen_AOT/AOT_stimuli/rescaled_final/1503_rv.mp4	0.0	245.87631487846375	1.0000810623168945
48	220.66626501083374	pulse	0	t		46.0	2.5	/experiments/knapen_AOT/AOT_stimuli/rescaled_final/1503_rv.mp4	0.0	246.0598180294037	
48	221.4828429222107	movie	1		244	46.0	2.5	/experiments/knapen_AOT/AOT_stimuli/rescaled_final/1503_rv.mp4	0.0	246.87639594078064	2.5003819465637207
48	222.2665309906006	pulse	1	t		46.0	2.5	/experiments/knapen_AOT/AOT_stimuli/rescaled_final/1503_rv.mp4	0.0	247.66008400917053	
48	223.86428594589233	pulse	1	t		46.0	2.5	/experiments/knapen_AOT/AOT_stimuli/rescaled_final/1503_rv.mp4	0.0	249.25783896446228	
48	223.9832248687744	fix_post	2		11	46.0	2.5	/experiments/knapen_AOT/AOT_stimuli/rescaled_final/1503_rv.mp4	0.0	249.37677788734436	0.09167814254760742
49	224.07490301132202	fix_pre	0		120	47.0	2.5	/experiments/knapen_AOT/AOT_stimuli/rescaled_final/0123_rv.mp4	0.0	249.46845602989197	1.0001428127288818
49	225.0750458240509	movie	1		243	47.0	2.5	/experiments/knapen_AOT/AOT_stimuli/rescaled_final/0123_rv.mp4	0.0	250.46859884262085	2.500383138656616
49	225.46715784072876	pulse	1	t		47.0	2.5	/experiments/knapen_AOT/AOT_stimuli/rescaled_final/0123_rv.mp4	0.0	250.8607108592987	
49	227.05987691879272	pulse	1	t		47.0	2.5	/experiments/knapen_AOT/AOT_stimuli/rescaled_final/0123_rv.mp4	0.0	252.45342993736267	
49	227.57542896270752	fix_post	2		12	47.0	2.5	/experiments/knapen_AOT/AOT_stimuli/rescaled_final/0123_rv.mp4	0.0	252.96898198127747	0.10005807876586914
50	227.6754870414734	fix_pre	0		120	48.0	2.5	/experiments/knapen_AOT/AOT_stimuli/rescaled_final/1843_rv.mp4	0.0	253.06904006004333	1.0000998973846436
50	228.65994691848755	pulse	0	t		48.0	2.5	/experiments/knapen_AOT/AOT_stimuli/rescaled_final/1843_rv.mp4	0.0	254.0534999370575	
50	228.67558693885803	movie	1		245	48.0	2.5	/experiments/knapen_AOT/AOT_stimuli/rescaled_final/1843_rv.mp4	0.0	254.06913995742798	2.5087380409240723
50	230.2680778503418	pulse	1	t		48.0	2.5	/experiments/knapen_AOT/AOT_stimuli/rescaled_final/1843_rv.mp4	0.0	255.66163086891174	
50	231.1843249797821	fix_post	2		12	48.0	2.5	/experiments/knapen_AOT/AOT_stimuli/rescaled_final/1843_rv.mp4	0.0	256.57787799835205	0.09998583793640137
51	231.2843108177185	fix_pre	0		120	49.0	2.5	blank	1.0	256.67786383628845	1.0002110004425049
51	231.86038494110107	pulse	0	t		49.0	2.5	blank	1.0	257.253937959671	
51	232.284521818161	movie	1		300	49.0	2.5	blank	1.0	257.67807483673096	2.5003280639648438
51	233.4606659412384	pulse	1	t		49.0	2.5	blank	1.0	258.85421895980835	
51	234.78484988212585	fix_post	2		12	49.0	2.5	blank	1.0	260.1784029006958	0.09999608993530273
52	234.88484597206116	fix_pre	0		120	50.0	2.5	/experiments/knapen_AOT/AOT_stimuli/rescaled_final/0640_rv.mp4	0.0	260.2783989906311	1.000175952911377
52	235.06017303466797	pulse	0	t		50.0	2.5	/experiments/knapen_AOT/AOT_stimuli/rescaled_final/0640_rv.mp4	0.0	260.4537260532379	
52	235.88502192497253	movie	1		244	50.0	2.5	/experiments/knapen_AOT/AOT_stimuli/rescaled_final/0640_rv.mp4	0.0	261.2785749435425	2.5003490447998047
52	236.66028499603271	pulse	1	t		50.0	2.5	/experiments/knapen_AOT/AOT_stimuli/rescaled_final/0640_rv.mp4	0.0	262.05383801460266	
52	238.26051092147827	pulse	1	t		50.0	2.5	/experiments/knapen_AOT/AOT_stimuli/rescaled_final/0640_rv.mp4	0.0	263.6540639400482	
52	238.38537096977234	fix_post	2		12	50.0	2.5	/experiments/knapen_AOT/AOT_stimuli/rescaled_final/0640_rv.mp4	0.0	263.7789239883423	0.10002398490905762
53	238.4853949546814	fix_pre	0		120	51.0	2.5	/experiments/knapen_AOT/AOT_stimuli/rescaled_final/0270_rv.mp4	0.0	263.87894797325134	1.000143051147461
53	239.48553800582886	movie	1		238	51.0	2.5	/experiments/knapen_AOT/AOT_stimuli/rescaled_final/0270_rv.mp4	0.0	264.8790910243988	2.4920430183410645
53	239.86085987091064	pulse	1	t		51.0	2.5	/experiments/knapen_AOT/AOT_stimuli/rescaled_final/0270_rv.mp4	0.0	265.2544128894806	
53	241.46117901802063	pulse	1	t		51.0	2.5	/experiments/knapen_AOT/AOT_stimuli/rescaled_final/0270_rv.mp4	0.0	266.8547320365906	
53	241.97758102416992	fix_post	2		12	51.0	2.5	/experiments/knapen_AOT/AOT_stimuli/rescaled_final/0270_rv.mp4	0.0	267.37113404273987	0.10000991821289062
54	242.0775909423828	fix_pre	0		119	52.0	2.5	/experiments/knapen_AOT/AOT_stimuli/rescaled_final/1518_fw.mp4	0.0	267.47114396095276	0.9918060302734375
54	243.06127190589905	pulse	0	t		52.0	2.5	/experiments/knapen_AOT/AOT_stimuli/rescaled_final/1518_fw.mp4	0.0	268.454824924469	
54	243.06939697265625	movie	1		244	52.0	2.5	/experiments/knapen_AOT/AOT_stimuli/rescaled_final/1518_fw.mp4	0.0	268.4629499912262	2.508741855621338
54	244.66639590263367	pulse	1	t		52.0	2.5	/experiments/knapen_AOT/AOT_stimuli/rescaled_final/1518_fw.mp4	0.0	270.0599489212036	
54	245.5781388282776	fix_post	2		12	52.0	2.5	/experiments/knapen_AOT/AOT_stimuli/rescaled_final/1518_fw.mp4	0.0	270.97169184684753	0.1000070571899414
55	245.67814588546753	fix_pre	0		120	53.0	2.5	/experiments/knapen_AOT/AOT_stimuli/rescaled_final/1811_rv.mp4	0.0	271.0716989040375	1.0001599788665771
55	246.26179003715515	pulse	0	t		53.0	2.5	/experiments/knapen_AOT/AOT_stimuli/rescaled_final/1811_rv.mp4	0.0	271.6553430557251	
55	246.6783058643341	movie	1		245	53.0	2.5	/experiments/knapen_AOT/AOT_stimuli/rescaled_final/1811_rv.mp4	0.0	272.07185888290405	2.500338077545166
55	247.86213088035583	pulse	1	t		53.0	2.5	/experiments/knapen_AOT/AOT_stimuli/rescaled_final/1811_rv.mp4	0.0	273.2556838989258	
55	249.17864394187927	fix_post	2		12	53.0	2.5	/experiments/knapen_AOT/AOT_stimuli/rescaled_final/1811_rv.mp4	0.0	274.5721969604492	0.10002899169921875
56	249.2786729335785	fix_pre	0		120	54.0	2.5	blank	1.0	274.67222595214844	1.000140905380249
56	249.46218085289001	pulse	0	t		54.0	2.5	blank	1.0	274.85573387145996	
56	250.27881383895874	movie	1		300	54.0	2.5	blank	1.0	275.6723668575287	2.5003950595855713
56	251.062481880188	pulse	1	t		54.0	2.5	blank	1.0	276.45603489875793	
56	252.66267800331116	pulse	1	t		54.0	2.5	blank	1.0	278.0562310218811	
56	252.7792088985443	fix_post	2		12	54.0	2.5	blank	1.0	278.17276191711426	0.10002303123474121
57	252.87923192977905	fix_pre	0		120	55.0	2.5	/experiments/knapen_AOT/AOT_stimuli/rescaled_final/0051_rv.mp4	0.0	278.272784948349	1.0001380443572998
57	253.87936997413635	movie	1		243	55.0	2.5	/experiments/knapen_AOT/AOT_stimuli/rescaled_final/0051_rv.mp4	0.0	279.2729229927063	2.492011070251465
57	254.26356983184814	pulse	1	t		55.0	2.5	/experiments/knapen_AOT/AOT_stimuli/rescaled_final/0051_rv.mp4	0.0	279.6571228504181	
57	255.8631808757782	pulse	1	t		55.0	2.5	/experiments/knapen_AOT/AOT_stimuli/rescaled_final/0051_rv.mp4	0.0	281.25673389434814	
57	256.3713810443878	fix_post	2		12	55.0	2.5	/experiments/knapen_AOT/AOT_stimuli/rescaled_final/0051_rv.mp4	0.0	281.76493406295776	0.10004186630249023
58	256.4714229106903	fix_pre	0		120	56.0	2.5	/experiments/knapen_AOT/AOT_stimuli/rescaled_final/1391_fw.mp4	0.0	281.86497592926025	1.0001280307769775
58	257.46352982521057	pulse	0	t		56.0	2.5	/experiments/knapen_AOT/AOT_stimuli/rescaled_final/1391_fw.mp4	0.0	282.8570828437805	
58	257.4715509414673	movie	1		244	56.0	2.5	/experiments/knapen_AOT/AOT_stimuli/rescaled_final/1391_fw.mp4	0.0	282.86510396003723	2.5087530612945557
58	259.0641689300537	pulse	1	t		56.0	2.5	/experiments/knapen_AOT/AOT_stimuli/rescaled_final/1391_fw.mp4	0.0	284.45772194862366	
58	259.98030400276184	fix_post	2		12	56.0	2.5	/experiments/knapen_AOT/AOT_stimuli/rescaled_final/1391_fw.mp4	0.0	285.3738570213318	0.09996390342712402
59	260.08026790618896	fix_pre	0		120	57.0	2.5	/experiments/knapen_AOT/AOT_stimuli/rescaled_final/0556_fw.mp4	0.0	285.4738209247589	1.000148057937622
59	260.66393995285034	pulse	0	t		57.0	2.5	/experiments/knapen_AOT/AOT_stimuli/rescaled_final/0556_fw.mp4	0.0	286.0574929714203	
59	261.0804159641266	movie	1		244	57.0	2.5	/experiments/knapen_AOT/AOT_stimuli/rescaled_final/0556_fw.mp4	0.0	286.47396898269653	2.5003859996795654
59	262.26417994499207	pulse	1	t		57.0	2.5	/experiments/knapen_AOT/AOT_stimuli/rescaled_final/0556_fw.mp4	0.0	287.657732963562	
59	263.58080196380615	fix_post	2		12	57.0	2.5	/experiments/knapen_AOT/AOT_stimuli/rescaled_final/0556_fw.mp4	0.0	288.9743549823761	0.10001587867736816
60	263.6808178424835	fix_pre	0		120	58.0	2.5	/experiments/knapen_AOT/AOT_stimuli/rescaled_final/0461_fw.mp4	0.0	289.07437086105347	1.000157117843628
60	263.8644599914551	pulse	0	t		58.0	2.5	/experiments/knapen_AOT/AOT_stimuli/rescaled_final/0461_fw.mp4	0.0	289.258013010025	
60	264.68097496032715	movie	1		245	58.0	2.5	/experiments/knapen_AOT/AOT_stimuli/rescaled_final/0461_fw.mp4	0.0	290.0745279788971	2.5003600120544434
60	265.46470499038696	pulse	1	t		58.0	2.5	/experiments/knapen_AOT/AOT_stimuli/rescaled_final/0461_fw.mp4	0.0	290.8582580089569	
60	267.0625698566437	pulse	1	t		58.0	2.5	/experiments/knapen_AOT/AOT_stimuli/rescaled_final/0461_fw.mp4	0.0	292.4561228752136	
60	267.1813349723816	fix_post	2		12	58.0	2.5	/experiments/knapen_AOT/AOT_stimuli/rescaled_final/0461_fw.mp4	0.0	292.57488799095154	0.10001492500305176
61	267.28134989738464	fix_pre	0		120	59.0	2.5	/experiments/knapen_AOT/AOT_stimuli/rescaled_final/0981_fw.mp4	0.0	292.6749029159546	1.0001311302185059
61	268.28148102760315	movie	1		243	59.0	2.5	/experiments/knapen_AOT/AOT_stimuli/rescaled_final/0981_fw.mp4	0.0	293.6750340461731	2.492060899734497
61	268.66581296920776	pulse	1	t		59.0	2.5	/experiments/knapen_AOT/AOT_stimuli/rescaled_final/0981_fw.mp4	0.0	294.0593659877777	
61	270.26547288894653	pulse	1	t		59.0	2.5	/experiments/knapen_AOT/AOT_stimuli/rescaled_final/0981_fw.mp4	0.0	295.6590259075165	
61	270.77354192733765	fix_post	2		12	59.0	2.5	/experiments/knapen_AOT/AOT_stimuli/rescaled_final/0981_fw.mp4	0.0	296.1670949459076	0.10000991821289062
62	270.87355184555054	fix_pre	0		120	60.0	2.5	/experiments/knapen_AOT/AOT_stimuli/rescaled_final/0893_rv.mp4	0.0	296.2671048641205	1.000150203704834
62	271.86554884910583	pulse	0	t		60.0	2.5	/experiments/knapen_AOT/AOT_stimuli/rescaled_final/0893_rv.mp4	0.0	297.2591018676758	
62	271.87370204925537	movie	1		244	60.0	2.5	/experiments/knapen_AOT/AOT_stimuli/rescaled_final/0893_rv.mp4	0.0	297.2672550678253	2.5087168216705322
62	273.4703450202942	pulse	1	t		60.0	2.5	/experiments/knapen_AOT/AOT_stimuli/rescaled_final/0893_rv.mp4	0.0	298.86389803886414	
62	274.3824188709259	fix_post	2		12	60.0	2.5	/experiments/knapen_AOT/AOT_stimuli/rescaled_final/0893_rv.mp4	0.0	299.77597188949585	0.10002517700195312
63	274.48244404792786	fix_pre	0		120	61.0	2.5	/experiments/knapen_AOT/AOT_stimuli/rescaled_final/1518_fw.mp4	0.0	299.8759970664978	1.0001537799835205
63	275.0660560131073	pulse	0	t		61.0	2.5	/experiments/knapen_AOT/AOT_stimuli/rescaled_final/1518_fw.mp4	0.0	300.45960903167725	
63	275.4825978279114	movie	1		243	61.0	2.5	/experiments/knapen_AOT/AOT_stimuli/rescaled_final/1518_fw.mp4	0.0	300.8761508464813	2.500380039215088
63	276.6663718223572	pulse	1	t		61.0	2.5	/experiments/knapen_AOT/AOT_stimuli/rescaled_final/1518_fw.mp4	0.0	302.0599248409271	
63	277.98297786712646	fix_post	2		12	61.0	2.5	/experiments/knapen_AOT/AOT_stimuli/rescaled_final/1518_fw.mp4	0.0	303.3765308856964	0.09996914863586426
64	278.08294701576233	fix_pre	0		120	62.0	2.5	blank	1.0	303.4765000343323	1.0001928806304932
64	278.26665687561035	pulse	0	t		62.0	2.5	blank	1.0	303.6602098941803	
64	279.0831398963928	movie	1		300	62.0	2.5	blank	1.0	304.47669291496277	2.500354051589966
64	279.86683201789856	pulse	1	t		62.0	2.5	blank	1.0	305.2603850364685	
64	281.45954394340515	pulse	1	t		62.0	2.5	blank	1.0	306.8530969619751	
64	281.5834939479828	fix_post	2		12	62.0	2.5	blank	1.0	306.97704696655273	0.10000205039978027
65	281.68349599838257	fix_pre	0		120	63.0	2.5	/experiments/knapen_AOT/AOT_stimuli/rescaled_final/0924_fw.mp4	0.0	307.0770490169525	1.0001299381256104
65	282.6836259365082	movie	1		243	63.0	2.5	/experiments/knapen_AOT/AOT_stimuli/rescaled_final/0924_fw.mp4	0.0	308.0771789550781	2.492034912109375
65	283.0677809715271	pulse	1	t		63.0	2.5	/experiments/knapen_AOT/AOT_stimuli/rescaled_final/0924_fw.mp4	0.0	308.46133399009705	
65	284.6601469516754	pulse	1	t		63.0	2.5	/experiments/knapen_AOT/AOT_stimuli/rescaled_final/0924_fw.mp4	0.0	310.05369997024536	
65	285.17566084861755	fix_post	2		12	63.0	2.5	/experiments/knapen_AOT/AOT_stimuli/rescaled_final/0924_fw.mp4	0.0	310.5692138671875	0.10005402565002441
66	285.2757148742676	fix_pre	0		120	64.0	2.5	/experiments/knapen_AOT/AOT_stimuli/rescaled_final/0815_fw.mp4	0.0	310.6692678928375	1.0001330375671387
66	286.26022481918335	pulse	0	t		64.0	2.5	/experiments/knapen_AOT/AOT_stimuli/rescaled_final/0815_fw.mp4	0.0	311.6537778377533	
66	286.2758479118347	movie	1		244	64.0	2.5	/experiments/knapen_AOT/AOT_stimuli/rescaled_final/0815_fw.mp4	0.0	311.66940093040466	2.508697986602783
66	287.85978388786316	pulse	1	t		64.0	2.5	/experiments/knapen_AOT/AOT_stimuli/rescaled_final/0815_fw.mp4	0.0	313.2533369064331	
66	288.7845458984375	fix_post	2		12	64.0	2.5	/experiments/knapen_AOT/AOT_stimuli/rescaled_final/0815_fw.mp4	0.0	314.17809891700745	0.10003495216369629
67	288.8845808506012	fix_pre	0		120	65.0	2.5	/experiments/knapen_AOT/AOT_stimuli/rescaled_final/1909_fw.mp4	0.0	314.27813386917114	1.000136137008667
67	289.4598128795624	pulse	0	t		65.0	2.5	/experiments/knapen_AOT/AOT_stimuli/rescaled_final/1909_fw.mp4	0.0	314.8533658981323	
67	289.88471698760986	movie	1		245	65.0	2.5	/experiments/knapen_AOT/AOT_stimuli/rescaled_final/1909_fw.mp4	0.0	315.2782700061798	2.5003700256347656
67	291.0607569217682	pulse	1	t		65.0	2.5	/experiments/knapen_AOT/AOT_stimuli/rescaled_final/1909_fw.mp4	0.0	316.45430994033813	
67	292.38508701324463	fix_post	2		12	65.0	2.5	/experiments/knapen_AOT/AOT_stimuli/rescaled_final/1909_fw.mp4	0.0	317.7786400318146	0.10001492500305176
68	292.4851019382477	fix_pre	0		120	66.0	2.5	/experiments/knapen_AOT/AOT_stimuli/rescaled_final/1715_rv.mp4	0.0	317.8786549568176	1.0002310276031494
68	292.6603899002075	pulse	0	t		66.0	2.5	/experiments/knapen_AOT/AOT_stimuli/rescaled_final/1715_rv.mp4	0.0	318.05394291877747	
68	293.48533296585083	movie	1		246	66.0	2.5	/experiments/knapen_AOT/AOT_stimuli/rescaled_final/1715_rv.mp4	0.0	318.8788859844208	2.5002970695495605
68	294.2605838775635	pulse	1	t		66.0	2.5	/experiments/knapen_AOT/AOT_stimuli/rescaled_final/1715_rv.mp4	0.0	319.6541368961334	
68	295.8608748912811	pulse	1	t		66.0	2.5	/experiments/knapen_AOT/AOT_stimuli/rescaled_final/1715_rv.mp4	0.0	321.2544279098511	
68	295.9856300354004	fix_post	2		12	66.0	2.5	/experiments/knapen_AOT/AOT_stimuli/rescaled_final/1715_rv.mp4	0.0	321.37918305397034	0.1000518798828125
69	296.0856819152832	fix_pre	0		119	67.0	2.5	/experiments/knapen_AOT/AOT_stimuli/rescaled_final/0270_rv.mp4	0.0	321.47923493385315	0.9917809963226318
69	297.07746291160583	movie	1		244	67.0	2.5	/experiments/knapen_AOT/AOT_stimuli/rescaled_final/0270_rv.mp4	0.0	322.4710159301758	2.500380039215088
69	297.4615240097046	pulse	1	t		67.0	2.5	/experiments/knapen_AOT/AOT_stimuli/rescaled_final/0270_rv.mp4	0.0	322.85507702827454	
69	299.06133484840393	pulse	1	t		67.0	2.5	/experiments/knapen_AOT/AOT_stimuli/rescaled_final/0270_rv.mp4	0.0	324.4548878669739	
69	299.5778429508209	fix_post	2		12	67.0	2.5	/experiments/knapen_AOT/AOT_stimuli/rescaled_final/0270_rv.mp4	0.0	324.97139596939087	0.10001301765441895
70	299.67785596847534	fix_pre	0		117	68.0	2.5	blank	1.0	325.0714089870453	0.9917960166931152
70	300.6617019176483	pulse	0	t		68.0	2.5	blank	1.0	326.05525493621826	
70	300.66965198516846	movie	1		301	68.0	2.5	blank	1.0	326.0632050037384	2.508729934692383
70	302.26187682151794	pulse	1	t		68.0	2.5	blank	1.0	327.6554298400879	
70	303.17838191986084	fix_post	2		12	68.0	2.5	blank	1.0	328.5719349384308	0.10005998611450195
71	303.27844190597534	fix_pre	0		120	69.0	2.5	/experiments/knapen_AOT/AOT_stimuli/rescaled_final/1811_fw.mp4	0.0	328.6719949245453	1.0000970363616943
71	303.8620538711548	pulse	0	t		69.0	2.5	/experiments/knapen_AOT/AOT_stimuli/rescaled_final/1811_fw.mp4	0.0	329.25560688972473	
71	304.27853894233704	movie	1		245	69.0	2.5	/experiments/knapen_AOT/AOT_stimuli/rescaled_final/1811_fw.mp4	0.0	329.672091960907	2.5003879070281982
71	305.46228885650635	pulse	1	t		69.0	2.5	/experiments/knapen_AOT/AOT_stimuli/rescaled_final/1811_fw.mp4	0.0	330.8558418750763	
71	306.77892684936523	fix_post	2		12	69.0	2.5	/experiments/knapen_AOT/AOT_stimuli/rescaled_final/1811_fw.mp4	0.0	332.1724798679352	0.10000300407409668
72	306.87892985343933	fix_pre	0		120	70.0	2.5	/experiments/knapen_AOT/AOT_stimuli/rescaled_final/1427_fw.mp4	0.0	332.2724828720093	1.0001981258392334
72	307.0625219345093	pulse	0	t		70.0	2.5	/experiments/knapen_AOT/AOT_stimuli/rescaled_final/1427_fw.mp4	0.0	332.4560749530792	
72	307.87912797927856	movie	1		248	70.0	2.5	/experiments/knapen_AOT/AOT_stimuli/rescaled_final/1427_fw.mp4	0.0	333.2726809978485	2.500319004058838
72	308.66283202171326	pulse	1	t		70.0	2.5	/experiments/knapen_AOT/AOT_stimuli/rescaled_final/1427_fw.mp4	0.0	334.0563850402832	
72	310.2630078792572	pulse	1	t		70.0	2.5	/experiments/knapen_AOT/AOT_stimuli/rescaled_final/1427_fw.mp4	0.0	335.65656089782715	
72	310.3794469833374	fix_post	2		12	70.0	2.5	/experiments/knapen_AOT/AOT_stimuli/rescaled_final/1427_fw.mp4	0.0	335.77300000190735	0.10000205039978027
73	310.4794490337372	fix_pre	0		120	71.0	2.5	/experiments/knapen_AOT/AOT_stimuli/rescaled_final/1472_fw.mp4	0.0	335.87300205230713	1.0001609325408936
73	311.4796099662781	movie	1		244	71.0	2.5	/experiments/knapen_AOT/AOT_stimuli/rescaled_final/1472_fw.mp4	0.0	336.873162984848	2.4920928478240967
73	311.8638789653778	pulse	1	t		71.0	2.5	/experiments/knapen_AOT/AOT_stimuli/rescaled_final/1472_fw.mp4	0.0	337.25743198394775	
73	313.4634499549866	pulse	1	t		71.0	2.5	/experiments/knapen_AOT/AOT_stimuli/rescaled_final/1472_fw.mp4	0.0	338.8570029735565	
73	313.9717028141022	fix_post	2		12	71.0	2.5	/experiments/knapen_AOT/AOT_stimuli/rescaled_final/1472_fw.mp4	0.0	339.3652558326721	0.09997916221618652
74	314.07168197631836	fix_pre	0		120	72.0	2.5	/experiments/knapen_AOT/AOT_stimuli/rescaled_final/1669_rv.mp4	0.0	339.4652349948883	1.0001440048217773
74	315.063768863678	pulse	0	t		72.0	2.5	/experiments/knapen_AOT/AOT_stimuli/rescaled_final/1669_rv.mp4	0.0	340.4573218822479	
74	315.07182598114014	movie	1		245	72.0	2.5	/experiments/knapen_AOT/AOT_stimuli/rescaled_final/1669_rv.mp4	0.0	340.4653789997101	2.5086898803710938
74	316.66443490982056	pulse	1	t		72.0	2.5	/experiments/knapen_AOT/AOT_stimuli/rescaled_final/1669_rv.mp4	0.0	342.0579879283905	
74	317.58051586151123	fix_post	2		12	72.0	2.5	/experiments/knapen_AOT/AOT_stimuli/rescaled_final/1669_rv.mp4	0.0	342.9740688800812	0.1000070571899414
75	317.6805229187012	fix_pre	0		120	73.0	2.5	/experiments/knapen_AOT/AOT_stimuli/rescaled_final/0219_fw.mp4	0.0	343.0740759372711	1.0001671314239502
75	318.26415395736694	pulse	0	t		73.0	2.5	/experiments/knapen_AOT/AOT_stimuli/rescaled_final/0219_fw.mp4	0.0	343.6577069759369	
75	318.6806900501251	movie	1		244	73.0	2.5	/experiments/knapen_AOT/AOT_stimuli/rescaled_final/0219_fw.mp4	0.0	344.07424306869507	2.5003609657287598
75	319.86444783210754	pulse	1	t		73.0	2.5	/experiments/knapen_AOT/AOT_stimuli/rescaled_final/0219_fw.mp4	0.0	345.2580008506775	
75	321.1810510158539	fix_post	2		12	73.0	2.5	/experiments/knapen_AOT/AOT_stimuli/rescaled_final/0219_fw.mp4	0.0	346.5746040344238	0.10000896453857422
76	321.28105998039246	fix_pre	0		120	74.0	2.5	/experiments/knapen_AOT/AOT_stimuli/rescaled_final/0941_rv.mp4	0.0	346.6746129989624	1.0001928806304932
76	321.464772939682	pulse	0	t		74.0	2.5	/experiments/knapen_AOT/AOT_stimuli/rescaled_final/0941_rv.mp4	0.0	346.85832595825195	
76	322.28125286102295	movie	1		248	74.0	2.5	/experiments/knapen_AOT/AOT_stimuli/rescaled_final/0941_rv.mp4	0.0	347.6748058795929	2.5003461837768555
76	323.0651388168335	pulse	1	t		74.0	2.5	/experiments/knapen_AOT/AOT_stimuli/rescaled_final/0941_rv.mp4	0.0	348.45869183540344	
76	324.6651020050049	pulse	1	t		74.0	2.5	/experiments/knapen_AOT/AOT_stimuli/rescaled_final/0941_rv.mp4	0.0	350.05865502357483	
76	324.7815990447998	fix_post	2		12	74.0	2.5	/experiments/knapen_AOT/AOT_stimuli/rescaled_final/0941_rv.mp4	0.0	350.17515206336975	0.10001277923583984
77	324.88161182403564	fix_pre	0		120	75.0	2.5	/experiments/knapen_AOT/AOT_stimuli/rescaled_final/1309_rv.mp4	0.0	350.2751648426056	1.0001461505889893
77	325.88175797462463	movie	1		246	75.0	2.5	/experiments/knapen_AOT/AOT_stimuli/rescaled_final/1309_rv.mp4	0.0	351.2753109931946	2.4920308589935303
77	326.2666139602661	pulse	1	t		75.0	2.5	/experiments/knapen_AOT/AOT_stimuli/rescaled_final/1309_rv.mp4	0.0	351.66016697883606	
77	327.8656439781189	pulse	1	t		75.0	2.5	/experiments/knapen_AOT/AOT_stimuli/rescaled_final/1309_rv.mp4	0.0	353.25919699668884	
77	328.37378883361816	fix_post	2		12	75.0	2.5	/experiments/knapen_AOT/AOT_stimuli/rescaled_final/1309_rv.mp4	0.0	353.7673418521881	0.10002708435058594
78	328.47381591796875	fix_pre	0		120	76.0	2.5	blank	1.0	353.8673689365387	1.0001399517059326
78	329.4658589363098	pulse	0	t		76.0	2.5	blank	1.0	354.85941195487976	
78	329.4739558696747	movie	1		301	76.0	2.5	blank	1.0	354.86750888824463	2.5087289810180664
78	331.06601095199585	pulse	1	t		76.0	2.5	blank	1.0	356.4595639705658	
78	331.98268485069275	fix_post	2		12	76.0	2.5	blank	1.0	357.3762378692627	0.09999513626098633
79	332.08267998695374	fix_pre	0		120	77.0	2.5	/experiments/knapen_AOT/AOT_stimuli/rescaled_final/1724_fw.mp4	0.0	357.4762330055237	1.0001628398895264
79	332.66624093055725	pulse	0	t		77.0	2.5	/experiments/knapen_AOT/AOT_stimuli/rescaled_final/1724_fw.mp4	0.0	358.0597939491272	
79	333.08284282684326	movie	1		248	77.0	2.5	/experiments/knapen_AOT/AOT_stimuli/rescaled_final/1724_fw.mp4	0.0	358.4763958454132	2.500397205352783
79	334.2666108608246	pulse	1	t		77.0	2.5	/experiments/knapen_AOT/AOT_stimuli/rescaled_final/1724_fw.mp4	0.0	359.66016387939453	
79	335.58324003219604	fix_post	2		12	77.0	2.5	/experiments/knapen_AOT/AOT_stimuli/rescaled_final/1724_fw.mp4	0.0	360.976793050766	0.10001492500305176
80	335.6832549571991	fix_pre	0		120	78.0	2.5	/experiments/knapen_AOT/AOT_stimuli/rescaled_final/1479_rv.mp4	0.0	361.07680797576904	1.0001020431518555
80	335.86678099632263	pulse	0	t		78.0	2.5	/experiments/knapen_AOT/AOT_stimuli/rescaled_final/1479_rv.mp4	0.0	361.2603340148926	
80	336.68335700035095	movie	1		243	78.0	2.5	/experiments/knapen_AOT/AOT_stimuli/rescaled_final/1479_rv.mp4	0.0	362.0769100189209	2.500464916229248
80	337.4671199321747	pulse	1	t		78.0	2.5	/experiments/knapen_AOT/AOT_stimuli/rescaled_final/1479_rv.mp4	0.0	362.86067295074463	
80	339.0671408176422	pulse	1	t		78.0	2.5	/experiments/knapen_AOT/AOT_stimuli/rescaled_final/1479_rv.mp4	0.0	364.46069383621216	
80	339.1838219165802	fix_post	2		12	78.0	2.5	/experiments/knapen_AOT/AOT_stimuli/rescaled_final/1479_rv.mp4	0.0	364.57737493515015	0.09993696212768555
81	339.2837588787079	fix_pre	0		120	79.0	2.5	/experiments/knapen_AOT/AOT_stimuli/rescaled_final/2052_fw.mp4	0.0	364.67731189727783	1.000143051147461
81	340.28390192985535	movie	1		243	79.0	2.5	/experiments/knapen_AOT/AOT_stimuli/rescaled_final/2052_fw.mp4	0.0	365.6774549484253	2.4920289516448975
81	340.66807889938354	pulse	1	t		79.0	2.5	/experiments/knapen_AOT/AOT_stimuli/rescaled_final/2052_fw.mp4	0.0	366.0616319179535	
81	342.26034283638	pulse	1	t		79.0	2.5	/experiments/knapen_AOT/AOT_stimuli/rescaled_final/2052_fw.mp4	0.0	367.65389585494995	
81	342.77593088150024	fix_post	2		12	79.0	2.5	/experiments/knapen_AOT/AOT_stimuli/rescaled_final/2052_fw.mp4	0.0	368.1694839000702	0.1000370979309082
82	342.87596797943115	fix_pre	0		120	80.0	2.5	/experiments/knapen_AOT/AOT_stimuli/rescaled_final/2058_rv.mp4	0.0	368.2695209980011	1.0001490116119385
82	343.86052989959717	pulse	0	t		80.0	2.5	/experiments/knapen_AOT/AOT_stimuli/rescaled_final/2058_rv.mp4	0.0	369.2540829181671	
82	343.8761169910431	movie	1		244	80.0	2.5	/experiments/knapen_AOT/AOT_stimuli/rescaled_final/2058_rv.mp4	0.0	369.26967000961304	2.508730888366699
82	345.4689509868622	pulse	1	t		80.0	2.5	/experiments/knapen_AOT/AOT_stimuli/rescaled_final/2058_rv.mp4	0.0	370.86250400543213	
82	346.3848478794098	fix_post	2		12	80.0	2.5	/experiments/knapen_AOT/AOT_stimuli/rescaled_final/2058_rv.mp4	0.0	371.77840089797974	0.10000014305114746
83	346.48484802246094	fix_pre	0		120	81.0	2.5	/experiments/knapen_AOT/AOT_stimuli/rescaled_final/1999_rv.mp4	0.0	371.8784010410309	1.0001637935638428
83	347.0609209537506	pulse	0	t		81.0	2.5	/experiments/knapen_AOT/AOT_stimuli/rescaled_final/1999_rv.mp4	0.0	372.45447397232056	
83	347.4850118160248	movie	1		243	81.0	2.5	/experiments/knapen_AOT/AOT_stimuli/rescaled_final/1999_rv.mp4	0.0	372.8785648345947	2.5003139972686768
83	348.6611030101776	pulse	1	t		81.0	2.5	/experiments/knapen_AOT/AOT_stimuli/rescaled_final/1999_rv.mp4	0.0	374.05465602874756	
83	349.98532581329346	fix_post	2		12	81.0	2.5	/experiments/knapen_AOT/AOT_stimuli/rescaled_final/1999_rv.mp4	0.0	375.3788788318634	0.10004305839538574
84	350.08536887168884	fix_pre	0		120	82.0	2.5	/experiments/knapen_AOT/AOT_stimuli/rescaled_final/0920_rv.mp4	0.0	375.4789218902588	1.0001440048217773
84	350.26048493385315	pulse	0	t		82.0	2.5	/experiments/knapen_AOT/AOT_stimuli/rescaled_final/0920_rv.mp4	0.0	375.6540379524231	
84	351.0855128765106	movie	1		245	82.0	2.5	/experiments/knapen_AOT/AOT_stimuli/rescaled_final/0920_rv.mp4	0.0	376.47906589508057	2.500391960144043
84	351.86077189445496	pulse	1	t		82.0	2.5	/experiments/knapen_AOT/AOT_stimuli/rescaled_final/0920_rv.mp4	0.0	377.2543249130249	
84	353.4611859321594	pulse	1	t		82.0	2.5	/experiments/knapen_AOT/AOT_stimuli/rescaled_final/0920_rv.mp4	0.0	378.85473895072937	
84	353.58590483665466	fix_post	2		12	82.0	2.5	/experiments/knapen_AOT/AOT_stimuli/rescaled_final/0920_rv.mp4	0.0	378.9794578552246	0.10000014305114746
85	353.6859049797058	fix_pre	0		119	83.0	2.5	blank	1.0	379.07945799827576	0.9918270111083984
85	354.6777319908142	movie	1		300	83.0	2.5	blank	1.0	380.07128500938416	2.5004019737243652
85	355.061283826828	pulse	1	t		83.0	2.5	blank	1.0	380.45483684539795	
85	356.6615469455719	pulse	1	t		83.0	2.5	blank	1.0	382.05509996414185	
85	357.1781339645386	fix_post	2		12	83.0	2.5	blank	1.0	382.5716869831085	0.09997105598449707
87	357.27810502052307	stim	0		1716					382.671658039093	14.302279949188232
87	358.26177287101746	pulse	0	t						383.6553258895874	
87	359.8620400428772	pulse	0	t						385.25559306144714	
87	361.4623498916626	pulse	0	t						386.85590291023254	
87	363.06256103515625	pulse	0	t						388.4561140537262	
87	364.66275787353516	pulse	0	t						390.0563108921051	
87	366.26289081573486	pulse	0	t						391.6564438343048	
87	367.8632400035858	pulse	0	t						393.25679302215576	
87	369.46346783638	pulse	0	t						394.85702085494995	
87	371.0637438297272	pulse	0	t						396.4572968482971	
