trial_nr	onset	event_type	phase	response	nr_frames	movie_index	movie_duration	movie_file	blank	onset_abs	duration
0	0.1832270622253418	stim	0		4135					1280.8959422111511	34.48854899406433
0	34.663455963134766	response	0	space						1315.3761711120605	
1	34.67177605628967	stim	0		4517					1315.3844912052155	37.65183091163635
1	72.31092500686646	pulse	0	t						1353.0236401557922	
1	72.32360696792603	stim	1		1714					1353.0363221168518	14.29749608039856
1	73.91107392311096	pulse	1	t						1354.6237890720367	
1	75.51133990287781	pulse	1	t						1356.2240550518036	
1	77.11152386665344	pulse	1	t						1357.8242390155792	
1	78.71182107925415	pulse	1	t						1359.42453622818	
1	80.31209087371826	pulse	1	t						1361.024806022644	
1	81.91218304634094	pulse	1	t						1362.6248981952667	
1	83.51243495941162	pulse	1	t						1364.2251501083374	
1	85.11275005340576	pulse	1	t						1365.8254652023315	
2	86.62110304832458	fix_pre	0		12	0.0	2.5	/experiments/knapen_AOT/AOT_stimuli/rescaled_final/0291_fw.mp4	0.0	1367.3338181972504	0.10852289199829102
2	86.71314001083374	pulse	0	t		0.0	2.5	/experiments/knapen_AOT/AOT_stimuli/rescaled_final/0291_fw.mp4	0.0	1367.4258551597595	
2	86.72962594032288	movie	1		247	0.0	2.5	/experiments/knapen_AOT/AOT_stimuli/rescaled_final/0291_fw.mp4	0.0	1367.4423410892487	2.5001730918884277
2	88.3171489238739	pulse	1	t		0.0	2.5	/experiments/knapen_AOT/AOT_stimuli/rescaled_final/0291_fw.mp4	0.0	1369.0298640727997	
2	89.2297990322113	fix_post	2		12	0.0	2.5	/experiments/knapen_AOT/AOT_stimuli/rescaled_final/0291_fw.mp4	0.0	1369.942514181137	0.10003304481506348
3	89.32983207702637	fix_pre	0		120	1.0	2.5	/experiments/knapen_AOT/AOT_stimuli/rescaled_final/0589_fw.mp4	0.0	1370.0425472259521	1.0002188682556152
3	89.9060959815979	pulse	0	t		1.0	2.5	/experiments/knapen_AOT/AOT_stimuli/rescaled_final/0589_fw.mp4	0.0	1370.6188111305237	
3	90.33005094528198	movie	1		246	1.0	2.5	/experiments/knapen_AOT/AOT_stimuli/rescaled_final/0589_fw.mp4	0.0	1371.0427660942078	2.5002939701080322
3	91.50918507575989	pulse	1	t		1.0	2.5	/experiments/knapen_AOT/AOT_stimuli/rescaled_final/0589_fw.mp4	0.0	1372.2219002246857	
3	92.83034491539001	fix_post	2		12	1.0	2.5	/experiments/knapen_AOT/AOT_stimuli/rescaled_final/0589_fw.mp4	0.0	1373.5430600643158	0.10006403923034668
4	92.93040895462036	fix_pre	0		120	2.0	2.5	/experiments/knapen_AOT/AOT_stimuli/rescaled_final/1395_fw.mp4	0.0	1373.6431241035461	1.0001130104064941
4	93.1065878868103	pulse	0	t		2.0	2.5	/experiments/knapen_AOT/AOT_stimuli/rescaled_final/1395_fw.mp4	0.0	1373.819303035736	
4	93.93052196502686	movie	1		244	2.0	2.5	/experiments/knapen_AOT/AOT_stimuli/rescaled_final/1395_fw.mp4	0.0	1374.6432371139526	2.500483989715576
4	94.70595693588257	pulse	1	t		2.0	2.5	/experiments/knapen_AOT/AOT_stimuli/rescaled_final/1395_fw.mp4	0.0	1375.4186720848083	
4	96.30616593360901	pulse	1	t		2.0	2.5	/experiments/knapen_AOT/AOT_stimuli/rescaled_final/1395_fw.mp4	0.0	1377.0188810825348	
4	96.43100595474243	fix_post	2		12	2.0	2.5	/experiments/knapen_AOT/AOT_stimuli/rescaled_final/1395_fw.mp4	0.0	1377.1437211036682	0.09988808631896973
5	96.5308940410614	fix_pre	0		120	3.0	2.5	/experiments/knapen_AOT/AOT_stimuli/rescaled_final/0279_rv.mp4	0.0	1377.2436091899872	1.0001740455627441
5	97.53106808662415	movie	1		243	3.0	2.5	/experiments/knapen_AOT/AOT_stimuli/rescaled_final/0279_rv.mp4	0.0	1378.24378323555	2.491987943649292
5	97.90630197525024	pulse	1	t		3.0	2.5	/experiments/knapen_AOT/AOT_stimuli/rescaled_final/0279_rv.mp4	0.0	1378.619017124176	
5	99.50657105445862	pulse	1	t		3.0	2.5	/experiments/knapen_AOT/AOT_stimuli/rescaled_final/0279_rv.mp4	0.0	1380.2192862033844	
5	100.02305603027344	fix_post	2		12	3.0	2.5	/experiments/knapen_AOT/AOT_stimuli/rescaled_final/0279_rv.mp4	0.0	1380.7357711791992	0.10008502006530762
6	100.12314105033875	fix_pre	0		119	4.0	2.5	/experiments/knapen_AOT/AOT_stimuli/rescaled_final/0968_fw.mp4	0.0	1380.8358561992645	0.9917948246002197
6	101.1068549156189	pulse	0	t		4.0	2.5	/experiments/knapen_AOT/AOT_stimuli/rescaled_final/0968_fw.mp4	0.0	1381.8195700645447	
6	101.11493587493896	movie	1		244	4.0	2.5	/experiments/knapen_AOT/AOT_stimuli/rescaled_final/0968_fw.mp4	0.0	1381.8276510238647	2.5086841583251953
6	102.70826292037964	pulse	1	t		4.0	2.5	/experiments/knapen_AOT/AOT_stimuli/rescaled_final/0968_fw.mp4	0.0	1383.4209780693054	
6	103.62362003326416	fix_post	2		12	4.0	2.5	/experiments/knapen_AOT/AOT_stimuli/rescaled_final/0968_fw.mp4	0.0	1384.33633518219	0.10003805160522461
7	103.72365808486938	fix_pre	0		120	5.0	2.5	blank	1.0	1384.4363732337952	1.000175952911377
7	104.3072919845581	pulse	0	t		5.0	2.5	blank	1.0	1385.020007133484	
7	104.72383403778076	movie	1		300	5.0	2.5	blank	1.0	1385.4365491867065	2.500342845916748
7	105.90746688842773	pulse	1	t		5.0	2.5	blank	1.0	1386.6201820373535	
7	107.22417688369751	fix_post	2		12	5.0	2.5	blank	1.0	1387.9368920326233	0.10003113746643066
8	107.32420802116394	fix_pre	0		120	6.0	2.5	/experiments/knapen_AOT/AOT_stimuli/rescaled_final/1894_rv.mp4	0.0	1388.0369231700897	1.0001239776611328
8	107.50780606269836	pulse	0	t		6.0	2.5	/experiments/knapen_AOT/AOT_stimuli/rescaled_final/1894_rv.mp4	0.0	1388.2205212116241	
8	108.32433199882507	movie	1		244	6.0	2.5	/experiments/knapen_AOT/AOT_stimuli/rescaled_final/1894_rv.mp4	0.0	1389.0370471477509	2.5004799365997314
8	109.10811686515808	pulse	1	t		6.0	2.5	/experiments/knapen_AOT/AOT_stimuli/rescaled_final/1894_rv.mp4	0.0	1389.8208320140839	
8	110.7083899974823	pulse	1	t		6.0	2.5	/experiments/knapen_AOT/AOT_stimuli/rescaled_final/1894_rv.mp4	0.0	1391.421105146408	
8	110.8248119354248	fix_post	2		12	6.0	2.5	/experiments/knapen_AOT/AOT_stimuli/rescaled_final/1894_rv.mp4	0.0	1391.5375270843506	0.09998393058776855
9	110.92479586601257	fix_pre	0		120	7.0	2.5	/experiments/knapen_AOT/AOT_stimuli/rescaled_final/0478_fw.mp4	0.0	1391.6375110149384	1.000148057937622
9	111.9249439239502	movie	1		243	7.0	2.5	/experiments/knapen_AOT/AOT_stimuli/rescaled_final/0478_fw.mp4	0.0	1392.637659072876	2.492032051086426
9	112.30888485908508	pulse	1	t		7.0	2.5	/experiments/knapen_AOT/AOT_stimuli/rescaled_final/0478_fw.mp4	0.0	1393.0216000080109	
9	113.90874886512756	pulse	1	t		7.0	2.5	/experiments/knapen_AOT/AOT_stimuli/rescaled_final/0478_fw.mp4	0.0	1394.6214640140533	
9	114.41697597503662	fix_post	2		12	7.0	2.5	/experiments/knapen_AOT/AOT_stimuli/rescaled_final/0478_fw.mp4	0.0	1395.1296911239624	0.09998106956481934
10	114.51695704460144	fix_pre	0		120	8.0	2.5	/experiments/knapen_AOT/AOT_stimuli/rescaled_final/1043_rv.mp4	0.0	1395.2296721935272	1.0001130104064941
10	115.50901198387146	pulse	0	t		8.0	2.5	/experiments/knapen_AOT/AOT_stimuli/rescaled_final/1043_rv.mp4	0.0	1396.2217271327972	
10	115.51707005500793	movie	1		246	8.0	2.5	/experiments/knapen_AOT/AOT_stimuli/rescaled_final/1043_rv.mp4	0.0	1396.2297852039337	2.5086848735809326
10	117.1128990650177	pulse	1	t		8.0	2.5	/experiments/knapen_AOT/AOT_stimuli/rescaled_final/1043_rv.mp4	0.0	1397.8256142139435	
10	118.02575492858887	fix_post	2		12	8.0	2.5	/experiments/knapen_AOT/AOT_stimuli/rescaled_final/1043_rv.mp4	0.0	1398.7384700775146	0.10002708435058594
11	118.12578201293945	fix_pre	0		120	9.0	2.5	/experiments/knapen_AOT/AOT_stimuli/rescaled_final/0892_rv.mp4	0.0	1398.8384971618652	1.0002079010009766
11	118.70935988426208	pulse	0	t		9.0	2.5	/experiments/knapen_AOT/AOT_stimuli/rescaled_final/0892_rv.mp4	0.0	1399.4220750331879	
11	119.12598991394043	movie	1		244	9.0	2.5	/experiments/knapen_AOT/AOT_stimuli/rescaled_final/0892_rv.mp4	0.0	1399.8387050628662	2.5003390312194824
11	120.30972695350647	pulse	1	t		9.0	2.5	/experiments/knapen_AOT/AOT_stimuli/rescaled_final/0892_rv.mp4	0.0	1401.0224421024323	
11	121.62632894515991	fix_post	2		12	9.0	2.5	/experiments/knapen_AOT/AOT_stimuli/rescaled_final/0892_rv.mp4	0.0	1402.3390440940857	0.10000395774841309
12	121.72633290290833	fix_pre	0		120	10.0	2.5	/experiments/knapen_AOT/AOT_stimuli/rescaled_final/2145_fw.mp4	0.0	1402.439048051834	1.0001749992370605
12	121.90994191169739	pulse	0	t		10.0	2.5	/experiments/knapen_AOT/AOT_stimuli/rescaled_final/2145_fw.mp4	0.0	1402.6226570606232	
12	122.72650790214539	movie	1		245	10.0	2.5	/experiments/knapen_AOT/AOT_stimuli/rescaled_final/2145_fw.mp4	0.0	1403.4392230510712	2.500509023666382
12	123.5102698802948	pulse	1	t		10.0	2.5	/experiments/knapen_AOT/AOT_stimuli/rescaled_final/2145_fw.mp4	0.0	1404.2229850292206	
12	125.11042189598083	pulse	1	t		10.0	2.5	/experiments/knapen_AOT/AOT_stimuli/rescaled_final/2145_fw.mp4	0.0	1405.8231370449066	
12	125.22701692581177	fix_post	2		12	10.0	2.5	/experiments/knapen_AOT/AOT_stimuli/rescaled_final/2145_fw.mp4	0.0	1405.9397320747375	0.09986996650695801
13	125.32688689231873	fix_pre	0		118	11.0	2.5	/experiments/knapen_AOT/AOT_stimuli/rescaled_final/1415_fw.mp4	0.0	1406.0396020412445	1.000128984451294
13	126.32701587677002	movie	1		243	11.0	2.5	/experiments/knapen_AOT/AOT_stimuli/rescaled_final/1415_fw.mp4	0.0	1407.0397310256958	2.4920480251312256
13	126.71115207672119	pulse	1	t		11.0	2.5	/experiments/knapen_AOT/AOT_stimuli/rescaled_final/1415_fw.mp4	0.0	1407.423867225647	
13	128.3108298778534	pulse	1	t		11.0	2.5	/experiments/knapen_AOT/AOT_stimuli/rescaled_final/1415_fw.mp4	0.0	1409.0235450267792	
13	128.81906390190125	fix_post	2		12	11.0	2.5	/experiments/knapen_AOT/AOT_stimuli/rescaled_final/1415_fw.mp4	0.0	1409.531779050827	0.09999418258666992
14	128.91905808448792	fix_pre	0		120	12.0	2.5	/experiments/knapen_AOT/AOT_stimuli/rescaled_final/2078_rv.mp4	0.0	1409.6317732334137	1.0001649856567383
14	129.91117000579834	pulse	0	t		12.0	2.5	/experiments/knapen_AOT/AOT_stimuli/rescaled_final/2078_rv.mp4	0.0	1410.6238851547241	
14	129.91922307014465	movie	1		246	12.0	2.5	/experiments/knapen_AOT/AOT_stimuli/rescaled_final/2078_rv.mp4	0.0	1410.6319382190704	2.508755922317505
14	131.51581192016602	pulse	1	t		12.0	2.5	/experiments/knapen_AOT/AOT_stimuli/rescaled_final/2078_rv.mp4	0.0	1412.2285270690918	
14	132.42797899246216	fix_post	2		12	12.0	2.5	/experiments/knapen_AOT/AOT_stimuli/rescaled_final/2078_rv.mp4	0.0	1413.140694141388	0.09997200965881348
15	132.52795100212097	fix_pre	0		120	13.0	2.5	blank	1.0	1413.2406661510468	1.0001769065856934
15	133.1115539073944	pulse	0	t		13.0	2.5	blank	1.0	1413.8242690563202	
15	133.52812790870667	movie	1		300	13.0	2.5	blank	1.0	1414.2408430576324	2.5003340244293213
15	134.71183490753174	pulse	1	t		13.0	2.5	blank	1.0	1415.4245500564575	
15	136.028461933136	fix_post	2		12	13.0	2.5	blank	1.0	1416.7411770820618	0.10001206398010254
16	136.1284739971161	fix_pre	0		120	14.0	2.5	/experiments/knapen_AOT/AOT_stimuli/rescaled_final/0304_fw.mp4	0.0	1416.8411891460419	1.000196933746338
16	136.3120858669281	pulse	0	t		14.0	2.5	/experiments/knapen_AOT/AOT_stimuli/rescaled_final/0304_fw.mp4	0.0	1417.0248010158539	
16	137.12867093086243	movie	1		244	14.0	2.5	/experiments/knapen_AOT/AOT_stimuli/rescaled_final/0304_fw.mp4	0.0	1417.8413860797882	2.500365972518921
16	137.91231989860535	pulse	1	t		14.0	2.5	/experiments/knapen_AOT/AOT_stimuli/rescaled_final/0304_fw.mp4	0.0	1418.6250350475311	
16	139.51023507118225	pulse	1	t		14.0	2.5	/experiments/knapen_AOT/AOT_stimuli/rescaled_final/0304_fw.mp4	0.0	1420.222950220108	
16	139.62903690338135	fix_post	2		12	14.0	2.5	/experiments/knapen_AOT/AOT_stimuli/rescaled_final/0304_fw.mp4	0.0	1420.3417520523071	0.10004305839538574
17	139.72907996177673	fix_pre	0		120	15.0	2.5	/experiments/knapen_AOT/AOT_stimuli/rescaled_final/0945_fw.mp4	0.0	1420.4417951107025	1.0001170635223389
17	140.72919702529907	movie	1		242	15.0	2.5	/experiments/knapen_AOT/AOT_stimuli/rescaled_final/0945_fw.mp4	0.0	1421.4419121742249	2.4920358657836914
17	141.1138219833374	pulse	1	t		15.0	2.5	/experiments/knapen_AOT/AOT_stimuli/rescaled_final/0945_fw.mp4	0.0	1421.8265371322632	
17	142.70562195777893	pulse	1	t		15.0	2.5	/experiments/knapen_AOT/AOT_stimuli/rescaled_final/0945_fw.mp4	0.0	1423.4183371067047	
17	143.22123289108276	fix_post	2		12	15.0	2.5	/experiments/knapen_AOT/AOT_stimuli/rescaled_final/0945_fw.mp4	0.0	1423.9339480400085	0.09998703002929688
18	143.32121992111206	fix_pre	0		120	16.0	2.5	/experiments/knapen_AOT/AOT_stimuli/rescaled_final/1989_fw.mp4	0.0	1424.0339350700378	1.0001280307769775
18	144.30570888519287	pulse	0	t		16.0	2.5	/experiments/knapen_AOT/AOT_stimuli/rescaled_final/1989_fw.mp4	0.0	1425.0184240341187	
18	144.32134795188904	movie	1		246	16.0	2.5	/experiments/knapen_AOT/AOT_stimuli/rescaled_final/1989_fw.mp4	0.0	1425.0340631008148	2.5087029933929443
18	145.9146749973297	pulse	1	t		16.0	2.5	/experiments/knapen_AOT/AOT_stimuli/rescaled_final/1989_fw.mp4	0.0	1426.6273901462555	
18	146.83005094528198	fix_post	2		12	16.0	2.5	/experiments/knapen_AOT/AOT_stimuli/rescaled_final/1989_fw.mp4	0.0	1427.5427660942078	0.10009193420410156
19	146.93014287948608	fix_pre	0		120	17.0	2.5	/experiments/knapen_AOT/AOT_stimuli/rescaled_final/0223_fw.mp4	0.0	1427.6428580284119	1.0001330375671387
19	147.5061318874359	pulse	0	t		17.0	2.5	/experiments/knapen_AOT/AOT_stimuli/rescaled_final/0223_fw.mp4	0.0	1428.2188470363617	
19	147.93027591705322	movie	1		243	17.0	2.5	/experiments/knapen_AOT/AOT_stimuli/rescaled_final/0223_fw.mp4	0.0	1428.642991065979	2.5003509521484375
19	149.1060860157013	pulse	1	t		17.0	2.5	/experiments/knapen_AOT/AOT_stimuli/rescaled_final/0223_fw.mp4	0.0	1429.818801164627	
19	150.43062686920166	fix_post	2		12	17.0	2.5	/experiments/knapen_AOT/AOT_stimuli/rescaled_final/0223_fw.mp4	0.0	1431.1433420181274	0.10003018379211426
20	150.53065705299377	fix_pre	0		120	18.0	2.5	/experiments/knapen_AOT/AOT_stimuli/rescaled_final/0268_rv.mp4	0.0	1431.2433722019196	1.0001499652862549
20	150.70578598976135	pulse	0	t		18.0	2.5	/experiments/knapen_AOT/AOT_stimuli/rescaled_final/0268_rv.mp4	0.0	1431.4185011386871	
20	151.53080701828003	movie	1		243	18.0	2.5	/experiments/knapen_AOT/AOT_stimuli/rescaled_final/0268_rv.mp4	0.0	1432.2435221672058	2.4920380115509033
20	152.30606198310852	pulse	1	t		18.0	2.5	/experiments/knapen_AOT/AOT_stimuli/rescaled_final/0268_rv.mp4	0.0	1433.0187771320343	
20	153.90633893013	pulse	1	t		18.0	2.5	/experiments/knapen_AOT/AOT_stimuli/rescaled_final/0268_rv.mp4	0.0	1434.6190540790558	
20	154.02284502983093	fix_post	2		12	18.0	2.5	/experiments/knapen_AOT/AOT_stimuli/rescaled_final/0268_rv.mp4	0.0	1434.7355601787567	0.0999760627746582
21	154.1228210926056	fix_pre	0		120	19.0	2.5	/experiments/knapen_AOT/AOT_stimuli/rescaled_final/1855_rv.mp4	0.0	1434.8355362415314	1.000121831893921
21	155.1229429244995	movie	1		243	19.0	2.5	/experiments/knapen_AOT/AOT_stimuli/rescaled_final/1855_rv.mp4	0.0	1435.8356580734253	2.50040602684021
21	155.50762391090393	pulse	1	t		19.0	2.5	/experiments/knapen_AOT/AOT_stimuli/rescaled_final/1855_rv.mp4	0.0	1436.2203390598297	
21	157.10693907737732	pulse	1	t		19.0	2.5	/experiments/knapen_AOT/AOT_stimuli/rescaled_final/1855_rv.mp4	0.0	1437.819654226303	
21	157.62334895133972	fix_post	2		12	19.0	2.5	/experiments/knapen_AOT/AOT_stimuli/rescaled_final/1855_rv.mp4	0.0	1438.3360641002655	0.10006213188171387
22	157.72341108322144	fix_pre	0		119	20.0	2.5	blank	1.0	1438.4361262321472	0.9917728900909424
22	158.70700001716614	pulse	0	t		20.0	2.5	blank	1.0	1439.419715166092	
22	158.71518397331238	movie	1		301	20.0	2.5	blank	1.0	1439.4278991222382	2.508739948272705
22	160.30729699134827	pulse	1	t		20.0	2.5	blank	1.0	1441.020012140274	
22	161.22392392158508	fix_post	2		12	20.0	2.5	blank	1.0	1441.9366390705109	0.09998607635498047
23	161.32390999794006	fix_pre	0		120	21.0	2.5	/experiments/knapen_AOT/AOT_stimuli/rescaled_final/0874_rv.mp4	0.0	1442.0366251468658	1.0001659393310547
23	161.90747690200806	pulse	0	t		21.0	2.5	/experiments/knapen_AOT/AOT_stimuli/rescaled_final/0874_rv.mp4	0.0	1442.6201920509338	
23	162.32407593727112	movie	1		243	21.0	2.5	/experiments/knapen_AOT/AOT_stimuli/rescaled_final/0874_rv.mp4	0.0	1443.036791086197	2.50034499168396
23	163.50792288780212	pulse	1	t		21.0	2.5	/experiments/knapen_AOT/AOT_stimuli/rescaled_final/0874_rv.mp4	0.0	1444.220638036728	
23	164.82442092895508	fix_post	2		12	21.0	2.5	/experiments/knapen_AOT/AOT_stimuli/rescaled_final/0874_rv.mp4	0.0	1445.5371360778809	0.10001397132873535
24	164.9244349002838	fix_pre	0		120	22.0	2.5	/experiments/knapen_AOT/AOT_stimuli/rescaled_final/1320_rv.mp4	0.0	1445.6371500492096	1.000190019607544
24	165.1080379486084	pulse	0	t		22.0	2.5	/experiments/knapen_AOT/AOT_stimuli/rescaled_final/1320_rv.mp4	0.0	1445.8207530975342	
24	165.92462491989136	movie	1		244	22.0	2.5	/experiments/knapen_AOT/AOT_stimuli/rescaled_final/1320_rv.mp4	0.0	1446.6373400688171	2.5003340244293213
24	166.70821595191956	pulse	1	t		22.0	2.5	/experiments/knapen_AOT/AOT_stimuli/rescaled_final/1320_rv.mp4	0.0	1447.4209311008453	
24	168.30845499038696	pulse	1	t		22.0	2.5	/experiments/knapen_AOT/AOT_stimuli/rescaled_final/1320_rv.mp4	0.0	1449.0211701393127	
24	168.42495894432068	fix_post	2		12	22.0	2.5	/experiments/knapen_AOT/AOT_stimuli/rescaled_final/1320_rv.mp4	0.0	1449.1376740932465	0.10004591941833496
25	168.525004863739	fix_pre	0		119	23.0	2.5	/experiments/knapen_AOT/AOT_stimuli/rescaled_final/1728_fw.mp4	0.0	1449.2377200126648	0.9917831420898438
25	169.51678800582886	movie	1		243	23.0	2.5	/experiments/knapen_AOT/AOT_stimuli/rescaled_final/1728_fw.mp4	0.0	1450.2295031547546	2.5003740787506104
25	169.90892791748047	pulse	1	t		23.0	2.5	/experiments/knapen_AOT/AOT_stimuli/rescaled_final/1728_fw.mp4	0.0	1450.6216430664062	
25	171.50913286209106	pulse	1	t		23.0	2.5	/experiments/knapen_AOT/AOT_stimuli/rescaled_final/1728_fw.mp4	0.0	1452.2218480110168	
25	172.01716208457947	fix_post	2		12	23.0	2.5	/experiments/knapen_AOT/AOT_stimuli/rescaled_final/1728_fw.mp4	0.0	1452.7298772335052	0.10003495216369629
26	172.11719703674316	fix_pre	0		120	24.0	2.5	/experiments/knapen_AOT/AOT_stimuli/rescaled_final/1358_rv.mp4	0.0	1452.829912185669	1.0001168251037598
26	173.10924696922302	pulse	0	t		24.0	2.5	/experiments/knapen_AOT/AOT_stimuli/rescaled_final/1358_rv.mp4	0.0	1453.8219621181488	
26	173.11731386184692	movie	1		244	24.0	2.5	/experiments/knapen_AOT/AOT_stimuli/rescaled_final/1358_rv.mp4	0.0	1453.8300290107727	2.5087220668792725
26	174.7100579738617	pulse	1	t		24.0	2.5	/experiments/knapen_AOT/AOT_stimuli/rescaled_final/1358_rv.mp4	0.0	1455.4227731227875	
26	175.6260359287262	fix_post	2		12	24.0	2.5	/experiments/knapen_AOT/AOT_stimuli/rescaled_final/1358_rv.mp4	0.0	1456.338751077652	0.10004401206970215
27	175.7260799407959	fix_pre	0		120	25.0	2.5	/experiments/knapen_AOT/AOT_stimuli/rescaled_final/1159_fw.mp4	0.0	1456.4387950897217	1.0001139640808105
27	176.30975699424744	pulse	0	t		25.0	2.5	/experiments/knapen_AOT/AOT_stimuli/rescaled_final/1159_fw.mp4	0.0	1457.0224721431732	
27	176.7261939048767	movie	1		244	25.0	2.5	/experiments/knapen_AOT/AOT_stimuli/rescaled_final/1159_fw.mp4	0.0	1457.4389090538025	2.5003411769866943
27	177.91003704071045	pulse	1	t		25.0	2.5	/experiments/knapen_AOT/AOT_stimuli/rescaled_final/1159_fw.mp4	0.0	1458.6227521896362	
27	179.2265350818634	fix_post	2		12	25.0	2.5	/experiments/knapen_AOT/AOT_stimuli/rescaled_final/1159_fw.mp4	0.0	1459.9392502307892	0.10014891624450684
28	179.3266839981079	fix_pre	0		120	26.0	2.5	blank	1.0	1460.0393991470337	1.000053882598877
28	179.5102288722992	pulse	0	t		26.0	2.5	blank	1.0	1460.222944021225	
28	180.3267378807068	movie	1		300	26.0	2.5	blank	1.0	1461.0394530296326	2.500404119491577
28	181.1103539466858	pulse	1	t		26.0	2.5	blank	1.0	1461.8230690956116	
28	182.7106649875641	pulse	1	t		26.0	2.5	blank	1.0	1463.4233801364899	
28	182.82714200019836	fix_post	2		12	26.0	2.5	blank	1.0	1463.5398571491241	0.09996891021728516
29	182.92711091041565	fix_pre	0		118	27.0	2.5	/experiments/knapen_AOT/AOT_stimuli/rescaled_final/1456_fw.mp4	0.0	1463.6398260593414	1.0001699924468994
29	183.92728090286255	movie	1		242	27.0	2.5	/experiments/knapen_AOT/AOT_stimuli/rescaled_final/1456_fw.mp4	0.0	1464.6399960517883	2.4920191764831543
29	184.3117699623108	pulse	1	t		27.0	2.5	/experiments/knapen_AOT/AOT_stimuli/rescaled_final/1456_fw.mp4	0.0	1465.0244851112366	
29	185.9112150669098	pulse	1	t		27.0	2.5	/experiments/knapen_AOT/AOT_stimuli/rescaled_final/1456_fw.mp4	0.0	1466.6239302158356	
29	186.4193000793457	fix_post	2		12	27.0	2.5	/experiments/knapen_AOT/AOT_stimuli/rescaled_final/1456_fw.mp4	0.0	1467.1320152282715	0.10001683235168457
30	186.5193169116974	fix_pre	0		120	28.0	2.5	/experiments/knapen_AOT/AOT_stimuli/rescaled_final/1981_rv.mp4	0.0	1467.2320320606232	1.0001871585845947
30	187.51130509376526	pulse	0	t		28.0	2.5	/experiments/knapen_AOT/AOT_stimuli/rescaled_final/1981_rv.mp4	0.0	1468.224020242691	
30	187.51950407028198	movie	1		245	28.0	2.5	/experiments/knapen_AOT/AOT_stimuli/rescaled_final/1981_rv.mp4	0.0	1468.2322192192078	2.5086779594421387
30	189.1125168800354	pulse	1	t		28.0	2.5	/experiments/knapen_AOT/AOT_stimuli/rescaled_final/1981_rv.mp4	0.0	1469.8252320289612	
30	190.02818202972412	fix_post	2		12	28.0	2.5	/experiments/knapen_AOT/AOT_stimuli/rescaled_final/1981_rv.mp4	0.0	1470.74089717865	0.10000801086425781
31	190.12819004058838	fix_pre	0		120	29.0	2.5	/experiments/knapen_AOT/AOT_stimuli/rescaled_final/1469_fw.mp4	0.0	1470.8409051895142	1.000152826309204
31	190.71187090873718	pulse	0	t		29.0	2.5	/experiments/knapen_AOT/AOT_stimuli/rescaled_final/1469_fw.mp4	0.0	1471.424586057663	
31	191.12834286689758	movie	1		243	29.0	2.5	/experiments/knapen_AOT/AOT_stimuli/rescaled_final/1469_fw.mp4	0.0	1471.8410580158234	2.5003740787506104
31	192.31217789649963	pulse	1	t		29.0	2.5	/experiments/knapen_AOT/AOT_stimuli/rescaled_final/1469_fw.mp4	0.0	1473.0248930454254	
31	193.6287169456482	fix_post	2		12	29.0	2.5	/experiments/knapen_AOT/AOT_stimuli/rescaled_final/1469_fw.mp4	0.0	1474.341432094574	0.10005712509155273
32	193.72877407073975	fix_pre	0		120	30.0	2.5	/experiments/knapen_AOT/AOT_stimuli/rescaled_final/1932_rv.mp4	0.0	1474.4414892196655	1.0001118183135986
32	193.91234397888184	pulse	0	t		30.0	2.5	/experiments/knapen_AOT/AOT_stimuli/rescaled_final/1932_rv.mp4	0.0	1474.6250591278076	
32	194.72888588905334	movie	1		246	30.0	2.5	/experiments/knapen_AOT/AOT_stimuli/rescaled_final/1932_rv.mp4	0.0	1475.4416010379791	2.5003561973571777
32	195.50519609451294	pulse	1	t		30.0	2.5	/experiments/knapen_AOT/AOT_stimuli/rescaled_final/1932_rv.mp4	0.0	1476.2179112434387	
32	197.10532808303833	pulse	1	t		30.0	2.5	/experiments/knapen_AOT/AOT_stimuli/rescaled_final/1932_rv.mp4	0.0	1477.818043231964	
32	197.22924208641052	fix_post	2		12	30.0	2.5	/experiments/knapen_AOT/AOT_stimuli/rescaled_final/1932_rv.mp4	0.0	1477.9419572353363	0.1000068187713623
33	197.32924890518188	fix_pre	0		119	31.0	2.5	/experiments/knapen_AOT/AOT_stimuli/rescaled_final/1994_fw.mp4	0.0	1478.0419640541077	0.9918651580810547
33	198.32111406326294	movie	1		245	31.0	2.5	/experiments/knapen_AOT/AOT_stimuli/rescaled_final/1994_fw.mp4	0.0	1479.0338292121887	2.5003089904785156
33	198.7131040096283	pulse	1	t		31.0	2.5	/experiments/knapen_AOT/AOT_stimuli/rescaled_final/1994_fw.mp4	0.0	1479.425819158554	
33	200.3060200214386	pulse	1	t		31.0	2.5	/experiments/knapen_AOT/AOT_stimuli/rescaled_final/1994_fw.mp4	0.0	1481.0187351703644	
33	200.82142305374146	fix_post	2		12	31.0	2.5	/experiments/knapen_AOT/AOT_stimuli/rescaled_final/1994_fw.mp4	0.0	1481.5341382026672	0.10010099411010742
34	200.92152404785156	fix_pre	0		119	32.0	2.5	/experiments/knapen_AOT/AOT_stimuli/rescaled_final/1606_rv.mp4	0.0	1481.6342391967773	0.9917449951171875
34	201.90527200698853	pulse	0	t		32.0	2.5	/experiments/knapen_AOT/AOT_stimuli/rescaled_final/1606_rv.mp4	0.0	1482.6179871559143	
34	201.91326904296875	movie	1		246	32.0	2.5	/experiments/knapen_AOT/AOT_stimuli/rescaled_final/1606_rv.mp4	0.0	1482.6259841918945	2.508718967437744
34	203.50665807724	pulse	1	t		32.0	2.5	/experiments/knapen_AOT/AOT_stimuli/rescaled_final/1606_rv.mp4	0.0	1484.2193732261658	
34	204.4219880104065	fix_post	2		12	32.0	2.5	/experiments/knapen_AOT/AOT_stimuli/rescaled_final/1606_rv.mp4	0.0	1485.1347031593323	0.10004186630249023
35	204.52202987670898	fix_pre	0		120	33.0	2.5	/experiments/knapen_AOT/AOT_stimuli/rescaled_final/1430_fw.mp4	0.0	1485.2347450256348	1.0001630783081055
35	205.10559105873108	pulse	0	t		33.0	2.5	/experiments/knapen_AOT/AOT_stimuli/rescaled_final/1430_fw.mp4	0.0	1485.8183062076569	
35	205.5221929550171	movie	1		244	33.0	2.5	/experiments/knapen_AOT/AOT_stimuli/rescaled_final/1430_fw.mp4	0.0	1486.2349081039429	2.5003349781036377
35	206.705983877182	pulse	1	t		33.0	2.5	/experiments/knapen_AOT/AOT_stimuli/rescaled_final/1430_fw.mp4	0.0	1487.4186990261078	
35	208.02252793312073	fix_post	2		12	33.0	2.5	/experiments/knapen_AOT/AOT_stimuli/rescaled_final/1430_fw.mp4	0.0	1488.7352430820465	0.100006103515625
36	208.12253403663635	fix_pre	0		120	34.0	2.5	blank	1.0	1488.8352491855621	1.0001859664916992
36	208.30622100830078	pulse	0	t		34.0	2.5	blank	1.0	1489.0189361572266	
36	209.12272000312805	movie	1		300	34.0	2.5	blank	1.0	1489.8354351520538	2.500349998474121
36	209.90630102157593	pulse	1	t		34.0	2.5	blank	1.0	1490.6190161705017	
36	211.50651502609253	pulse	1	t		34.0	2.5	blank	1.0	1492.2192301750183	
36	211.62307000160217	fix_post	2		12	34.0	2.5	blank	1.0	1492.335785150528	0.10001087188720703
37	211.72308087348938	fix_pre	0		120	35.0	2.5	/experiments/knapen_AOT/AOT_stimuli/rescaled_final/1071_fw.mp4	0.0	1492.4357960224152	1.0001840591430664
37	212.72326493263245	movie	1		242	35.0	2.5	/experiments/knapen_AOT/AOT_stimuli/rescaled_final/1071_fw.mp4	0.0	1493.4359800815582	2.491992950439453
37	213.1072380542755	pulse	1	t		35.0	2.5	/experiments/knapen_AOT/AOT_stimuli/rescaled_final/1071_fw.mp4	0.0	1493.8199532032013	
37	214.70720100402832	pulse	1	t		35.0	2.5	/experiments/knapen_AOT/AOT_stimuli/rescaled_final/1071_fw.mp4	0.0	1495.419916152954	
37	215.2152578830719	fix_post	2		12	35.0	2.5	/experiments/knapen_AOT/AOT_stimuli/rescaled_final/1071_fw.mp4	0.0	1495.9279730319977	0.1000051498413086
38	215.3152630329132	fix_pre	0		120	36.0	2.5	/experiments/knapen_AOT/AOT_stimuli/rescaled_final/1268_fw.mp4	0.0	1496.027978181839	1.000234842300415
38	216.30732488632202	pulse	0	t		36.0	2.5	/experiments/knapen_AOT/AOT_stimuli/rescaled_final/1268_fw.mp4	0.0	1497.0200400352478	
38	216.31549787521362	movie	1		247	36.0	2.5	/experiments/knapen_AOT/AOT_stimuli/rescaled_final/1268_fw.mp4	0.0	1497.0282130241394	2.5086441040039062
38	217.90826988220215	pulse	1	t		36.0	2.5	/experiments/knapen_AOT/AOT_stimuli/rescaled_final/1268_fw.mp4	0.0	1498.620985031128	
38	218.82414197921753	fix_post	2		12	36.0	2.5	/experiments/knapen_AOT/AOT_stimuli/rescaled_final/1268_fw.mp4	0.0	1499.5368571281433	0.10007309913635254
39	218.92421507835388	fix_pre	0		120	37.0	2.5	/experiments/knapen_AOT/AOT_stimuli/rescaled_final/1480_rv.mp4	0.0	1499.6369302272797	1.0000779628753662
39	219.50784707069397	pulse	0	t		37.0	2.5	/experiments/knapen_AOT/AOT_stimuli/rescaled_final/1480_rv.mp4	0.0	1500.2205622196198	
39	219.92429304122925	movie	1		244	37.0	2.5	/experiments/knapen_AOT/AOT_stimuli/rescaled_final/1480_rv.mp4	0.0	1500.637008190155	2.5003578662872314
39	221.10812902450562	pulse	1	t		37.0	2.5	/experiments/knapen_AOT/AOT_stimuli/rescaled_final/1480_rv.mp4	0.0	1501.8208441734314	
39	222.42465090751648	fix_post	2		12	37.0	2.5	/experiments/knapen_AOT/AOT_stimuli/rescaled_final/1480_rv.mp4	0.0	1503.1373660564423	0.10003209114074707
40	222.52468299865723	fix_pre	0		120	38.0	2.5	/experiments/knapen_AOT/AOT_stimuli/rescaled_final/0510_rv.mp4	0.0	1503.237398147583	1.000169038772583
40	222.70823001861572	pulse	0	t		38.0	2.5	/experiments/knapen_AOT/AOT_stimuli/rescaled_final/0510_rv.mp4	0.0	1503.4209451675415	
40	223.5248520374298	movie	1		244	38.0	2.5	/experiments/knapen_AOT/AOT_stimuli/rescaled_final/0510_rv.mp4	0.0	1504.2375671863556	2.5003368854522705
40	224.30849695205688	pulse	1	t		38.0	2.5	/experiments/knapen_AOT/AOT_stimuli/rescaled_final/0510_rv.mp4	0.0	1505.0212121009827	
40	225.90892100334167	pulse	1	t		38.0	2.5	/experiments/knapen_AOT/AOT_stimuli/rescaled_final/0510_rv.mp4	0.0	1506.6216361522675	
40	226.02518892288208	fix_post	2		12	38.0	2.5	/experiments/knapen_AOT/AOT_stimuli/rescaled_final/0510_rv.mp4	0.0	1506.7379040718079	0.10003209114074707
41	226.12522101402283	fix_pre	0		120	39.0	2.5	/experiments/knapen_AOT/AOT_stimuli/rescaled_final/0878_fw.mp4	0.0	1506.8379361629486	1.0001850128173828
41	227.1254060268402	movie	1		243	39.0	2.5	/experiments/knapen_AOT/AOT_stimuli/rescaled_final/0878_fw.mp4	0.0	1507.838121175766	2.4919869899749756
41	227.50960206985474	pulse	1	t		39.0	2.5	/experiments/knapen_AOT/AOT_stimuli/rescaled_final/0878_fw.mp4	0.0	1508.2223172187805	
41	229.10926008224487	pulse	1	t		39.0	2.5	/experiments/knapen_AOT/AOT_stimuli/rescaled_final/0878_fw.mp4	0.0	1509.8219752311707	
41	229.61739301681519	fix_post	2		12	39.0	2.5	/experiments/knapen_AOT/AOT_stimuli/rescaled_final/0878_fw.mp4	0.0	1510.330108165741	0.10005497932434082
42	229.71744799613953	fix_pre	0		120	40.0	2.5	blank	1.0	1510.4301631450653	1.0001928806304932
42	230.70943689346313	pulse	0	t		40.0	2.5	blank	1.0	1511.422152042389	
42	230.71764087677002	movie	1		301	40.0	2.5	blank	1.0	1511.4303560256958	2.5086560249328613
42	232.3097529411316	pulse	1	t		40.0	2.5	blank	1.0	1513.0224680900574	
42	233.22629690170288	fix_post	2		12	40.0	2.5	blank	1.0	1513.9390120506287	0.10001015663146973
43	233.32630705833435	fix_pre	0		120	41.0	2.5	/experiments/knapen_AOT/AOT_stimuli/rescaled_final/0664_rv.mp4	0.0	1514.0390222072601	1.0001308917999268
43	233.9098780155182	pulse	0	t		41.0	2.5	/experiments/knapen_AOT/AOT_stimuli/rescaled_final/0664_rv.mp4	0.0	1514.622593164444	
43	234.32643795013428	movie	1		243	41.0	2.5	/experiments/knapen_AOT/AOT_stimuli/rescaled_final/0664_rv.mp4	0.0	1515.03915309906	2.5003459453582764
43	235.51033997535706	pulse	1	t		41.0	2.5	/experiments/knapen_AOT/AOT_stimuli/rescaled_final/0664_rv.mp4	0.0	1516.2230551242828	
43	236.82678389549255	fix_post	2		12	41.0	2.5	/experiments/knapen_AOT/AOT_stimuli/rescaled_final/0664_rv.mp4	0.0	1517.5394990444183	0.10003805160522461
44	236.92682194709778	fix_pre	0		120	42.0	2.5	/experiments/knapen_AOT/AOT_stimuli/rescaled_final/1337_rv.mp4	0.0	1517.6395370960236	1.0005500316619873
44	237.11040902137756	pulse	0	t		42.0	2.5	/experiments/knapen_AOT/AOT_stimuli/rescaled_final/1337_rv.mp4	0.0	1517.8231241703033	
44	237.92737197875977	movie	1		240	42.0	2.5	/experiments/knapen_AOT/AOT_stimuli/rescaled_final/1337_rv.mp4	0.0	1518.6400871276855	2.500040054321289
44	238.71070504188538	pulse	1	t		42.0	2.5	/experiments/knapen_AOT/AOT_stimuli/rescaled_final/1337_rv.mp4	0.0	1519.4234201908112	
44	240.31367897987366	pulse	1	t		42.0	2.5	/experiments/knapen_AOT/AOT_stimuli/rescaled_final/1337_rv.mp4	0.0	1521.0263941287994	
44	240.42741203308105	fix_post	2		12	42.0	2.5	/experiments/knapen_AOT/AOT_stimuli/rescaled_final/1337_rv.mp4	0.0	1521.1401271820068	0.09992694854736328
45	240.52733898162842	fix_pre	0		120	43.0	2.5	/experiments/knapen_AOT/AOT_stimuli/rescaled_final/1572_rv.mp4	0.0	1521.2400541305542	1.0001850128173828
45	241.5275239944458	movie	1		243	43.0	2.5	/experiments/knapen_AOT/AOT_stimuli/rescaled_final/1572_rv.mp4	0.0	1522.2402391433716	2.492050886154175
45	241.91236996650696	pulse	1	t		43.0	2.5	/experiments/knapen_AOT/AOT_stimuli/rescaled_final/1572_rv.mp4	0.0	1522.6250851154327	
45	243.51132798194885	pulse	1	t		43.0	2.5	/experiments/knapen_AOT/AOT_stimuli/rescaled_final/1572_rv.mp4	0.0	1524.2240431308746	
45	244.01957488059998	fix_post	2		12	43.0	2.5	/experiments/knapen_AOT/AOT_stimuli/rescaled_final/1572_rv.mp4	0.0	1524.7322900295258	0.0999910831451416
46	244.11956596374512	fix_pre	0		120	44.0	2.5	/experiments/knapen_AOT/AOT_stimuli/rescaled_final/1071_fw.mp4	0.0	1524.832281112671	1.000162124633789
46	245.11156296730042	pulse	0	t		44.0	2.5	/experiments/knapen_AOT/AOT_stimuli/rescaled_final/1071_fw.mp4	0.0	1525.8242781162262	
46	245.1197280883789	movie	1		244	44.0	2.5	/experiments/knapen_AOT/AOT_stimuli/rescaled_final/1071_fw.mp4	0.0	1525.8324432373047	2.5087199211120605
46	246.71263194084167	pulse	1	t		44.0	2.5	/experiments/knapen_AOT/AOT_stimuli/rescaled_final/1071_fw.mp4	0.0	1527.4253470897675	
46	247.62844800949097	fix_post	2		12	44.0	2.5	/experiments/knapen_AOT/AOT_stimuli/rescaled_final/1071_fw.mp4	0.0	1528.3411631584167	0.09998703002929688
47	247.72843503952026	fix_pre	0		120	45.0	2.5	/experiments/knapen_AOT/AOT_stimuli/rescaled_final/0670_fw.mp4	0.0	1528.441150188446	1.0001919269561768
47	248.31205487251282	pulse	0	t		45.0	2.5	/experiments/knapen_AOT/AOT_stimuli/rescaled_final/0670_fw.mp4	0.0	1529.0247700214386	
47	248.72862696647644	movie	1		243	45.0	2.5	/experiments/knapen_AOT/AOT_stimuli/rescaled_final/0670_fw.mp4	0.0	1529.4413421154022	2.5003581047058105
47	249.91245293617249	pulse	1	t		45.0	2.5	/experiments/knapen_AOT/AOT_stimuli/rescaled_final/0670_fw.mp4	0.0	1530.6251680850983	
47	251.22898507118225	fix_post	2		12	45.0	2.5	/experiments/knapen_AOT/AOT_stimuli/rescaled_final/0670_fw.mp4	0.0	1531.941700220108	0.10000801086425781
48	251.3289930820465	fix_pre	0		120	46.0	2.5	/experiments/knapen_AOT/AOT_stimuli/rescaled_final/0152_fw.mp4	0.0	1532.0417082309723	1.000152826309204
48	251.51258301734924	pulse	0	t		46.0	2.5	/experiments/knapen_AOT/AOT_stimuli/rescaled_final/0152_fw.mp4	0.0	1532.225298166275	
48	252.3291459083557	movie	1		244	46.0	2.5	/experiments/knapen_AOT/AOT_stimuli/rescaled_final/0152_fw.mp4	0.0	1533.0418610572815	2.500349998474121
48	253.11287808418274	pulse	1	t		46.0	2.5	/experiments/knapen_AOT/AOT_stimuli/rescaled_final/0152_fw.mp4	0.0	1533.8255932331085	
48	254.71306109428406	pulse	1	t		46.0	2.5	/experiments/knapen_AOT/AOT_stimuli/rescaled_final/0152_fw.mp4	0.0	1535.4257762432098	
48	254.82949590682983	fix_post	2		12	46.0	2.5	/experiments/knapen_AOT/AOT_stimuli/rescaled_final/0152_fw.mp4	0.0	1535.5422110557556	0.10002899169921875
49	254.92952489852905	fix_pre	0		120	47.0	2.5	blank	1.0	1535.6422400474548	1.0001451969146729
49	255.92967009544373	movie	1		299	47.0	2.5	blank	1.0	1536.6423852443695	2.492086887359619
49	256.30577993392944	pulse	1	t		47.0	2.5	blank	1.0	1537.0184950828552	
49	257.90595602989197	pulse	1	t		47.0	2.5	blank	1.0	1538.6186711788177	
49	258.42175698280334	fix_post	2		12	47.0	2.5	blank	1.0	1539.1344721317291	0.09998202323913574
50	258.5217390060425	fix_pre	0		120	48.0	2.5	/experiments/knapen_AOT/AOT_stimuli/rescaled_final/1000_rv.mp4	0.0	1539.2344541549683	1.0001130104064941
50	259.5063490867615	pulse	0	t		48.0	2.5	/experiments/knapen_AOT/AOT_stimuli/rescaled_final/1000_rv.mp4	0.0	1540.2190642356873	
50	259.521852016449	movie	1		245	48.0	2.5	/experiments/knapen_AOT/AOT_stimuli/rescaled_final/1000_rv.mp4	0.0	1540.2345671653748	2.50875186920166
50	261.1184890270233	pulse	1	t		48.0	2.5	/experiments/knapen_AOT/AOT_stimuli/rescaled_final/1000_rv.mp4	0.0	1541.831204175949	
50	262.03060388565063	fix_post	2		12	48.0	2.5	/experiments/knapen_AOT/AOT_stimuli/rescaled_final/1000_rv.mp4	0.0	1542.7433190345764	0.10000801086425781
51	262.1306118965149	fix_pre	0		120	49.0	2.5	/experiments/knapen_AOT/AOT_stimuli/rescaled_final/1258_fw.mp4	0.0	1542.8433270454407	1.000154972076416
51	262.70589804649353	pulse	0	t		49.0	2.5	/experiments/knapen_AOT/AOT_stimuli/rescaled_final/1258_fw.mp4	0.0	1543.4186131954193	
51	263.1307668685913	movie	1		244	49.0	2.5	/experiments/knapen_AOT/AOT_stimuli/rescaled_final/1258_fw.mp4	0.0	1543.843482017517	2.50032114982605
51	264.30665707588196	pulse	1	t		49.0	2.5	/experiments/knapen_AOT/AOT_stimuli/rescaled_final/1258_fw.mp4	0.0	1545.0193722248077	
51	265.63108801841736	fix_post	2		12	49.0	2.5	/experiments/knapen_AOT/AOT_stimuli/rescaled_final/1258_fw.mp4	0.0	1546.3438031673431	0.1000518798828125
52	265.73113989830017	fix_pre	0		120	50.0	2.5	/experiments/knapen_AOT/AOT_stimuli/rescaled_final/0223_fw.mp4	0.0	1546.443855047226	1.000136137008667
52	265.9063050746918	pulse	0	t		50.0	2.5	/experiments/knapen_AOT/AOT_stimuli/rescaled_final/0223_fw.mp4	0.0	1546.6190202236176	
52	266.73127603530884	movie	1		243	50.0	2.5	/experiments/knapen_AOT/AOT_stimuli/rescaled_final/0223_fw.mp4	0.0	1547.4439911842346	2.5004098415374756
52	267.50662994384766	pulse	1	t		50.0	2.5	/experiments/knapen_AOT/AOT_stimuli/rescaled_final/0223_fw.mp4	0.0	1548.2193450927734	
52	269.10695695877075	pulse	1	t		50.0	2.5	/experiments/knapen_AOT/AOT_stimuli/rescaled_final/0223_fw.mp4	0.0	1549.8196721076965	
52	269.2316858768463	fix_post	2		12	50.0	2.5	/experiments/knapen_AOT/AOT_stimuli/rescaled_final/0223_fw.mp4	0.0	1549.944401025772	0.09994006156921387
53	269.3316259384155	fix_pre	0		120	51.0	2.5	/experiments/knapen_AOT/AOT_stimuli/rescaled_final/0279_rv.mp4	0.0	1550.0443410873413	1.0002660751342773
53	270.3318920135498	movie	1		243	51.0	2.5	/experiments/knapen_AOT/AOT_stimuli/rescaled_final/0279_rv.mp4	0.0	1551.0446071624756	2.491978883743286
53	270.7071940898895	pulse	1	t		51.0	2.5	/experiments/knapen_AOT/AOT_stimuli/rescaled_final/0279_rv.mp4	0.0	1551.4199092388153	
53	272.30744791030884	pulse	1	t		51.0	2.5	/experiments/knapen_AOT/AOT_stimuli/rescaled_final/0279_rv.mp4	0.0	1553.0201630592346	
53	272.8238708972931	fix_post	2		12	51.0	2.5	/experiments/knapen_AOT/AOT_stimuli/rescaled_final/0279_rv.mp4	0.0	1553.5365860462189	0.09998106956481934
54	272.9238519668579	fix_pre	0		119	52.0	2.5	/experiments/knapen_AOT/AOT_stimuli/rescaled_final/1996_rv.mp4	0.0	1553.6365671157837	0.991840124130249
54	273.9075150489807	pulse	0	t		52.0	2.5	/experiments/knapen_AOT/AOT_stimuli/rescaled_final/1996_rv.mp4	0.0	1554.6202301979065	
54	273.91569209098816	movie	1		245	52.0	2.5	/experiments/knapen_AOT/AOT_stimuli/rescaled_final/1996_rv.mp4	0.0	1554.628407239914	2.5086779594421387
54	275.50828790664673	pulse	1	t		52.0	2.5	/experiments/knapen_AOT/AOT_stimuli/rescaled_final/1996_rv.mp4	0.0	1556.2210030555725	
54	276.4243700504303	fix_post	2		12	52.0	2.5	/experiments/knapen_AOT/AOT_stimuli/rescaled_final/1996_rv.mp4	0.0	1557.137085199356	0.10003781318664551
55	276.52440786361694	fix_pre	0		120	53.0	2.5	/experiments/knapen_AOT/AOT_stimuli/rescaled_final/0241_rv.mp4	0.0	1557.2371230125427	1.0001420974731445
55	277.10813903808594	pulse	0	t		53.0	2.5	/experiments/knapen_AOT/AOT_stimuli/rescaled_final/0241_rv.mp4	0.0	1557.8208541870117	
55	277.5245499610901	movie	1		244	53.0	2.5	/experiments/knapen_AOT/AOT_stimuli/rescaled_final/0241_rv.mp4	0.0	1558.2372651100159	2.5003440380096436
55	278.708349943161	pulse	1	t		53.0	2.5	/experiments/knapen_AOT/AOT_stimuli/rescaled_final/0241_rv.mp4	0.0	1559.4210650920868	
55	280.02489399909973	fix_post	2		12	53.0	2.5	/experiments/knapen_AOT/AOT_stimuli/rescaled_final/0241_rv.mp4	0.0	1560.7376091480255	0.10007095336914062
56	280.1249649524689	fix_pre	0		120	54.0	2.5	/experiments/knapen_AOT/AOT_stimuli/rescaled_final/0312_fw.mp4	0.0	1560.8376801013947	1.0001521110534668
56	280.3084330558777	pulse	0	t		54.0	2.5	/experiments/knapen_AOT/AOT_stimuli/rescaled_final/0312_fw.mp4	0.0	1561.0211482048035	
56	281.12511706352234	movie	1		244	54.0	2.5	/experiments/knapen_AOT/AOT_stimuli/rescaled_final/0312_fw.mp4	0.0	1561.8378322124481	2.5003418922424316
56	281.90881395339966	pulse	1	t		54.0	2.5	/experiments/knapen_AOT/AOT_stimuli/rescaled_final/0312_fw.mp4	0.0	1562.6215291023254	
56	283.5087809562683	pulse	1	t		54.0	2.5	/experiments/knapen_AOT/AOT_stimuli/rescaled_final/0312_fw.mp4	0.0	1564.221496105194	
56	283.62545895576477	fix_post	2		12	54.0	2.5	/experiments/knapen_AOT/AOT_stimuli/rescaled_final/0312_fw.mp4	0.0	1564.3381741046906	0.10006904602050781
57	283.7255280017853	fix_pre	0		119	55.0	2.5	/experiments/knapen_AOT/AOT_stimuli/rescaled_final/1705_fw.mp4	0.0	1564.438243150711	0.991797924041748
57	284.717325925827	movie	1		243	55.0	2.5	/experiments/knapen_AOT/AOT_stimuli/rescaled_final/1705_fw.mp4	0.0	1565.4300410747528	2.500312089920044
57	285.1093740463257	pulse	1	t		55.0	2.5	/experiments/knapen_AOT/AOT_stimuli/rescaled_final/1705_fw.mp4	0.0	1565.8220891952515	
57	286.70943093299866	pulse	1	t		55.0	2.5	/experiments/knapen_AOT/AOT_stimuli/rescaled_final/1705_fw.mp4	0.0	1567.4221460819244	
57	287.21763801574707	fix_post	2		12	55.0	2.5	/experiments/knapen_AOT/AOT_stimuli/rescaled_final/1705_fw.mp4	0.0	1567.9303531646729	0.10003089904785156
58	287.3176689147949	fix_pre	0		120	56.0	2.5	blank	1.0	1568.0303840637207	1.0001649856567383
58	288.3097200393677	pulse	0	t		56.0	2.5	blank	1.0	1569.0224351882935	
58	288.31783390045166	movie	1		301	56.0	2.5	blank	1.0	1569.0305490493774	2.508721113204956
58	289.91000604629517	pulse	1	t		56.0	2.5	blank	1.0	1570.622721195221	
58	290.8265550136566	fix_post	2		12	56.0	2.5	blank	1.0	1571.5392701625824	0.09999299049377441
59	290.9265480041504	fix_pre	0		120	57.0	2.5	/experiments/knapen_AOT/AOT_stimuli/rescaled_final/1337_rv.mp4	0.0	1571.6392631530762	1.0001728534698486
59	291.5102770328522	pulse	0	t		57.0	2.5	/experiments/knapen_AOT/AOT_stimuli/rescaled_final/1337_rv.mp4	0.0	1572.222992181778	
59	291.92672085762024	movie	1		243	57.0	2.5	/experiments/knapen_AOT/AOT_stimuli/rescaled_final/1337_rv.mp4	0.0	1572.639436006546	2.5003561973571777
59	293.11059403419495	pulse	1	t		57.0	2.5	/experiments/knapen_AOT/AOT_stimuli/rescaled_final/1337_rv.mp4	0.0	1573.8233091831207	
59	294.4270770549774	fix_post	2		12	57.0	2.5	/experiments/knapen_AOT/AOT_stimuli/rescaled_final/1337_rv.mp4	0.0	1575.1397922039032	0.10001182556152344
60	294.52708888053894	fix_pre	0		120	58.0	2.5	/experiments/knapen_AOT/AOT_stimuli/rescaled_final/1430_rv.mp4	0.0	1575.2398040294647	1.0002071857452393
60	294.71060585975647	pulse	0	t		58.0	2.5	/experiments/knapen_AOT/AOT_stimuli/rescaled_final/1430_rv.mp4	0.0	1575.4233210086823	
60	295.5272960662842	movie	1		243	58.0	2.5	/experiments/knapen_AOT/AOT_stimuli/rescaled_final/1430_rv.mp4	0.0	1576.24001121521	2.500377893447876
60	296.3110110759735	pulse	1	t		58.0	2.5	/experiments/knapen_AOT/AOT_stimuli/rescaled_final/1430_rv.mp4	0.0	1577.0237262248993	
60	297.90873193740845	pulse	1	t		58.0	2.5	/experiments/knapen_AOT/AOT_stimuli/rescaled_final/1430_rv.mp4	0.0	1578.6214470863342	
60	298.02767395973206	fix_post	2		12	58.0	2.5	/experiments/knapen_AOT/AOT_stimuli/rescaled_final/1430_rv.mp4	0.0	1578.7403891086578	0.09998703002929688
61	298.12766098976135	fix_pre	0		120	59.0	2.5	/experiments/knapen_AOT/AOT_stimuli/rescaled_final/1621_fw.mp4	0.0	1578.8403761386871	1.000154972076416
61	299.12781596183777	movie	1		242	59.0	2.5	/experiments/knapen_AOT/AOT_stimuli/rescaled_final/1621_fw.mp4	0.0	1579.8405311107635	2.492029905319214
61	299.5118749141693	pulse	1	t		59.0	2.5	/experiments/knapen_AOT/AOT_stimuli/rescaled_final/1621_fw.mp4	0.0	1580.224590063095	
61	301.1116600036621	pulse	1	t		59.0	2.5	/experiments/knapen_AOT/AOT_stimuli/rescaled_final/1621_fw.mp4	0.0	1581.824375152588	
61	301.619845867157	fix_post	2		12	59.0	2.5	/experiments/knapen_AOT/AOT_stimuli/rescaled_final/1621_fw.mp4	0.0	1582.3325610160828	0.09998106956481934
62	301.7198269367218	fix_pre	0		120	60.0	2.5	/experiments/knapen_AOT/AOT_stimuli/rescaled_final/1527_rv.mp4	0.0	1582.4325420856476	1.0001559257507324
62	302.71180295944214	pulse	0	t		60.0	2.5	/experiments/knapen_AOT/AOT_stimuli/rescaled_final/1527_rv.mp4	0.0	1583.424518108368	
62	302.71998286247253	movie	1		249	60.0	2.5	/experiments/knapen_AOT/AOT_stimuli/rescaled_final/1527_rv.mp4	0.0	1583.4326980113983	2.5086991786956787
62	304.3127899169922	pulse	1	t		60.0	2.5	/experiments/knapen_AOT/AOT_stimuli/rescaled_final/1527_rv.mp4	0.0	1585.025505065918	
62	305.2286820411682	fix_post	2		12	60.0	2.5	/experiments/knapen_AOT/AOT_stimuli/rescaled_final/1527_rv.mp4	0.0	1585.941397190094	0.10006189346313477
63	305.32874393463135	fix_pre	0		120	61.0	2.5	/experiments/knapen_AOT/AOT_stimuli/rescaled_final/1547_fw.mp4	0.0	1586.0414590835571	1.0000851154327393
63	305.91232895851135	pulse	0	t		61.0	2.5	/experiments/knapen_AOT/AOT_stimuli/rescaled_final/1547_fw.mp4	0.0	1586.6250441074371	
63	306.3288290500641	movie	1		244	61.0	2.5	/experiments/knapen_AOT/AOT_stimuli/rescaled_final/1547_fw.mp4	0.0	1587.0415441989899	2.500380039215088
63	307.5054728984833	pulse	1	t		61.0	2.5	/experiments/knapen_AOT/AOT_stimuli/rescaled_final/1547_fw.mp4	0.0	1588.218188047409	
63	308.8292090892792	fix_post	2		12	61.0	2.5	/experiments/knapen_AOT/AOT_stimuli/rescaled_final/1547_fw.mp4	0.0	1589.541924238205	0.10000777244567871
64	308.92921686172485	fix_pre	0		120	62.0	2.5	/experiments/knapen_AOT/AOT_stimuli/rescaled_final/1903_fw.mp4	0.0	1589.6419320106506	1.0002751350402832
64	309.1128959655762	pulse	0	t		62.0	2.5	/experiments/knapen_AOT/AOT_stimuli/rescaled_final/1903_fw.mp4	0.0	1589.825611114502	
64	309.92949199676514	movie	1		245	62.0	2.5	/experiments/knapen_AOT/AOT_stimuli/rescaled_final/1903_fw.mp4	0.0	1590.642207145691	2.500293016433716
64	310.7056460380554	pulse	1	t		62.0	2.5	/experiments/knapen_AOT/AOT_stimuli/rescaled_final/1903_fw.mp4	0.0	1591.4183611869812	
64	312.3058180809021	pulse	1	t		62.0	2.5	/experiments/knapen_AOT/AOT_stimuli/rescaled_final/1903_fw.mp4	0.0	1593.0185332298279	
64	312.42978501319885	fix_post	2		12	62.0	2.5	/experiments/knapen_AOT/AOT_stimuli/rescaled_final/1903_fw.mp4	0.0	1593.1425001621246	0.09998106956481934
65	312.5297660827637	fix_pre	0		120	63.0	2.5	blank	1.0	1593.2424812316895	1.000140905380249
65	313.5299069881439	movie	1		299	63.0	2.5	blank	1.0	1594.2426221370697	2.492119073867798
65	313.90609192848206	pulse	1	t		63.0	2.5	blank	1.0	1594.6188070774078	
65	315.5061709880829	pulse	1	t		63.0	2.5	blank	1.0	1596.2188861370087	
65	316.0220260620117	fix_post	2		12	63.0	2.5	blank	1.0	1596.7347412109375	0.10005998611450195
66	316.1220860481262	fix_pre	0		119	64.0	2.5	/experiments/knapen_AOT/AOT_stimuli/rescaled_final/0893_rv.mp4	0.0	1596.834801197052	0.9916980266571045
66	317.1056458950043	pulse	0	t		64.0	2.5	/experiments/knapen_AOT/AOT_stimuli/rescaled_final/0893_rv.mp4	0.0	1597.81836104393	
66	317.1137840747833	movie	1		244	64.0	2.5	/experiments/knapen_AOT/AOT_stimuli/rescaled_final/0893_rv.mp4	0.0	1597.826499223709	2.508762836456299
66	318.71049308776855	pulse	1	t		64.0	2.5	/experiments/knapen_AOT/AOT_stimuli/rescaled_final/0893_rv.mp4	0.0	1599.4232082366943	
66	319.6225469112396	fix_post	2		12	64.0	2.5	/experiments/knapen_AOT/AOT_stimuli/rescaled_final/0893_rv.mp4	0.0	1600.3352620601654	0.0999760627746582
67	319.7225229740143	fix_pre	0		120	65.0	2.5	/experiments/knapen_AOT/AOT_stimuli/rescaled_final/1461_fw.mp4	0.0	1600.43523812294	1.000128984451294
67	320.3062119483948	pulse	0	t		65.0	2.5	/experiments/knapen_AOT/AOT_stimuli/rescaled_final/1461_fw.mp4	0.0	1601.0189270973206	
67	320.7226519584656	movie	1		247	65.0	2.5	/experiments/knapen_AOT/AOT_stimuli/rescaled_final/1461_fw.mp4	0.0	1601.4353671073914	2.5004279613494873
67	321.9064600467682	pulse	1	t		65.0	2.5	/experiments/knapen_AOT/AOT_stimuli/rescaled_final/1461_fw.mp4	0.0	1602.619175195694	
67	323.22307991981506	fix_post	2		12	65.0	2.5	/experiments/knapen_AOT/AOT_stimuli/rescaled_final/1461_fw.mp4	0.0	1603.9357950687408	0.10000205039978027
68	323.32308197021484	fix_pre	0		120	66.0	2.5	/experiments/knapen_AOT/AOT_stimuli/rescaled_final/1480_fw.mp4	0.0	1604.0357971191406	1.000108003616333
68	323.50662899017334	pulse	0	t		66.0	2.5	/experiments/knapen_AOT/AOT_stimuli/rescaled_final/1480_fw.mp4	0.0	1604.2193441390991	
68	324.3231899738312	movie	1		244	66.0	2.5	/experiments/knapen_AOT/AOT_stimuli/rescaled_final/1480_fw.mp4	0.0	1605.035905122757	2.5004379749298096
68	325.1068410873413	pulse	1	t		66.0	2.5	/experiments/knapen_AOT/AOT_stimuli/rescaled_final/1480_fw.mp4	0.0	1605.819556236267	
68	326.70730090141296	pulse	1	t		66.0	2.5	/experiments/knapen_AOT/AOT_stimuli/rescaled_final/1480_fw.mp4	0.0	1607.4200160503387	
68	326.823627948761	fix_post	2		12	66.0	2.5	/experiments/knapen_AOT/AOT_stimuli/rescaled_final/1480_fw.mp4	0.0	1607.5363430976868	0.09998011589050293
69	326.9236080646515	fix_pre	0		120	67.0	2.5	/experiments/knapen_AOT/AOT_stimuli/rescaled_final/1430_rv.mp4	0.0	1607.6363232135773	1.0001440048217773
69	327.92375206947327	movie	1		243	67.0	2.5	/experiments/knapen_AOT/AOT_stimuli/rescaled_final/1430_rv.mp4	0.0	1608.636467218399	2.4920029640197754
69	328.3078188896179	pulse	1	t		67.0	2.5	/experiments/knapen_AOT/AOT_stimuli/rescaled_final/1430_rv.mp4	0.0	1609.0205340385437	
69	329.90764904022217	pulse	1	t		67.0	2.5	/experiments/knapen_AOT/AOT_stimuli/rescaled_final/1430_rv.mp4	0.0	1610.620364189148	
69	330.41575503349304	fix_post	2		12	67.0	2.5	/experiments/knapen_AOT/AOT_stimuli/rescaled_final/1430_rv.mp4	0.0	1611.1284701824188	0.10001993179321289
70	330.51577496528625	fix_pre	0		120	68.0	2.5	/experiments/knapen_AOT/AOT_stimuli/rescaled_final/0010_fw.mp4	0.0	1611.228490114212	1.0002410411834717
70	331.5078809261322	pulse	0	t		68.0	2.5	/experiments/knapen_AOT/AOT_stimuli/rescaled_final/0010_fw.mp4	0.0	1612.220596075058	
70	331.5160160064697	movie	1		246	68.0	2.5	/experiments/knapen_AOT/AOT_stimuli/rescaled_final/0010_fw.mp4	0.0	1612.2287311553955	2.508676052093506
70	333.1088218688965	pulse	1	t		68.0	2.5	/experiments/knapen_AOT/AOT_stimuli/rescaled_final/0010_fw.mp4	0.0	1613.8215370178223	
70	334.02469205856323	fix_post	2		12	68.0	2.5	/experiments/knapen_AOT/AOT_stimuli/rescaled_final/0010_fw.mp4	0.0	1614.737407207489	0.10001993179321289
71	334.12471199035645	fix_pre	0		120	69.0	2.5	blank	1.0	1614.8374271392822	1.0000519752502441
71	334.70824003219604	pulse	0	t		69.0	2.5	blank	1.0	1615.4209551811218	
71	335.1247639656067	movie	1		300	69.0	2.5	blank	1.0	1615.8374791145325	2.5004069805145264
71	336.30849599838257	pulse	1	t		69.0	2.5	blank	1.0	1617.0212111473083	
71	337.6251709461212	fix_post	2		12	69.0	2.5	blank	1.0	1618.337886095047	0.10005807876586914
72	337.7252290248871	fix_pre	0		120	70.0	2.5	/experiments/knapen_AOT/AOT_stimuli/rescaled_final/1341_fw.mp4	0.0	1618.4379441738129	1.0001158714294434
72	337.90882396698	pulse	0	t		70.0	2.5	/experiments/knapen_AOT/AOT_stimuli/rescaled_final/1341_fw.mp4	0.0	1618.6215391159058	
72	338.7253448963165	movie	1		245	70.0	2.5	/experiments/knapen_AOT/AOT_stimuli/rescaled_final/1341_fw.mp4	0.0	1619.4380600452423	2.5003859996795654
72	339.50902104377747	pulse	1	t		70.0	2.5	/experiments/knapen_AOT/AOT_stimuli/rescaled_final/1341_fw.mp4	0.0	1620.2217361927032	
72	341.1068868637085	pulse	1	t		70.0	2.5	/experiments/knapen_AOT/AOT_stimuli/rescaled_final/1341_fw.mp4	0.0	1621.8196020126343	
72	341.2257308959961	fix_post	2		12	70.0	2.5	/experiments/knapen_AOT/AOT_stimuli/rescaled_final/1341_fw.mp4	0.0	1621.9384460449219	0.1000680923461914
73	341.3257989883423	fix_pre	0		120	71.0	2.5	/experiments/knapen_AOT/AOT_stimuli/rescaled_final/1984_rv.mp4	0.0	1622.038514137268	1.000093936920166
73	342.32589292526245	movie	1		244	71.0	2.5	/experiments/knapen_AOT/AOT_stimuli/rescaled_final/1984_rv.mp4	0.0	1623.0386080741882	2.491981029510498
73	342.7099668979645	pulse	1	t		71.0	2.5	/experiments/knapen_AOT/AOT_stimuli/rescaled_final/1984_rv.mp4	0.0	1623.4226820468903	
73	344.3098180294037	pulse	1	t		71.0	2.5	/experiments/knapen_AOT/AOT_stimuli/rescaled_final/1984_rv.mp4	0.0	1625.0225331783295	
73	344.81787395477295	fix_post	2		12	71.0	2.5	/experiments/knapen_AOT/AOT_stimuli/rescaled_final/1984_rv.mp4	0.0	1625.5305891036987	0.10004496574401855
74	344.91791892051697	fix_pre	0		120	72.0	2.5	/experiments/knapen_AOT/AOT_stimuli/rescaled_final/0305_rv.mp4	0.0	1625.6306340694427	1.000157117843628
74	345.91005396842957	pulse	0	t		72.0	2.5	/experiments/knapen_AOT/AOT_stimuli/rescaled_final/0305_rv.mp4	0.0	1626.6227691173553	
74	345.9180760383606	movie	1		245	72.0	2.5	/experiments/knapen_AOT/AOT_stimuli/rescaled_final/0305_rv.mp4	0.0	1626.6307911872864	2.5087339878082275
74	347.51096296310425	pulse	1	t		72.0	2.5	/experiments/knapen_AOT/AOT_stimuli/rescaled_final/0305_rv.mp4	0.0	1628.22367811203	
74	348.4268100261688	fix_post	2		12	72.0	2.5	/experiments/knapen_AOT/AOT_stimuli/rescaled_final/0305_rv.mp4	0.0	1629.1395251750946	0.09999394416809082
75	348.5268039703369	fix_pre	0		120	73.0	2.5	/experiments/knapen_AOT/AOT_stimuli/rescaled_final/1493_rv.mp4	0.0	1629.2395191192627	1.0002059936523438
75	349.11039686203003	pulse	0	t		73.0	2.5	/experiments/knapen_AOT/AOT_stimuli/rescaled_final/1493_rv.mp4	0.0	1629.8231120109558	
75	349.52700996398926	movie	1		245	73.0	2.5	/experiments/knapen_AOT/AOT_stimuli/rescaled_final/1493_rv.mp4	0.0	1630.239725112915	2.5002710819244385
75	350.71077704429626	pulse	1	t		73.0	2.5	/experiments/knapen_AOT/AOT_stimuli/rescaled_final/1493_rv.mp4	0.0	1631.423492193222	
75	352.0272810459137	fix_post	2		12	73.0	2.5	/experiments/knapen_AOT/AOT_stimuli/rescaled_final/1493_rv.mp4	0.0	1632.7399961948395	0.10005593299865723
76	352.12733697891235	fix_pre	0		120	74.0	2.5	/experiments/knapen_AOT/AOT_stimuli/rescaled_final/0484_rv.mp4	0.0	1632.8400521278381	1.000154972076416
76	352.3110010623932	pulse	0	t		74.0	2.5	/experiments/knapen_AOT/AOT_stimuli/rescaled_final/0484_rv.mp4	0.0	1633.023716211319	
76	353.12749195098877	movie	1		245	74.0	2.5	/experiments/knapen_AOT/AOT_stimuli/rescaled_final/0484_rv.mp4	0.0	1633.8402070999146	2.5004451274871826
76	353.9111669063568	pulse	1	t		74.0	2.5	/experiments/knapen_AOT/AOT_stimuli/rescaled_final/0484_rv.mp4	0.0	1634.6238820552826	
76	355.50899386405945	pulse	1	t		74.0	2.5	/experiments/knapen_AOT/AOT_stimuli/rescaled_final/0484_rv.mp4	0.0	1636.2217090129852	
76	355.62793707847595	fix_post	2		12	74.0	2.5	/experiments/knapen_AOT/AOT_stimuli/rescaled_final/0484_rv.mp4	0.0	1636.3406522274017	0.09993886947631836
77	355.72787594795227	fix_pre	0		119	75.0	2.5	blank	1.0	1636.440591096878	1.000157117843628
77	356.7280330657959	movie	1		299	75.0	2.5	blank	1.0	1637.4407482147217	2.4920318126678467
77	357.11165499687195	pulse	1	t		75.0	2.5	blank	1.0	1637.8243701457977	
77	358.71191787719727	pulse	1	t		75.0	2.5	blank	1.0	1639.424633026123	
77	359.22006487846375	fix_post	2		12	75.0	2.5	blank	1.0	1639.9327800273895	0.1000070571899414
78	359.3200719356537	fix_pre	0		120	76.0	2.5	/experiments/knapen_AOT/AOT_stimuli/rescaled_final/0874_fw.mp4	0.0	1640.0327870845795	1.0001320838928223
78	360.3120858669281	pulse	0	t		76.0	2.5	/experiments/knapen_AOT/AOT_stimuli/rescaled_final/0874_fw.mp4	0.0	1641.0248010158539	
78	360.3202040195465	movie	1		245	76.0	2.5	/experiments/knapen_AOT/AOT_stimuli/rescaled_final/0874_fw.mp4	0.0	1641.0329191684723	2.508746862411499
78	361.91305208206177	pulse	1	t		76.0	2.5	/experiments/knapen_AOT/AOT_stimuli/rescaled_final/0874_fw.mp4	0.0	1642.6257672309875	
78	362.828950881958	fix_post	2		12	76.0	2.5	/experiments/knapen_AOT/AOT_stimuli/rescaled_final/0874_fw.mp4	0.0	1643.5416660308838	0.10000014305114746
79	362.92895102500916	fix_pre	0		120	77.0	2.5	/experiments/knapen_AOT/AOT_stimuli/rescaled_final/0333_fw.mp4	0.0	1643.641666173935	1.0001790523529053
79	363.51260900497437	pulse	0	t		77.0	2.5	/experiments/knapen_AOT/AOT_stimuli/rescaled_final/0333_fw.mp4	0.0	1644.2253241539001	
79	363.92913007736206	movie	1		245	77.0	2.5	/experiments/knapen_AOT/AOT_stimuli/rescaled_final/0333_fw.mp4	0.0	1644.6418452262878	2.5003159046173096
79	365.1090018749237	pulse	1	t		77.0	2.5	/experiments/knapen_AOT/AOT_stimuli/rescaled_final/0333_fw.mp4	0.0	1645.8217170238495	
79	366.42944598197937	fix_post	2		12	77.0	2.5	/experiments/knapen_AOT/AOT_stimuli/rescaled_final/0333_fw.mp4	0.0	1647.1421611309052	0.10004401206970215
80	366.5294899940491	fix_pre	0		120	78.0	2.5	/experiments/knapen_AOT/AOT_stimuli/rescaled_final/1854_rv.mp4	0.0	1647.2422051429749	1.000140905380249
80	366.71319103240967	pulse	0	t		78.0	2.5	/experiments/knapen_AOT/AOT_stimuli/rescaled_final/1854_rv.mp4	0.0	1647.4259061813354	
80	367.5296308994293	movie	1		243	78.0	2.5	/experiments/knapen_AOT/AOT_stimuli/rescaled_final/1854_rv.mp4	0.0	1648.242346048355	2.500408172607422
80	368.30606603622437	pulse	1	t		78.0	2.5	/experiments/knapen_AOT/AOT_stimuli/rescaled_final/1854_rv.mp4	0.0	1649.0187811851501	
80	369.9135220050812	pulse	1	t		78.0	2.5	/experiments/knapen_AOT/AOT_stimuli/rescaled_final/1854_rv.mp4	0.0	1650.626237154007	
80	370.03003907203674	fix_post	2		12	78.0	2.5	/experiments/knapen_AOT/AOT_stimuli/rescaled_final/1854_rv.mp4	0.0	1650.7427542209625	0.10000896453857422
81	370.1300480365753	fix_pre	0		119	79.0	2.5	/experiments/knapen_AOT/AOT_stimuli/rescaled_final/0629_fw.mp4	0.0	1650.842763185501	0.9917738437652588
81	371.1218218803406	movie	1		246	79.0	2.5	/experiments/knapen_AOT/AOT_stimuli/rescaled_final/0629_fw.mp4	0.0	1651.8345370292664	2.5003890991210938
81	371.5098559856415	pulse	1	t		79.0	2.5	/experiments/knapen_AOT/AOT_stimuli/rescaled_final/0629_fw.mp4	0.0	1652.2225711345673	
81	373.1065468788147	pulse	1	t		79.0	2.5	/experiments/knapen_AOT/AOT_stimuli/rescaled_final/0629_fw.mp4	0.0	1653.8192620277405	
81	373.62221097946167	fix_post	2		12	79.0	2.5	/experiments/knapen_AOT/AOT_stimuli/rescaled_final/0629_fw.mp4	0.0	1654.3349261283875	0.10002803802490234
82	373.7222390174866	fix_pre	0		120	80.0	2.5	/experiments/knapen_AOT/AOT_stimuli/rescaled_final/1318_rv.mp4	0.0	1654.4349541664124	1.0001270771026611
82	374.70678186416626	pulse	0	t		80.0	2.5	/experiments/knapen_AOT/AOT_stimuli/rescaled_final/1318_rv.mp4	0.0	1655.419497013092	
82	374.72236609458923	movie	1		255	80.0	2.5	/experiments/knapen_AOT/AOT_stimuli/rescaled_final/1318_rv.mp4	0.0	1655.435081243515	2.508741855621338
82	376.31477999687195	pulse	1	t		80.0	2.5	/experiments/knapen_AOT/AOT_stimuli/rescaled_final/1318_rv.mp4	0.0	1657.0274951457977	
82	377.23110795021057	fix_post	2		12	80.0	2.5	/experiments/knapen_AOT/AOT_stimuli/rescaled_final/1318_rv.mp4	0.0	1657.9438230991364	0.09997296333312988
83	377.3310809135437	fix_pre	0		120	81.0	2.5	/experiments/knapen_AOT/AOT_stimuli/rescaled_final/2132_rv.mp4	0.0	1658.0437960624695	1.0001909732818604
83	377.9064259529114	pulse	0	t		81.0	2.5	/experiments/knapen_AOT/AOT_stimuli/rescaled_final/2132_rv.mp4	0.0	1658.6191411018372	
83	378.33127188682556	movie	1		245	81.0	2.5	/experiments/knapen_AOT/AOT_stimuli/rescaled_final/2132_rv.mp4	0.0	1659.0439870357513	2.5003151893615723
83	379.5075719356537	pulse	1	t		81.0	2.5	/experiments/knapen_AOT/AOT_stimuli/rescaled_final/2132_rv.mp4	0.0	1660.2202870845795	
83	380.83158707618713	fix_post	2		12	81.0	2.5	/experiments/knapen_AOT/AOT_stimuli/rescaled_final/2132_rv.mp4	0.0	1661.544302225113	0.10005497932434082
84	380.9316420555115	fix_pre	0		120	82.0	2.5	/experiments/knapen_AOT/AOT_stimuli/rescaled_final/1226_rv.mp4	0.0	1661.6443572044373	1.0001239776611328
84	381.1069450378418	pulse	0	t		82.0	2.5	/experiments/knapen_AOT/AOT_stimuli/rescaled_final/1226_rv.mp4	0.0	1661.8196601867676	
84	381.9317660331726	movie	1		245	82.0	2.5	/experiments/knapen_AOT/AOT_stimuli/rescaled_final/1226_rv.mp4	0.0	1662.6444811820984	2.5003998279571533
84	382.70715403556824	pulse	1	t		82.0	2.5	/experiments/knapen_AOT/AOT_stimuli/rescaled_final/1226_rv.mp4	0.0	1663.419869184494	
84	384.3073709011078	pulse	1	t		82.0	2.5	/experiments/knapen_AOT/AOT_stimuli/rescaled_final/1226_rv.mp4	0.0	1665.0200860500336	
84	384.43216586112976	fix_post	2		12	82.0	2.5	/experiments/knapen_AOT/AOT_stimuli/rescaled_final/1226_rv.mp4	0.0	1665.1448810100555	0.09999418258666992
85	384.53216004371643	fix_pre	0		119	83.0	2.5	blank	1.0	1665.2448751926422	0.9918160438537598
85	385.5239760875702	movie	1		300	83.0	2.5	blank	1.0	1666.236691236496	2.5003809928894043
85	385.90750098228455	pulse	1	t		83.0	2.5	blank	1.0	1666.6202161312103	
85	387.5077738761902	pulse	1	t		83.0	2.5	blank	1.0	1668.220489025116	
85	388.0243570804596	fix_post	2		12	83.0	2.5	blank	1.0	1668.7370722293854	0.10001683235168457
87	388.1243739128113	stim	0		1716					1668.837089061737	14.302189111709595
87	389.10803508758545	pulse	0	t						1669.8207502365112	
87	390.7082679271698	pulse	0	t						1671.4209830760956	
87	392.30841994285583	pulse	0	t						1673.0211350917816	
87	393.9087290763855	pulse	0	t						1674.6214442253113	
87	395.5090329647064	pulse	0	t						1676.2217481136322	
87	397.1092748641968	pulse	0	t						1677.8219900131226	
87	398.7094020843506	pulse	0	t						1679.4221172332764	
87	400.30962800979614	pulse	0	t						1681.022343158722	
87	401.9098958969116	pulse	0	t						1682.6226110458374	
