trial_nr	onset	event_type	phase	response	nr_frames	movie_index	movie_duration	movie_file	blank	onset_abs	duration
0	0.20815491676330566	stim	0		105					23.12045979499817	0.8835721015930176
0	1.0834519863128662	response	0	space						23.99575686454773	
1	1.0917270183563232	stim	0		4737					24.004031896591187	39.49153995513916
1	40.57327103614807	pulse	0	t						63.485575914382935	
1	40.58326697349548	stim	1		1715					63.49557185173035	14.299736976623535
1	42.16461801528931	pulse	1	t						65.07692289352417	
1	43.764806032180786	pulse	1	t						66.67711091041565	
1	45.36500096321106	pulse	1	t						68.27730584144592	
1	46.96542406082153	pulse	1	t						69.8777289390564	
1	48.56554698944092	pulse	1	t						71.47785186767578	
1	50.16577696800232	pulse	1	t						73.07808184623718	
1	51.76605486869812	pulse	1	t						74.67835974693298	
1	53.36627388000488	pulse	1	t						76.27857875823975	
2	54.88300395011902	fix_pre	0		11	0.0	2.5	/experiments/knapen_AOT/AOT_stimuli/rescaled_final/0488_rv.mp4	0.0	77.79530882835388	0.09160804748535156
2	54.96661901473999	pulse	0	t		0.0	2.5	/experiments/knapen_AOT/AOT_stimuli/rescaled_final/0488_rv.mp4	0.0	77.87892389297485	
2	54.97461199760437	movie	1		244	0.0	2.5	/experiments/knapen_AOT/AOT_stimuli/rescaled_final/0488_rv.mp4	0.0	77.88691687583923	2.508729934692383
2	56.56772994995117	pulse	1	t		0.0	2.5	/experiments/knapen_AOT/AOT_stimuli/rescaled_final/0488_rv.mp4	0.0	79.48003482818604	
2	57.48334193229675	fix_post	2		12	0.0	2.5	/experiments/knapen_AOT/AOT_stimuli/rescaled_final/0488_rv.mp4	0.0	80.39564681053162	0.1000370979309082
3	57.58337903022766	fix_pre	0		120	1.0	2.5	/experiments/knapen_AOT/AOT_stimuli/rescaled_final/0641_fw.mp4	0.0	80.49568390846252	1.000182867050171
3	58.167036056518555	pulse	0	t		1.0	2.5	/experiments/knapen_AOT/AOT_stimuli/rescaled_final/0641_fw.mp4	0.0	81.07934093475342	
3	58.58356189727783	movie	1		244	1.0	2.5	/experiments/knapen_AOT/AOT_stimuli/rescaled_final/0641_fw.mp4	0.0	81.4958667755127	2.5003199577331543
3	59.76742100715637	pulse	1	t		1.0	2.5	/experiments/knapen_AOT/AOT_stimuli/rescaled_final/0641_fw.mp4	0.0	82.67972588539124	
3	61.083881855010986	fix_post	2		12	1.0	2.5	/experiments/knapen_AOT/AOT_stimuli/rescaled_final/0641_fw.mp4	0.0	83.99618673324585	0.10002899169921875
4	61.183910846710205	fix_pre	0		120	2.0	2.5	/experiments/knapen_AOT/AOT_stimuli/rescaled_final/1159_rv.mp4	0.0	84.09621572494507	1.0002121925354004
4	61.36756086349487	pulse	0	t		2.0	2.5	/experiments/knapen_AOT/AOT_stimuli/rescaled_final/1159_rv.mp4	0.0	84.27986574172974	
4	62.184123039245605	movie	1		244	2.0	2.5	/experiments/knapen_AOT/AOT_stimuli/rescaled_final/1159_rv.mp4	0.0	85.09642791748047	2.5003058910369873
4	62.96774888038635	pulse	1	t		2.0	2.5	/experiments/knapen_AOT/AOT_stimuli/rescaled_final/1159_rv.mp4	0.0	85.88005375862122	
4	64.56810402870178	pulse	1	t		2.0	2.5	/experiments/knapen_AOT/AOT_stimuli/rescaled_final/1159_rv.mp4	0.0	87.48040890693665	
4	64.68442893028259	fix_post	2		12	2.0	2.5	/experiments/knapen_AOT/AOT_stimuli/rescaled_final/1159_rv.mp4	0.0	87.59673380851746	0.10004997253417969
5	64.78447890281677	fix_pre	0		120	3.0	2.5	/experiments/knapen_AOT/AOT_stimuli/rescaled_final/1219_fw.mp4	0.0	87.69678378105164	1.0001089572906494
5	65.78458786010742	movie	1		244	3.0	2.5	/experiments/knapen_AOT/AOT_stimuli/rescaled_final/1219_fw.mp4	0.0	88.69689273834229	2.492070198059082
5	66.1721670627594	pulse	1	t		3.0	2.5	/experiments/knapen_AOT/AOT_stimuli/rescaled_final/1219_fw.mp4	0.0	89.08447194099426	
5	67.76852893829346	pulse	1	t		3.0	2.5	/experiments/knapen_AOT/AOT_stimuli/rescaled_final/1219_fw.mp4	0.0	90.68083381652832	
5	68.2766580581665	fix_post	2		12	3.0	2.5	/experiments/knapen_AOT/AOT_stimuli/rescaled_final/1219_fw.mp4	0.0	91.18896293640137	0.10000896453857422
6	68.37666702270508	fix_pre	0		120	4.0	2.5	/experiments/knapen_AOT/AOT_stimuli/rescaled_final/0488_rv.mp4	0.0	91.28897190093994	1.0001499652862549
6	69.36869192123413	pulse	0	t		4.0	2.5	/experiments/knapen_AOT/AOT_stimuli/rescaled_final/0488_rv.mp4	0.0	92.280996799469	
6	69.37681698799133	movie	1		245	4.0	2.5	/experiments/knapen_AOT/AOT_stimuli/rescaled_final/0488_rv.mp4	0.0	92.2891218662262	2.508730888366699
6	70.96936893463135	pulse	1	t		4.0	2.5	/experiments/knapen_AOT/AOT_stimuli/rescaled_final/0488_rv.mp4	0.0	93.88167381286621	
6	71.88554787635803	fix_post	2		12	4.0	2.5	/experiments/knapen_AOT/AOT_stimuli/rescaled_final/0488_rv.mp4	0.0	94.7978527545929	0.10002899169921875
7	71.98557686805725	fix_pre	0		120	5.0	2.5	blank	1.0	94.89788174629211	1.0001220703125
7	72.56916689872742	pulse	0	t		5.0	2.5	blank	1.0	95.48147177696228	
7	72.98569893836975	movie	1		300	5.0	2.5	blank	1.0	95.89800381660461	2.5003650188446045
7	74.16947388648987	pulse	1	t		5.0	2.5	blank	1.0	97.08177876472473	
7	75.48606395721436	fix_post	2		12	5.0	2.5	blank	1.0	98.39836883544922	0.10016703605651855
8	75.58623099327087	fix_pre	0		120	6.0	2.5	/experiments/knapen_AOT/AOT_stimuli/rescaled_final/2102_fw.mp4	0.0	98.49853587150574	1.0000109672546387
8	75.76978206634521	pulse	0	t		6.0	2.5	/experiments/knapen_AOT/AOT_stimuli/rescaled_final/2102_fw.mp4	0.0	98.68208694458008	
8	76.58624196052551	movie	1		244	6.0	2.5	/experiments/knapen_AOT/AOT_stimuli/rescaled_final/2102_fw.mp4	0.0	99.49854683876038	2.50040602684021
8	77.36993885040283	pulse	1	t		6.0	2.5	/experiments/knapen_AOT/AOT_stimuli/rescaled_final/2102_fw.mp4	0.0	100.2822437286377	
8	78.9701099395752	pulse	1	t		6.0	2.5	/experiments/knapen_AOT/AOT_stimuli/rescaled_final/2102_fw.mp4	0.0	101.88241481781006	
8	79.08664798736572	fix_post	2		12	6.0	2.5	/experiments/knapen_AOT/AOT_stimuli/rescaled_final/2102_fw.mp4	0.0	101.99895286560059	0.09998297691345215
9	79.18663096427917	fix_pre	0		119	7.0	2.5	/experiments/knapen_AOT/AOT_stimuli/rescaled_final/1802_fw.mp4	0.0	102.09893584251404	0.991818904876709
9	80.17844986915588	movie	1		243	7.0	2.5	/experiments/knapen_AOT/AOT_stimuli/rescaled_final/1802_fw.mp4	0.0	103.09075474739075	2.5004031658172607
9	80.57052302360535	pulse	1	t		7.0	2.5	/experiments/knapen_AOT/AOT_stimuli/rescaled_final/1802_fw.mp4	0.0	103.48282790184021	
9	82.1631908416748	pulse	1	t		7.0	2.5	/experiments/knapen_AOT/AOT_stimuli/rescaled_final/1802_fw.mp4	0.0	105.07549571990967	
9	82.67885303497314	fix_post	2		12	7.0	2.5	/experiments/knapen_AOT/AOT_stimuli/rescaled_final/1802_fw.mp4	0.0	105.59115791320801	0.09996795654296875
10	82.77882099151611	fix_pre	0		120	8.0	2.5	/experiments/knapen_AOT/AOT_stimuli/rescaled_final/1174_rv.mp4	0.0	105.69112586975098	1.0001568794250488
10	83.76342701911926	pulse	0	t		8.0	2.5	/experiments/knapen_AOT/AOT_stimuli/rescaled_final/1174_rv.mp4	0.0	106.67573189735413	
10	83.77897787094116	movie	1		244	8.0	2.5	/experiments/knapen_AOT/AOT_stimuli/rescaled_final/1174_rv.mp4	0.0	106.69128274917603	2.508697986602783
10	85.37147784233093	pulse	1	t		8.0	2.5	/experiments/knapen_AOT/AOT_stimuli/rescaled_final/1174_rv.mp4	0.0	108.2837827205658	
10	86.28767585754395	fix_post	2		12	8.0	2.5	/experiments/knapen_AOT/AOT_stimuli/rescaled_final/1174_rv.mp4	0.0	109.19998073577881	0.10001802444458008
11	86.38769388198853	fix_pre	0		120	9.0	2.5	/experiments/knapen_AOT/AOT_stimuli/rescaled_final/0670_fw.mp4	0.0	109.29999876022339	1.000175952911377
11	86.963045835495	pulse	0	t		9.0	2.5	/experiments/knapen_AOT/AOT_stimuli/rescaled_final/0670_fw.mp4	0.0	109.87535071372986	
11	87.3878698348999	movie	1		243	9.0	2.5	/experiments/knapen_AOT/AOT_stimuli/rescaled_final/0670_fw.mp4	0.0	110.30017471313477	2.5003821849823
11	88.56381797790527	pulse	1	t		9.0	2.5	/experiments/knapen_AOT/AOT_stimuli/rescaled_final/0670_fw.mp4	0.0	111.47612285614014	
11	89.8882520198822	fix_post	2		12	9.0	2.5	/experiments/knapen_AOT/AOT_stimuli/rescaled_final/0670_fw.mp4	0.0	112.80055689811707	0.10002994537353516
12	89.98828196525574	fix_pre	0		120	10.0	2.5	/experiments/knapen_AOT/AOT_stimuli/rescaled_final/1481_fw.mp4	0.0	112.9005868434906	1.0001640319824219
12	90.16351795196533	pulse	0	t		10.0	2.5	/experiments/knapen_AOT/AOT_stimuli/rescaled_final/1481_fw.mp4	0.0	113.0758228302002	
12	90.98844599723816	movie	1		243	10.0	2.5	/experiments/knapen_AOT/AOT_stimuli/rescaled_final/1481_fw.mp4	0.0	113.90075087547302	2.5003068447113037
12	91.7637870311737	pulse	1	t		10.0	2.5	/experiments/knapen_AOT/AOT_stimuli/rescaled_final/1481_fw.mp4	0.0	114.67609190940857	
12	93.36399102210999	pulse	1	t		10.0	2.5	/experiments/knapen_AOT/AOT_stimuli/rescaled_final/1481_fw.mp4	0.0	116.27629590034485	
12	93.48875284194946	fix_post	2		9	10.0	2.5	/experiments/knapen_AOT/AOT_stimuli/rescaled_final/1481_fw.mp4	0.0	116.40105772018433	0.10006213188171387
13	93.58881497383118	fix_pre	0		119	11.0	2.5	/experiments/knapen_AOT/AOT_stimuli/rescaled_final/1415_fw.mp4	0.0	116.50111985206604	0.9917840957641602
13	94.58059906959534	movie	1		243	11.0	2.5	/experiments/knapen_AOT/AOT_stimuli/rescaled_final/1415_fw.mp4	0.0	117.4929039478302	2.5003719329833984
13	94.96473288536072	pulse	1	t		11.0	2.5	/experiments/knapen_AOT/AOT_stimuli/rescaled_final/1415_fw.mp4	0.0	117.87703776359558	
13	96.56448101997375	pulse	1	t		11.0	2.5	/experiments/knapen_AOT/AOT_stimuli/rescaled_final/1415_fw.mp4	0.0	119.47678589820862	
13	97.08097100257874	fix_post	2		12	11.0	2.5	/experiments/knapen_AOT/AOT_stimuli/rescaled_final/1415_fw.mp4	0.0	119.9932758808136	0.10003304481506348
14	97.1810040473938	fix_pre	0		119	12.0	2.5	/experiments/knapen_AOT/AOT_stimuli/rescaled_final/1335_rv.mp4	0.0	120.09330892562866	0.9917948246002197
14	98.16463303565979	pulse	0	t		12.0	2.5	/experiments/knapen_AOT/AOT_stimuli/rescaled_final/1335_rv.mp4	0.0	121.07693791389465	
14	98.17279887199402	movie	1		245	12.0	2.5	/experiments/knapen_AOT/AOT_stimuli/rescaled_final/1335_rv.mp4	0.0	121.08510375022888	2.5087270736694336
14	99.76539087295532	pulse	1	t		12.0	2.5	/experiments/knapen_AOT/AOT_stimuli/rescaled_final/1335_rv.mp4	0.0	122.67769575119019	
14	100.68152594566345	fix_post	2		12	12.0	2.5	/experiments/knapen_AOT/AOT_stimuli/rescaled_final/1335_rv.mp4	0.0	123.59383082389832	0.10001111030578613
15	100.78153705596924	fix_pre	0		120	13.0	2.5	/experiments/knapen_AOT/AOT_stimuli/rescaled_final/0807_rv.mp4	0.0	123.6938419342041	1.0001637935638428
15	101.36514091491699	pulse	0	t		13.0	2.5	/experiments/knapen_AOT/AOT_stimuli/rescaled_final/0807_rv.mp4	0.0	124.27744579315186	
15	101.78170084953308	movie	1		243	13.0	2.5	/experiments/knapen_AOT/AOT_stimuli/rescaled_final/0807_rv.mp4	0.0	124.69400572776794	2.500324010848999
15	102.96555089950562	pulse	1	t		13.0	2.5	/experiments/knapen_AOT/AOT_stimuli/rescaled_final/0807_rv.mp4	0.0	125.87785577774048	
15	104.28202486038208	fix_post	2		12	13.0	2.5	/experiments/knapen_AOT/AOT_stimuli/rescaled_final/0807_rv.mp4	0.0	127.19432973861694	0.10002899169921875
16	104.3820538520813	fix_pre	0		120	14.0	2.5	blank	1.0	127.29435873031616	1.0001800060272217
16	104.56578493118286	pulse	0	t		14.0	2.5	blank	1.0	127.47808980941772	
16	105.38223385810852	movie	1		300	14.0	2.5	blank	1.0	128.29453873634338	2.5004642009735107
16	106.16599297523499	pulse	1	t		14.0	2.5	blank	1.0	129.07829785346985	
16	107.76608800888062	pulse	1	t		14.0	2.5	blank	1.0	130.67839288711548	
16	107.88269805908203	fix_post	2		12	14.0	2.5	blank	1.0	130.7950029373169	0.09988880157470703
17	107.98258686065674	fix_pre	0		120	15.0	2.5	/experiments/knapen_AOT/AOT_stimuli/rescaled_final/1000_rv.mp4	0.0	130.8948917388916	1.0001580715179443
17	108.98274493217468	movie	1		244	15.0	2.5	/experiments/knapen_AOT/AOT_stimuli/rescaled_final/1000_rv.mp4	0.0	131.89504981040955	2.492042064666748
17	109.36667203903198	pulse	1	t		15.0	2.5	/experiments/knapen_AOT/AOT_stimuli/rescaled_final/1000_rv.mp4	0.0	132.27897691726685	
17	110.96657299995422	pulse	1	t		15.0	2.5	/experiments/knapen_AOT/AOT_stimuli/rescaled_final/1000_rv.mp4	0.0	133.8788778781891	
17	111.47478699684143	fix_post	2		12	15.0	2.5	/experiments/knapen_AOT/AOT_stimuli/rescaled_final/1000_rv.mp4	0.0	134.3870918750763	0.10001993179321289
18	111.57480692863464	fix_pre	0		120	16.0	2.5	/experiments/knapen_AOT/AOT_stimuli/rescaled_final/2132_fw.mp4	0.0	134.4871118068695	1.0001640319824219
18	112.56697607040405	pulse	0	t		16.0	2.5	/experiments/knapen_AOT/AOT_stimuli/rescaled_final/2132_fw.mp4	0.0	135.47928094863892	
18	112.57497096061707	movie	1		244	16.0	2.5	/experiments/knapen_AOT/AOT_stimuli/rescaled_final/2132_fw.mp4	0.0	135.48727583885193	2.5087170600891113
18	114.16764402389526	pulse	1	t		16.0	2.5	/experiments/knapen_AOT/AOT_stimuli/rescaled_final/2132_fw.mp4	0.0	137.07994890213013	
18	115.08368802070618	fix_post	2		12	16.0	2.5	/experiments/knapen_AOT/AOT_stimuli/rescaled_final/2132_fw.mp4	0.0	137.99599289894104	0.10000085830688477
19	115.18368887901306	fix_pre	0		120	17.0	2.5	/experiments/knapen_AOT/AOT_stimuli/rescaled_final/0709_fw.mp4	0.0	138.09599375724792	1.000162124633789
19	115.7673499584198	pulse	0	t		17.0	2.5	/experiments/knapen_AOT/AOT_stimuli/rescaled_final/0709_fw.mp4	0.0	138.67965483665466	
19	116.18385100364685	movie	1		243	17.0	2.5	/experiments/knapen_AOT/AOT_stimuli/rescaled_final/0709_fw.mp4	0.0	139.0961558818817	2.5003528594970703
19	117.36773204803467	pulse	1	t		17.0	2.5	/experiments/knapen_AOT/AOT_stimuli/rescaled_final/0709_fw.mp4	0.0	140.28003692626953	
19	118.68420386314392	fix_post	2		12	17.0	2.5	/experiments/knapen_AOT/AOT_stimuli/rescaled_final/0709_fw.mp4	0.0	141.59650874137878	0.100006103515625
20	118.78420996665955	fix_pre	0		120	18.0	2.5	/experiments/knapen_AOT/AOT_stimuli/rescaled_final/1777_fw.mp4	0.0	141.6965148448944	1.0002598762512207
20	118.96792387962341	pulse	0	t		18.0	2.5	/experiments/knapen_AOT/AOT_stimuli/rescaled_final/1777_fw.mp4	0.0	141.88022875785828	
20	119.78446984291077	movie	1		245	18.0	2.5	/experiments/knapen_AOT/AOT_stimuli/rescaled_final/1777_fw.mp4	0.0	142.69677472114563	2.5003280639648438
20	120.56807589530945	pulse	1	t		18.0	2.5	/experiments/knapen_AOT/AOT_stimuli/rescaled_final/1777_fw.mp4	0.0	143.4803807735443	
20	122.16595888137817	pulse	1	t		18.0	2.5	/experiments/knapen_AOT/AOT_stimuli/rescaled_final/1777_fw.mp4	0.0	145.07826375961304	
20	122.28479790687561	fix_post	2		12	18.0	2.5	/experiments/knapen_AOT/AOT_stimuli/rescaled_final/1777_fw.mp4	0.0	145.19710278511047	0.09997105598449707
21	122.38476896286011	fix_pre	0		120	19.0	2.5	/experiments/knapen_AOT/AOT_stimuli/rescaled_final/0619_fw.mp4	0.0	145.29707384109497	1.0001180171966553
21	123.38488698005676	movie	1		242	19.0	2.5	/experiments/knapen_AOT/AOT_stimuli/rescaled_final/0619_fw.mp4	0.0	146.29719185829163	2.4920639991760254
21	123.76895403862	pulse	1	t		19.0	2.5	/experiments/knapen_AOT/AOT_stimuli/rescaled_final/0619_fw.mp4	0.0	146.68125891685486	
21	125.36881685256958	pulse	1	t		19.0	2.5	/experiments/knapen_AOT/AOT_stimuli/rescaled_final/0619_fw.mp4	0.0	148.28112173080444	
21	125.87695097923279	fix_post	2		12	19.0	2.5	/experiments/knapen_AOT/AOT_stimuli/rescaled_final/0619_fw.mp4	0.0	148.78925585746765	0.10001897811889648
22	125.97696995735168	fix_pre	0		120	20.0	2.5	blank	1.0	148.88927483558655	1.0001840591430664
22	126.96893906593323	pulse	0	t		20.0	2.5	blank	1.0	149.8812439441681	
22	126.97715401649475	movie	1		301	20.0	2.5	blank	1.0	149.88945889472961	2.508685827255249
22	128.56926083564758	pulse	1	t		20.0	2.5	blank	1.0	151.48156571388245	
22	129.48583984375	fix_post	2		12	20.0	2.5	blank	1.0	152.39814472198486	0.10001111030578613
23	129.5858509540558	fix_pre	0		120	21.0	2.5	/experiments/knapen_AOT/AOT_stimuli/rescaled_final/0798_fw.mp4	0.0	152.49815583229065	1.000204086303711
23	130.1695408821106	pulse	0	t		21.0	2.5	/experiments/knapen_AOT/AOT_stimuli/rescaled_final/0798_fw.mp4	0.0	153.08184576034546	
23	130.5860550403595	movie	1		244	21.0	2.5	/experiments/knapen_AOT/AOT_stimuli/rescaled_final/0798_fw.mp4	0.0	153.49835991859436	2.500300884246826
23	131.76979684829712	pulse	1	t		21.0	2.5	/experiments/knapen_AOT/AOT_stimuli/rescaled_final/0798_fw.mp4	0.0	154.68210172653198	
23	133.08635592460632	fix_post	2		12	21.0	2.5	/experiments/knapen_AOT/AOT_stimuli/rescaled_final/0798_fw.mp4	0.0	155.9986608028412	0.10004901885986328
24	133.1864049434662	fix_pre	0		120	22.0	2.5	/experiments/knapen_AOT/AOT_stimuli/rescaled_final/0333_rv.mp4	0.0	156.09870982170105	1.0001559257507324
24	133.36266589164734	pulse	0	t		22.0	2.5	/experiments/knapen_AOT/AOT_stimuli/rescaled_final/0333_rv.mp4	0.0	156.2749707698822	
24	134.18656086921692	movie	1		244	22.0	2.5	/experiments/knapen_AOT/AOT_stimuli/rescaled_final/0333_rv.mp4	0.0	157.09886574745178	2.5003371238708496
24	134.9627709388733	pulse	1	t		22.0	2.5	/experiments/knapen_AOT/AOT_stimuli/rescaled_final/0333_rv.mp4	0.0	157.87507581710815	
24	136.57043194770813	pulse	1	t		22.0	2.5	/experiments/knapen_AOT/AOT_stimuli/rescaled_final/0333_rv.mp4	0.0	159.482736825943	
24	136.68689799308777	fix_post	2		12	22.0	2.5	/experiments/knapen_AOT/AOT_stimuli/rescaled_final/0333_rv.mp4	0.0	159.59920287132263	0.1000208854675293
25	136.7869188785553	fix_pre	0		120	23.0	2.5	/experiments/knapen_AOT/AOT_stimuli/rescaled_final/1705_rv.mp4	0.0	159.69922375679016	1.0002050399780273
25	137.78712391853333	movie	1		242	23.0	2.5	/experiments/knapen_AOT/AOT_stimuli/rescaled_final/1705_rv.mp4	0.0	160.6994287967682	2.491990089416504
25	138.17208790779114	pulse	1	t		23.0	2.5	/experiments/knapen_AOT/AOT_stimuli/rescaled_final/1705_rv.mp4	0.0	161.084392786026	
25	139.7628710269928	pulse	1	t		23.0	2.5	/experiments/knapen_AOT/AOT_stimuli/rescaled_final/1705_rv.mp4	0.0	162.67517590522766	
25	140.27911400794983	fix_post	2		12	23.0	2.5	/experiments/knapen_AOT/AOT_stimuli/rescaled_final/1705_rv.mp4	0.0	163.1914188861847	0.10004305839538574
26	140.37915706634521	fix_pre	0		119	24.0	2.5	/experiments/knapen_AOT/AOT_stimuli/rescaled_final/1010_rv.mp4	0.0	163.29146194458008	0.9917957782745361
26	141.36282300949097	pulse	0	t		24.0	2.5	/experiments/knapen_AOT/AOT_stimuli/rescaled_final/1010_rv.mp4	0.0	164.27512788772583	
26	141.37095284461975	movie	1		245	24.0	2.5	/experiments/knapen_AOT/AOT_stimuli/rescaled_final/1010_rv.mp4	0.0	164.28325772285461	2.5087051391601562
26	142.9643828868866	pulse	1	t		24.0	2.5	/experiments/knapen_AOT/AOT_stimuli/rescaled_final/1010_rv.mp4	0.0	165.87668776512146	
26	143.8796579837799	fix_post	2		12	24.0	2.5	/experiments/knapen_AOT/AOT_stimuli/rescaled_final/1010_rv.mp4	0.0	166.79196286201477	0.10005497932434082
27	143.97971296310425	fix_pre	0		120	25.0	2.5	/experiments/knapen_AOT/AOT_stimuli/rescaled_final/0696_rv.mp4	0.0	166.8920178413391	1.0001270771026611
27	144.5633749961853	pulse	0	t		25.0	2.5	/experiments/knapen_AOT/AOT_stimuli/rescaled_final/0696_rv.mp4	0.0	167.47567987442017	
27	144.9798400402069	movie	1		243	25.0	2.5	/experiments/knapen_AOT/AOT_stimuli/rescaled_final/0696_rv.mp4	0.0	167.89214491844177	2.50042986869812
27	146.16370797157288	pulse	1	t		25.0	2.5	/experiments/knapen_AOT/AOT_stimuli/rescaled_final/0696_rv.mp4	0.0	169.07601284980774	
27	147.48026990890503	fix_post	2		12	25.0	2.5	/experiments/knapen_AOT/AOT_stimuli/rescaled_final/0696_rv.mp4	0.0	170.3925747871399	0.09995794296264648
28	147.58022785186768	fix_pre	0		120	26.0	2.5	blank	1.0	170.49253273010254	1.000157117843628
28	147.76378202438354	pulse	0	t		26.0	2.5	blank	1.0	170.6760869026184	
28	148.5803849697113	movie	1		300	26.0	2.5	blank	1.0	171.49268984794617	2.5003678798675537
28	149.36400294303894	pulse	1	t		26.0	2.5	blank	1.0	172.2763078212738	
28	150.96435689926147	pulse	1	t		26.0	2.5	blank	1.0	173.87666177749634	
28	151.08075284957886	fix_post	2		12	26.0	2.5	blank	1.0	173.99305772781372	0.10000920295715332
29	151.180762052536	fix_pre	0		120	27.0	2.5	/experiments/knapen_AOT/AOT_stimuli/rescaled_final/0276_fw.mp4	0.0	174.09306693077087	1.0001769065856934
29	152.1809389591217	movie	1		242	27.0	2.5	/experiments/knapen_AOT/AOT_stimuli/rescaled_final/0276_fw.mp4	0.0	175.09324383735657	2.492029905319214
29	152.56562995910645	pulse	1	t		27.0	2.5	/experiments/knapen_AOT/AOT_stimuli/rescaled_final/0276_fw.mp4	0.0	175.4779348373413	
29	154.16480994224548	pulse	1	t		27.0	2.5	/experiments/knapen_AOT/AOT_stimuli/rescaled_final/0276_fw.mp4	0.0	177.07711482048035	
29	154.67296886444092	fix_post	2		10	27.0	2.5	/experiments/knapen_AOT/AOT_stimuli/rescaled_final/0276_fw.mp4	0.0	177.58527374267578	0.10001707077026367
30	154.77298593521118	fix_pre	0		120	28.0	2.5	/experiments/knapen_AOT/AOT_stimuli/rescaled_final/0807_fw.mp4	0.0	177.68529081344604	1.0001609325408936
30	155.76494002342224	pulse	0	t		28.0	2.5	/experiments/knapen_AOT/AOT_stimuli/rescaled_final/0807_fw.mp4	0.0	178.6772449016571	
30	155.77314686775208	movie	1		245	28.0	2.5	/experiments/knapen_AOT/AOT_stimuli/rescaled_final/0807_fw.mp4	0.0	178.68545174598694	2.5086681842803955
30	157.3690469264984	pulse	1	t		28.0	2.5	/experiments/knapen_AOT/AOT_stimuli/rescaled_final/0807_fw.mp4	0.0	180.28135180473328	
30	158.28181505203247	fix_post	2		12	28.0	2.5	/experiments/knapen_AOT/AOT_stimuli/rescaled_final/0807_fw.mp4	0.0	181.19411993026733	0.1000368595123291
31	158.3818519115448	fix_pre	0		120	29.0	2.5	/experiments/knapen_AOT/AOT_stimuli/rescaled_final/2129_fw.mp4	0.0	181.29415678977966	1.0001349449157715
31	158.9655978679657	pulse	0	t		29.0	2.5	/experiments/knapen_AOT/AOT_stimuli/rescaled_final/2129_fw.mp4	0.0	181.87790274620056	
31	159.38198685646057	movie	1		243	29.0	2.5	/experiments/knapen_AOT/AOT_stimuli/rescaled_final/2129_fw.mp4	0.0	182.29429173469543	2.500397205352783
31	160.56584787368774	pulse	1	t		29.0	2.5	/experiments/knapen_AOT/AOT_stimuli/rescaled_final/2129_fw.mp4	0.0	183.4781527519226	
31	161.88238406181335	fix_post	2		12	29.0	2.5	/experiments/knapen_AOT/AOT_stimuli/rescaled_final/2129_fw.mp4	0.0	184.79468894004822	0.10000991821289062
32	161.98239398002625	fix_pre	0		120	30.0	2.5	/experiments/knapen_AOT/AOT_stimuli/rescaled_final/1330_fw.mp4	0.0	184.8946988582611	1.0001389980316162
32	162.16591691970825	pulse	0	t		30.0	2.5	/experiments/knapen_AOT/AOT_stimuli/rescaled_final/1330_fw.mp4	0.0	185.07822179794312	
32	162.98253297805786	movie	1		243	30.0	2.5	/experiments/knapen_AOT/AOT_stimuli/rescaled_final/1330_fw.mp4	0.0	185.89483785629272	2.5003910064697266
32	163.76618194580078	pulse	1	t		30.0	2.5	/experiments/knapen_AOT/AOT_stimuli/rescaled_final/1330_fw.mp4	0.0	186.67848682403564	
32	165.36620497703552	pulse	1	t		30.0	2.5	/experiments/knapen_AOT/AOT_stimuli/rescaled_final/1330_fw.mp4	0.0	188.27850985527039	
32	165.4829239845276	fix_post	2		12	30.0	2.5	/experiments/knapen_AOT/AOT_stimuli/rescaled_final/1330_fw.mp4	0.0	188.39522886276245	0.10001087188720703
33	165.5829348564148	fix_pre	0		119	31.0	2.5	/experiments/knapen_AOT/AOT_stimuli/rescaled_final/1445_fw.mp4	0.0	188.49523973464966	0.9918050765991211
33	166.57473993301392	movie	1		244	31.0	2.5	/experiments/knapen_AOT/AOT_stimuli/rescaled_final/1445_fw.mp4	0.0	189.48704481124878	2.5003631114959717
33	166.96688103675842	pulse	1	t		31.0	2.5	/experiments/knapen_AOT/AOT_stimuli/rescaled_final/1445_fw.mp4	0.0	189.8791859149933	
33	168.56695199012756	pulse	1	t		31.0	2.5	/experiments/knapen_AOT/AOT_stimuli/rescaled_final/1445_fw.mp4	0.0	191.47925686836243	
33	169.0751030445099	fix_post	2		12	31.0	2.5	/experiments/knapen_AOT/AOT_stimuli/rescaled_final/1445_fw.mp4	0.0	191.98740792274475	0.10001492500305176
34	169.17511796951294	fix_pre	0		120	32.0	2.5	/experiments/knapen_AOT/AOT_stimuli/rescaled_final/1892_rv.mp4	0.0	192.0874228477478	1.0001749992370605
34	170.16717886924744	pulse	0	t		32.0	2.5	/experiments/knapen_AOT/AOT_stimuli/rescaled_final/1892_rv.mp4	0.0	193.0794837474823	
34	170.17529296875	movie	1		245	32.0	2.5	/experiments/knapen_AOT/AOT_stimuli/rescaled_final/1892_rv.mp4	0.0	193.08759784698486	2.5086729526519775
34	171.76784491539001	pulse	1	t		32.0	2.5	/experiments/knapen_AOT/AOT_stimuli/rescaled_final/1892_rv.mp4	0.0	194.68014979362488	
34	172.68396592140198	fix_post	2		12	32.0	2.5	/experiments/knapen_AOT/AOT_stimuli/rescaled_final/1892_rv.mp4	0.0	195.59627079963684	0.10001993179321289
35	172.7839858531952	fix_pre	0		120	33.0	2.5	/experiments/knapen_AOT/AOT_stimuli/rescaled_final/1174_fw.mp4	0.0	195.69629073143005	1.0001630783081055
35	173.36775398254395	pulse	0	t		33.0	2.5	/experiments/knapen_AOT/AOT_stimuli/rescaled_final/1174_fw.mp4	0.0	196.2800588607788	
35	173.7841489315033	movie	1		243	33.0	2.5	/experiments/knapen_AOT/AOT_stimuli/rescaled_final/1174_fw.mp4	0.0	196.69645380973816	2.5004401206970215
35	174.96803283691406	pulse	1	t		33.0	2.5	/experiments/knapen_AOT/AOT_stimuli/rescaled_final/1174_fw.mp4	0.0	197.88033771514893	
35	176.28458905220032	fix_post	2		12	33.0	2.5	/experiments/knapen_AOT/AOT_stimuli/rescaled_final/1174_fw.mp4	0.0	199.19689393043518	0.10001492500305176
36	176.38460397720337	fix_pre	0		120	34.0	2.5	blank	1.0	199.29690885543823	1.0001029968261719
36	176.56806993484497	pulse	0	t		34.0	2.5	blank	1.0	199.48037481307983	
36	177.38470697402954	movie	1		300	34.0	2.5	blank	1.0	200.2970118522644	2.500354051589966
36	178.16834688186646	pulse	1	t		34.0	2.5	blank	1.0	201.08065176010132	
36	179.76870489120483	pulse	1	t		34.0	2.5	blank	1.0	202.6810097694397	
36	179.8850610256195	fix_post	2		12	34.0	2.5	blank	1.0	202.79736590385437	0.09999585151672363
37	179.98505687713623	fix_pre	0		120	35.0	2.5	/experiments/knapen_AOT/AOT_stimuli/rescaled_final/1903_rv.mp4	0.0	202.8973617553711	1.0001580715179443
37	180.98521494865417	movie	1		243	35.0	2.5	/experiments/knapen_AOT/AOT_stimuli/rescaled_final/1903_rv.mp4	0.0	203.89751982688904	2.4921131134033203
37	181.36989903450012	pulse	1	t		35.0	2.5	/experiments/knapen_AOT/AOT_stimuli/rescaled_final/1903_rv.mp4	0.0	204.28220391273499	
37	182.96903800964355	pulse	1	t		35.0	2.5	/experiments/knapen_AOT/AOT_stimuli/rescaled_final/1903_rv.mp4	0.0	205.88134288787842	
37	183.4773280620575	fix_post	2		12	35.0	2.5	/experiments/knapen_AOT/AOT_stimuli/rescaled_final/1903_rv.mp4	0.0	206.38963294029236	0.09993886947631836
38	183.5772669315338	fix_pre	0		120	36.0	2.5	/experiments/knapen_AOT/AOT_stimuli/rescaled_final/1461_rv.mp4	0.0	206.48957180976868	1.0001440048217773
38	184.56939101219177	pulse	0	t		36.0	2.5	/experiments/knapen_AOT/AOT_stimuli/rescaled_final/1461_rv.mp4	0.0	207.48169589042664	
38	184.5774109363556	movie	1		247	36.0	2.5	/experiments/knapen_AOT/AOT_stimuli/rescaled_final/1461_rv.mp4	0.0	207.48971581459045	2.5087430477142334
38	186.1699800491333	pulse	1	t		36.0	2.5	/experiments/knapen_AOT/AOT_stimuli/rescaled_final/1461_rv.mp4	0.0	209.08228492736816	
38	187.08615398406982	fix_post	2		12	36.0	2.5	/experiments/knapen_AOT/AOT_stimuli/rescaled_final/1461_rv.mp4	0.0	209.9984588623047	0.09997797012329102
39	187.18613195419312	fix_pre	0		120	37.0	2.5	/experiments/knapen_AOT/AOT_stimuli/rescaled_final/0488_fw.mp4	0.0	210.09843683242798	1.0001568794250488
39	187.76989006996155	pulse	0	t		37.0	2.5	/experiments/knapen_AOT/AOT_stimuli/rescaled_final/0488_fw.mp4	0.0	210.6821949481964	
39	188.18628883361816	movie	1		245	37.0	2.5	/experiments/knapen_AOT/AOT_stimuli/rescaled_final/0488_fw.mp4	0.0	211.09859371185303	2.5003530979156494
39	189.37016105651855	pulse	1	t		37.0	2.5	/experiments/knapen_AOT/AOT_stimuli/rescaled_final/0488_fw.mp4	0.0	212.28246593475342	
39	190.6866419315338	fix_post	2		12	37.0	2.5	/experiments/knapen_AOT/AOT_stimuli/rescaled_final/0488_fw.mp4	0.0	213.59894680976868	0.10002899169921875
40	190.78667092323303	fix_pre	0		120	38.0	2.5	/experiments/knapen_AOT/AOT_stimuli/rescaled_final/1817_rv.mp4	0.0	213.6989758014679	1.0001471042633057
40	190.9702010154724	pulse	0	t		38.0	2.5	/experiments/knapen_AOT/AOT_stimuli/rescaled_final/1817_rv.mp4	0.0	213.88250589370728	
40	191.78681802749634	movie	1		245	38.0	2.5	/experiments/knapen_AOT/AOT_stimuli/rescaled_final/1817_rv.mp4	0.0	214.6991229057312	2.5003910064697266
40	192.5705189704895	pulse	1	t		38.0	2.5	/experiments/knapen_AOT/AOT_stimuli/rescaled_final/1817_rv.mp4	0.0	215.48282384872437	
40	194.16232585906982	pulse	1	t		38.0	2.5	/experiments/knapen_AOT/AOT_stimuli/rescaled_final/1817_rv.mp4	0.0	217.0746307373047	
40	194.28720903396606	fix_post	2		12	38.0	2.5	/experiments/knapen_AOT/AOT_stimuli/rescaled_final/1817_rv.mp4	0.0	217.19951391220093	0.10004186630249023
41	194.38725090026855	fix_pre	0		119	39.0	2.5	/experiments/knapen_AOT/AOT_stimuli/rescaled_final/0319_rv.mp4	0.0	217.29955577850342	0.991786003112793
41	195.37903690338135	movie	1		244	39.0	2.5	/experiments/knapen_AOT/AOT_stimuli/rescaled_final/0319_rv.mp4	0.0	218.2913417816162	2.5003409385681152
41	195.7629668712616	pulse	1	t		39.0	2.5	/experiments/knapen_AOT/AOT_stimuli/rescaled_final/0319_rv.mp4	0.0	218.67527174949646	
41	197.36294102668762	pulse	1	t		39.0	2.5	/experiments/knapen_AOT/AOT_stimuli/rescaled_final/0319_rv.mp4	0.0	220.27524590492249	
41	197.87937784194946	fix_post	2		12	39.0	2.5	/experiments/knapen_AOT/AOT_stimuli/rescaled_final/0319_rv.mp4	0.0	220.79168272018433	0.10004520416259766
42	197.97942304611206	fix_pre	0		119	40.0	2.5	/experiments/knapen_AOT/AOT_stimuli/rescaled_final/1481_fw.mp4	0.0	220.89172792434692	0.9917960166931152
42	198.9630708694458	pulse	0	t		40.0	2.5	/experiments/knapen_AOT/AOT_stimuli/rescaled_final/1481_fw.mp4	0.0	221.87537574768066	
42	198.97121906280518	movie	1		244	40.0	2.5	/experiments/knapen_AOT/AOT_stimuli/rescaled_final/1481_fw.mp4	0.0	221.88352394104004	2.508727788925171
42	200.5639729499817	pulse	1	t		40.0	2.5	/experiments/knapen_AOT/AOT_stimuli/rescaled_final/1481_fw.mp4	0.0	223.47627782821655	
42	201.47994685173035	fix_post	2		12	40.0	2.5	/experiments/knapen_AOT/AOT_stimuli/rescaled_final/1481_fw.mp4	0.0	224.3922517299652	0.1000070571899414
43	201.5799539089203	fix_pre	0		120	41.0	2.5	/experiments/knapen_AOT/AOT_stimuli/rescaled_final/1460_rv.mp4	0.0	224.49225878715515	1.0001671314239502
43	202.1635799407959	pulse	0	t		41.0	2.5	/experiments/knapen_AOT/AOT_stimuli/rescaled_final/1460_rv.mp4	0.0	225.07588481903076	
43	202.58012104034424	movie	1		245	41.0	2.5	/experiments/knapen_AOT/AOT_stimuli/rescaled_final/1460_rv.mp4	0.0	225.4924259185791	2.500401020050049
43	203.7639298439026	pulse	1	t		41.0	2.5	/experiments/knapen_AOT/AOT_stimuli/rescaled_final/1460_rv.mp4	0.0	226.67623472213745	
43	205.0805220603943	fix_post	2		12	41.0	2.5	/experiments/knapen_AOT/AOT_stimuli/rescaled_final/1460_rv.mp4	0.0	227.99282693862915	0.09995293617248535
44	205.18047499656677	fix_pre	0		120	42.0	2.5	blank	1.0	228.09277987480164	1.0001740455627441
44	205.36402106285095	pulse	0	t		42.0	2.5	blank	1.0	228.27632594108582	
44	206.18064904212952	movie	1		300	42.0	2.5	blank	1.0	229.09295392036438	2.5003809928894043
44	206.96434497833252	pulse	1	t		42.0	2.5	blank	1.0	229.87664985656738	
44	208.56448101997375	pulse	1	t		42.0	2.5	blank	1.0	231.47678589820862	
44	208.68103003501892	fix_post	2		12	42.0	2.5	blank	1.0	231.59333491325378	0.09998393058776855
45	208.7810139656067	fix_pre	0		119	43.0	2.5	/experiments/knapen_AOT/AOT_stimuli/rescaled_final/0319_rv.mp4	0.0	231.69331884384155	0.9917910099029541
45	209.77280497550964	movie	1		243	43.0	2.5	/experiments/knapen_AOT/AOT_stimuli/rescaled_final/0319_rv.mp4	0.0	232.6851098537445	2.5003979206085205
45	210.16481184959412	pulse	1	t		43.0	2.5	/experiments/knapen_AOT/AOT_stimuli/rescaled_final/0319_rv.mp4	0.0	233.07711672782898	
45	211.76495385169983	pulse	1	t		43.0	2.5	/experiments/knapen_AOT/AOT_stimuli/rescaled_final/0319_rv.mp4	0.0	234.6772587299347	
45	212.27320289611816	fix_post	2		12	43.0	2.5	/experiments/knapen_AOT/AOT_stimuli/rescaled_final/0319_rv.mp4	0.0	235.18550777435303	0.10002493858337402
46	212.37322783470154	fix_pre	0		120	44.0	2.5	/experiments/knapen_AOT/AOT_stimuli/rescaled_final/0024_fw.mp4	0.0	235.2855327129364	1.0002191066741943
46	213.36536192893982	pulse	0	t		44.0	2.5	/experiments/knapen_AOT/AOT_stimuli/rescaled_final/0024_fw.mp4	0.0	236.27766680717468	
46	213.37344694137573	movie	1		246	44.0	2.5	/experiments/knapen_AOT/AOT_stimuli/rescaled_final/0024_fw.mp4	0.0	236.2857518196106	2.508608102798462
46	214.9660849571228	pulse	1	t		44.0	2.5	/experiments/knapen_AOT/AOT_stimuli/rescaled_final/0024_fw.mp4	0.0	237.87838983535767	
46	215.8820550441742	fix_post	2		12	44.0	2.5	/experiments/knapen_AOT/AOT_stimuli/rescaled_final/0024_fw.mp4	0.0	238.79435992240906	0.10010194778442383
47	215.98215699195862	fix_pre	0		117	45.0	2.5	/experiments/knapen_AOT/AOT_stimuli/rescaled_final/1649_fw.mp4	0.0	238.89446187019348	1.0001559257507324
47	216.56579184532166	pulse	0	t		45.0	2.5	/experiments/knapen_AOT/AOT_stimuli/rescaled_final/1649_fw.mp4	0.0	239.47809672355652	
47	216.98231291770935	movie	1		244	45.0	2.5	/experiments/knapen_AOT/AOT_stimuli/rescaled_final/1649_fw.mp4	0.0	239.8946177959442	2.5002870559692383
47	218.1662049293518	pulse	1	t		45.0	2.5	/experiments/knapen_AOT/AOT_stimuli/rescaled_final/1649_fw.mp4	0.0	241.07850980758667	
47	219.4825999736786	fix_post	2		12	45.0	2.5	/experiments/knapen_AOT/AOT_stimuli/rescaled_final/1649_fw.mp4	0.0	242.39490485191345	0.10002589225769043
48	219.58262586593628	fix_pre	0		120	46.0	2.5	/experiments/knapen_AOT/AOT_stimuli/rescaled_final/0960_fw.mp4	0.0	242.49493074417114	1.0001590251922607
48	219.7662329673767	pulse	0	t		46.0	2.5	/experiments/knapen_AOT/AOT_stimuli/rescaled_final/0960_fw.mp4	0.0	242.67853784561157	
48	220.58278489112854	movie	1		243	46.0	2.5	/experiments/knapen_AOT/AOT_stimuli/rescaled_final/0960_fw.mp4	0.0	243.4950897693634	2.5003671646118164
48	221.36648797988892	pulse	1	t		46.0	2.5	/experiments/knapen_AOT/AOT_stimuli/rescaled_final/0960_fw.mp4	0.0	244.27879285812378	
48	222.96719598770142	pulse	1	t		46.0	2.5	/experiments/knapen_AOT/AOT_stimuli/rescaled_final/0960_fw.mp4	0.0	245.87950086593628	
48	223.08315205574036	fix_post	2		12	46.0	2.5	/experiments/knapen_AOT/AOT_stimuli/rescaled_final/0960_fw.mp4	0.0	245.99545693397522	0.10006499290466309
49	223.18321704864502	fix_pre	0		120	47.0	2.5	blank	1.0	246.09552192687988	1.0000629425048828
49	224.1832799911499	movie	1		299	47.0	2.5	blank	1.0	247.09558486938477	2.492081880569458
49	224.56704592704773	pulse	1	t		47.0	2.5	blank	1.0	247.4793508052826	
49	226.16712403297424	pulse	1	t		47.0	2.5	blank	1.0	249.0794289112091	
49	226.67536187171936	fix_post	2		12	47.0	2.5	blank	1.0	249.58766674995422	0.1000070571899414
50	226.7753689289093	fix_pre	0		120	48.0	2.5	/experiments/knapen_AOT/AOT_stimuli/rescaled_final/0807_fw.mp4	0.0	249.68767380714417	1.000140905380249
50	227.7674858570099	pulse	0	t		48.0	2.5	/experiments/knapen_AOT/AOT_stimuli/rescaled_final/0807_fw.mp4	0.0	250.67979073524475	
50	227.77550983428955	movie	1		244	48.0	2.5	/experiments/knapen_AOT/AOT_stimuli/rescaled_final/0807_fw.mp4	0.0	250.6878147125244	2.5087411403656006
50	229.3717339038849	pulse	1	t		48.0	2.5	/experiments/knapen_AOT/AOT_stimuli/rescaled_final/0807_fw.mp4	0.0	252.28403878211975	
50	230.28425097465515	fix_post	2		12	48.0	2.5	/experiments/knapen_AOT/AOT_stimuli/rescaled_final/0807_fw.mp4	0.0	253.19655585289001	0.09994792938232422
51	230.38419890403748	fix_pre	0		120	49.0	2.5	/experiments/knapen_AOT/AOT_stimuli/rescaled_final/1454_rv.mp4	0.0	253.29650378227234	1.000157117843628
51	230.967875957489	pulse	0	t		49.0	2.5	/experiments/knapen_AOT/AOT_stimuli/rescaled_final/1454_rv.mp4	0.0	253.88018083572388	
51	231.3843560218811	movie	1		245	49.0	2.5	/experiments/knapen_AOT/AOT_stimuli/rescaled_final/1454_rv.mp4	0.0	254.29666090011597	2.5003960132598877
51	232.5681939125061	pulse	1	t		49.0	2.5	/experiments/knapen_AOT/AOT_stimuli/rescaled_final/1454_rv.mp4	0.0	255.48049879074097	
51	233.884752035141	fix_post	2		12	49.0	2.5	/experiments/knapen_AOT/AOT_stimuli/rescaled_final/1454_rv.mp4	0.0	256.79705691337585	0.10002779960632324
52	233.98477983474731	fix_pre	0		120	50.0	2.5	/experiments/knapen_AOT/AOT_stimuli/rescaled_final/1860_fw.mp4	0.0	256.8970847129822	1.0001130104064941
52	234.16842794418335	pulse	0	t		50.0	2.5	/experiments/knapen_AOT/AOT_stimuli/rescaled_final/1860_fw.mp4	0.0	257.0807328224182	
52	234.9848928451538	movie	1		246	50.0	2.5	/experiments/knapen_AOT/AOT_stimuli/rescaled_final/1860_fw.mp4	0.0	257.8971977233887	2.50040602684021
52	235.76865601539612	pulse	1	t		50.0	2.5	/experiments/knapen_AOT/AOT_stimuli/rescaled_final/1860_fw.mp4	0.0	258.680960893631	
52	237.36884999275208	pulse	1	t		50.0	2.5	/experiments/knapen_AOT/AOT_stimuli/rescaled_final/1860_fw.mp4	0.0	260.28115487098694	
52	237.48529887199402	fix_post	2		12	50.0	2.5	/experiments/knapen_AOT/AOT_stimuli/rescaled_final/1860_fw.mp4	0.0	260.3976037502289	0.10008001327514648
53	237.58537888526917	fix_pre	0		120	51.0	2.5	/experiments/knapen_AOT/AOT_stimuli/rescaled_final/0274_rv.mp4	0.0	260.497683763504	1.0000801086425781
53	238.58545899391174	movie	1		243	51.0	2.5	/experiments/knapen_AOT/AOT_stimuli/rescaled_final/0274_rv.mp4	0.0	261.4977638721466	2.4920499324798584
53	238.96949100494385	pulse	1	t		51.0	2.5	/experiments/knapen_AOT/AOT_stimuli/rescaled_final/0274_rv.mp4	0.0	261.8817958831787	
53	240.56938004493713	pulse	1	t		51.0	2.5	/experiments/knapen_AOT/AOT_stimuli/rescaled_final/0274_rv.mp4	0.0	263.481684923172	
53	241.0775089263916	fix_post	2		12	51.0	2.5	/experiments/knapen_AOT/AOT_stimuli/rescaled_final/0274_rv.mp4	0.0	263.98981380462646	0.09997391700744629
54	241.17748284339905	fix_pre	0		120	52.0	2.5	/experiments/knapen_AOT/AOT_stimuli/rescaled_final/1705_rv.mp4	0.0	264.0897877216339	1.0001721382141113
54	242.16968202590942	pulse	0	t		52.0	2.5	/experiments/knapen_AOT/AOT_stimuli/rescaled_final/1705_rv.mp4	0.0	265.0819869041443	
54	242.17765498161316	movie	1		244	52.0	2.5	/experiments/knapen_AOT/AOT_stimuli/rescaled_final/1705_rv.mp4	0.0	265.089959859848	2.5087010860443115
54	243.77002906799316	pulse	1	t		52.0	2.5	/experiments/knapen_AOT/AOT_stimuli/rescaled_final/1705_rv.mp4	0.0	266.682333946228	
54	244.68635606765747	fix_post	2		12	52.0	2.5	/experiments/knapen_AOT/AOT_stimuli/rescaled_final/1705_rv.mp4	0.0	267.59866094589233	0.10004782676696777
55	244.78640389442444	fix_pre	0		120	53.0	2.5	/experiments/knapen_AOT/AOT_stimuli/rescaled_final/1708_fw.mp4	0.0	267.6987087726593	1.0000929832458496
55	245.36999702453613	pulse	0	t		53.0	2.5	/experiments/knapen_AOT/AOT_stimuli/rescaled_final/1708_fw.mp4	0.0	268.282301902771	
55	245.7864968776703	movie	1		245	53.0	2.5	/experiments/knapen_AOT/AOT_stimuli/rescaled_final/1708_fw.mp4	0.0	268.69880175590515	2.500375986099243
55	246.9703528881073	pulse	1	t		53.0	2.5	/experiments/knapen_AOT/AOT_stimuli/rescaled_final/1708_fw.mp4	0.0	269.88265776634216	
55	248.28687286376953	fix_post	2		12	53.0	2.5	/experiments/knapen_AOT/AOT_stimuli/rescaled_final/1708_fw.mp4	0.0	271.1991777420044	0.10004806518554688
56	248.38692092895508	fix_pre	0		120	54.0	2.5	/experiments/knapen_AOT/AOT_stimuli/rescaled_final/0480_fw.mp4	0.0	271.29922580718994	1.0001220703125
56	248.5629379749298	pulse	0	t		54.0	2.5	/experiments/knapen_AOT/AOT_stimuli/rescaled_final/0480_fw.mp4	0.0	271.4752428531647	
56	249.38704299926758	movie	1		246	54.0	2.5	/experiments/knapen_AOT/AOT_stimuli/rescaled_final/0480_fw.mp4	0.0	272.29934787750244	2.500408887863159
56	250.1633689403534	pulse	1	t		54.0	2.5	/experiments/knapen_AOT/AOT_stimuli/rescaled_final/0480_fw.mp4	0.0	273.07567381858826	
56	251.76354384422302	pulse	1	t		54.0	2.5	/experiments/knapen_AOT/AOT_stimuli/rescaled_final/0480_fw.mp4	0.0	274.6758487224579	
56	251.88745188713074	fix_post	2		12	54.0	2.5	/experiments/knapen_AOT/AOT_stimuli/rescaled_final/0480_fw.mp4	0.0	274.7997567653656	0.1000521183013916
57	251.98750400543213	fix_pre	0		120	55.0	2.5	blank	1.0	274.899808883667	1.0001049041748047
57	252.98760890960693	movie	1		299	55.0	2.5	blank	1.0	275.8999137878418	2.4920411109924316
57	253.36376094818115	pulse	1	t		55.0	2.5	blank	1.0	276.276065826416	
57	254.96300601959229	pulse	1	t		55.0	2.5	blank	1.0	277.87531089782715	
57	255.47965002059937	fix_post	2		12	55.0	2.5	blank	1.0	278.39195489883423	0.10001301765441895
58	255.57966303825378	fix_pre	0		119	56.0	2.5	/experiments/knapen_AOT/AOT_stimuli/rescaled_final/1469_fw.mp4	0.0	278.49196791648865	0.9918308258056641
58	256.5633409023285	pulse	0	t		56.0	2.5	/experiments/knapen_AOT/AOT_stimuli/rescaled_final/1469_fw.mp4	0.0	279.47564578056335	
58	256.57149386405945	movie	1		245	56.0	2.5	/experiments/knapen_AOT/AOT_stimuli/rescaled_final/1469_fw.mp4	0.0	279.4837987422943	2.508686065673828
58	258.16402196884155	pulse	1	t		56.0	2.5	/experiments/knapen_AOT/AOT_stimuli/rescaled_final/1469_fw.mp4	0.0	281.0763268470764	
58	259.0801799297333	fix_post	2		12	56.0	2.5	/experiments/knapen_AOT/AOT_stimuli/rescaled_final/1469_fw.mp4	0.0	281.99248480796814	0.10001111030578613
59	259.18019104003906	fix_pre	0		120	57.0	2.5	/experiments/knapen_AOT/AOT_stimuli/rescaled_final/1449_rv.mp4	0.0	282.0924959182739	1.0001678466796875
59	259.763897895813	pulse	0	t		57.0	2.5	/experiments/knapen_AOT/AOT_stimuli/rescaled_final/1449_rv.mp4	0.0	282.67620277404785	
59	260.18035888671875	movie	1		245	57.0	2.5	/experiments/knapen_AOT/AOT_stimuli/rescaled_final/1449_rv.mp4	0.0	283.0926637649536	2.500336170196533
59	261.3640789985657	pulse	1	t		57.0	2.5	/experiments/knapen_AOT/AOT_stimuli/rescaled_final/1449_rv.mp4	0.0	284.27638387680054	
59	262.6806950569153	fix_post	2		12	57.0	2.5	/experiments/knapen_AOT/AOT_stimuli/rescaled_final/1449_rv.mp4	0.0	285.59299993515015	0.10006284713745117
60	262.78075790405273	fix_pre	0		120	58.0	2.5	/experiments/knapen_AOT/AOT_stimuli/rescaled_final/2078_fw.mp4	0.0	285.6930627822876	1.0001721382141113
60	262.96432995796204	pulse	0	t		58.0	2.5	/experiments/knapen_AOT/AOT_stimuli/rescaled_final/2078_fw.mp4	0.0	285.8766348361969	
60	263.78093004226685	movie	1		244	58.0	2.5	/experiments/knapen_AOT/AOT_stimuli/rescaled_final/2078_fw.mp4	0.0	286.6932349205017	2.500295877456665
60	264.5645020008087	pulse	1	t		58.0	2.5	/experiments/knapen_AOT/AOT_stimuli/rescaled_final/2078_fw.mp4	0.0	287.4768068790436	
60	266.1665070056915	pulse	1	t		58.0	2.5	/experiments/knapen_AOT/AOT_stimuli/rescaled_final/2078_fw.mp4	0.0	289.0788118839264	
60	266.2812259197235	fix_post	2		12	58.0	2.5	/experiments/knapen_AOT/AOT_stimuli/rescaled_final/2078_fw.mp4	0.0	289.1935307979584	0.10002899169921875
61	266.38125491142273	fix_pre	0		120	59.0	2.5	/experiments/knapen_AOT/AOT_stimuli/rescaled_final/0254_rv.mp4	0.0	289.2935597896576	1.0002059936523438
61	267.3814609050751	movie	1		244	59.0	2.5	/experiments/knapen_AOT/AOT_stimuli/rescaled_final/0254_rv.mp4	0.0	290.29376578330994	2.49196195602417
61	267.76563906669617	pulse	1	t		59.0	2.5	/experiments/knapen_AOT/AOT_stimuli/rescaled_final/0254_rv.mp4	0.0	290.67794394493103	
61	269.36530590057373	pulse	1	t		59.0	2.5	/experiments/knapen_AOT/AOT_stimuli/rescaled_final/0254_rv.mp4	0.0	292.2776107788086	
61	269.87342286109924	fix_post	2		12	59.0	2.5	/experiments/knapen_AOT/AOT_stimuli/rescaled_final/0254_rv.mp4	0.0	292.7857277393341	0.1000220775604248
62	269.97344493865967	fix_pre	0		120	60.0	2.5	/experiments/knapen_AOT/AOT_stimuli/rescaled_final/0914_rv.mp4	0.0	292.88574981689453	1.000157117843628
62	270.9654748439789	pulse	0	t		60.0	2.5	/experiments/knapen_AOT/AOT_stimuli/rescaled_final/0914_rv.mp4	0.0	293.87777972221375	
62	270.9736020565033	movie	1		247	60.0	2.5	/experiments/knapen_AOT/AOT_stimuli/rescaled_final/0914_rv.mp4	0.0	293.88590693473816	2.508729934692383
62	272.5663549900055	pulse	1	t		60.0	2.5	/experiments/knapen_AOT/AOT_stimuli/rescaled_final/0914_rv.mp4	0.0	295.47865986824036	
62	273.4823319911957	fix_post	2		12	60.0	2.5	/experiments/knapen_AOT/AOT_stimuli/rescaled_final/0914_rv.mp4	0.0	296.39463686943054	0.10003900527954102
63	273.5823709964752	fix_pre	0		120	61.0	2.5	/experiments/knapen_AOT/AOT_stimuli/rescaled_final/0760_rv.mp4	0.0	296.4946758747101	1.0001029968261719
63	274.1659860610962	pulse	0	t		61.0	2.5	/experiments/knapen_AOT/AOT_stimuli/rescaled_final/0760_rv.mp4	0.0	297.07829093933105	
63	274.5824739933014	movie	1		246	61.0	2.5	/experiments/knapen_AOT/AOT_stimuli/rescaled_final/0760_rv.mp4	0.0	297.49477887153625	2.5004160404205322
63	275.7662498950958	pulse	1	t		61.0	2.5	/experiments/knapen_AOT/AOT_stimuli/rescaled_final/0760_rv.mp4	0.0	298.6785547733307	
63	277.0828900337219	fix_post	2		12	61.0	2.5	/experiments/knapen_AOT/AOT_stimuli/rescaled_final/0760_rv.mp4	0.0	299.9951949119568	0.1009819507598877
64	277.1838719844818	fix_pre	0		118	62.0	2.5	/experiments/knapen_AOT/AOT_stimuli/rescaled_final/1981_fw.mp4	0.0	300.0961768627167	0.999176025390625
64	277.3665509223938	pulse	0	t		62.0	2.5	/experiments/knapen_AOT/AOT_stimuli/rescaled_final/1981_fw.mp4	0.0	300.27885580062866	
64	278.18304800987244	movie	1		244	62.0	2.5	/experiments/knapen_AOT/AOT_stimuli/rescaled_final/1981_fw.mp4	0.0	301.0953528881073	2.5003809928894043
64	278.9667999744415	pulse	1	t		62.0	2.5	/experiments/knapen_AOT/AOT_stimuli/rescaled_final/1981_fw.mp4	0.0	301.8791048526764	
64	280.5671899318695	pulse	1	t		62.0	2.5	/experiments/knapen_AOT/AOT_stimuli/rescaled_final/1981_fw.mp4	0.0	303.47949481010437	
64	280.68342900276184	fix_post	2		12	62.0	2.5	/experiments/knapen_AOT/AOT_stimuli/rescaled_final/1981_fw.mp4	0.0	303.5957338809967	0.09997200965881348
65	280.78340101242065	fix_pre	0		120	63.0	2.5	blank	1.0	303.6957058906555	1.0001590251922607
65	281.7835600376129	movie	1		299	63.0	2.5	blank	1.0	304.6958649158478	2.49204683303833
65	282.1671860218048	pulse	1	t		63.0	2.5	blank	1.0	305.0794909000397	
65	283.7674460411072	pulse	1	t		63.0	2.5	blank	1.0	306.67975091934204	
65	284.27560687065125	fix_post	2		12	63.0	2.5	blank	1.0	307.1879117488861	0.09999799728393555
66	284.3756048679352	fix_pre	0		120	64.0	2.5	/experiments/knapen_AOT/AOT_stimuli/rescaled_final/0483_rv.mp4	0.0	307.28790974617004	1.0001671314239502
66	285.3676829338074	pulse	0	t		64.0	2.5	/experiments/knapen_AOT/AOT_stimuli/rescaled_final/0483_rv.mp4	0.0	308.27998781204224	
66	285.37577199935913	movie	1		246	64.0	2.5	/experiments/knapen_AOT/AOT_stimuli/rescaled_final/0483_rv.mp4	0.0	308.288076877594	2.5086729526519775
66	286.9690959453583	pulse	1	t		64.0	2.5	/experiments/knapen_AOT/AOT_stimuli/rescaled_final/0483_rv.mp4	0.0	309.88140082359314	
66	287.8844449520111	fix_post	2		12	64.0	2.5	/experiments/knapen_AOT/AOT_stimuli/rescaled_final/0483_rv.mp4	0.0	310.796749830246	0.10002589225769043
67	287.9844708442688	fix_pre	0		120	65.0	2.5	/experiments/knapen_AOT/AOT_stimuli/rescaled_final/0510_fw.mp4	0.0	310.89677572250366	1.000176191329956
67	288.56816005706787	pulse	0	t		65.0	2.5	/experiments/knapen_AOT/AOT_stimuli/rescaled_final/0510_fw.mp4	0.0	311.48046493530273	
67	288.98464703559875	movie	1		245	65.0	2.5	/experiments/knapen_AOT/AOT_stimuli/rescaled_final/0510_fw.mp4	0.0	311.8969519138336	2.5003318786621094
67	290.16838693618774	pulse	1	t		65.0	2.5	/experiments/knapen_AOT/AOT_stimuli/rescaled_final/0510_fw.mp4	0.0	313.0806918144226	
67	291.48497891426086	fix_post	2		12	65.0	2.5	/experiments/knapen_AOT/AOT_stimuli/rescaled_final/0510_fw.mp4	0.0	314.3972837924957	0.10006403923034668
68	291.5850429534912	fix_pre	0		120	66.0	2.5	/experiments/knapen_AOT/AOT_stimuli/rescaled_final/0274_fw.mp4	0.0	314.4973478317261	1.0001211166381836
68	291.7686810493469	pulse	0	t		66.0	2.5	/experiments/knapen_AOT/AOT_stimuli/rescaled_final/0274_fw.mp4	0.0	314.6809859275818	
68	292.5851640701294	movie	1		244	66.0	2.5	/experiments/knapen_AOT/AOT_stimuli/rescaled_final/0274_fw.mp4	0.0	315.49746894836426	2.5005037784576416
68	293.3689248561859	pulse	1	t		66.0	2.5	/experiments/knapen_AOT/AOT_stimuli/rescaled_final/0274_fw.mp4	0.0	316.2812297344208	
68	294.96903705596924	pulse	1	t		66.0	2.5	/experiments/knapen_AOT/AOT_stimuli/rescaled_final/0274_fw.mp4	0.0	317.8813419342041	
68	295.08566784858704	fix_post	2		12	66.0	2.5	/experiments/knapen_AOT/AOT_stimuli/rescaled_final/0274_fw.mp4	0.0	317.9979727268219	0.0998830795288086
69	295.18555092811584	fix_pre	0		120	67.0	2.5	/experiments/knapen_AOT/AOT_stimuli/rescaled_final/1728_rv.mp4	0.0	318.0978558063507	1.000209093093872
69	296.1857600212097	movie	1		242	67.0	2.5	/experiments/knapen_AOT/AOT_stimuli/rescaled_final/1728_rv.mp4	0.0	319.0980648994446	2.491973876953125
69	296.5698699951172	pulse	1	t		67.0	2.5	/experiments/knapen_AOT/AOT_stimuli/rescaled_final/1728_rv.mp4	0.0	319.48217487335205	
69	298.16960096359253	pulse	1	t		67.0	2.5	/experiments/knapen_AOT/AOT_stimuli/rescaled_final/1728_rv.mp4	0.0	321.0819058418274	
69	298.67773389816284	fix_post	2		12	67.0	2.5	/experiments/knapen_AOT/AOT_stimuli/rescaled_final/1728_rv.mp4	0.0	321.5900387763977	0.10001206398010254
70	298.77774596214294	fix_pre	0		120	68.0	2.5	blank	1.0	321.6900508403778	1.0001590251922607
70	299.7698860168457	pulse	0	t		68.0	2.5	blank	1.0	322.68219089508057	
70	299.7779049873352	movie	1		301	68.0	2.5	blank	1.0	322.69020986557007	2.5087459087371826
70	301.36261105537415	pulse	1	t		68.0	2.5	blank	1.0	324.274915933609	
70	302.2866508960724	fix_post	2		12	68.0	2.5	blank	1.0	325.19895577430725	0.09997797012329102
71	302.3866288661957	fix_pre	0		120	69.0	2.5	/experiments/knapen_AOT/AOT_stimuli/rescaled_final/1607_fw.mp4	0.0	325.29893374443054	1.0001511573791504
71	302.9627318382263	pulse	0	t		69.0	2.5	/experiments/knapen_AOT/AOT_stimuli/rescaled_final/1607_fw.mp4	0.0	325.8750367164612	
71	303.38678002357483	movie	1		246	69.0	2.5	/experiments/knapen_AOT/AOT_stimuli/rescaled_final/1607_fw.mp4	0.0	326.2990849018097	2.5003960132598877
71	304.56282901763916	pulse	1	t		69.0	2.5	/experiments/knapen_AOT/AOT_stimuli/rescaled_final/1607_fw.mp4	0.0	327.475133895874	
71	305.8871760368347	fix_post	2		12	69.0	2.5	/experiments/knapen_AOT/AOT_stimuli/rescaled_final/1607_fw.mp4	0.0	328.7994809150696	0.09999394416809082
72	305.9871699810028	fix_pre	0		120	70.0	2.5	/experiments/knapen_AOT/AOT_stimuli/rescaled_final/0803_rv.mp4	0.0	328.89947485923767	1.000182867050171
72	306.1631848812103	pulse	0	t		70.0	2.5	/experiments/knapen_AOT/AOT_stimuli/rescaled_final/0803_rv.mp4	0.0	329.0754897594452	
72	306.987352848053	movie	1		244	70.0	2.5	/experiments/knapen_AOT/AOT_stimuli/rescaled_final/0803_rv.mp4	0.0	329.89965772628784	2.5003771781921387
72	307.7627909183502	pulse	1	t		70.0	2.5	/experiments/knapen_AOT/AOT_stimuli/rescaled_final/0803_rv.mp4	0.0	330.6750957965851	
72	309.3628349304199	pulse	1	t		70.0	2.5	/experiments/knapen_AOT/AOT_stimuli/rescaled_final/0803_rv.mp4	0.0	332.2751398086548	
72	309.4877300262451	fix_post	2		12	70.0	2.5	/experiments/knapen_AOT/AOT_stimuli/rescaled_final/0803_rv.mp4	0.0	332.40003490448	0.09995794296264648
73	309.58768796920776	fix_pre	0		120	71.0	2.5	/experiments/knapen_AOT/AOT_stimuli/rescaled_final/0629_rv.mp4	0.0	332.4999928474426	1.0001699924468994
73	310.58785796165466	movie	1		245	71.0	2.5	/experiments/knapen_AOT/AOT_stimuli/rescaled_final/0629_rv.mp4	0.0	333.5001628398895	2.492033004760742
73	310.9630789756775	pulse	1	t		71.0	2.5	/experiments/knapen_AOT/AOT_stimuli/rescaled_final/0629_rv.mp4	0.0	333.87538385391235	
73	312.5635099411011	pulse	1	t		71.0	2.5	/experiments/knapen_AOT/AOT_stimuli/rescaled_final/0629_rv.mp4	0.0	335.47581481933594	
73	313.0798909664154	fix_post	2		12	71.0	2.5	/experiments/knapen_AOT/AOT_stimuli/rescaled_final/0629_rv.mp4	0.0	335.99219584465027	0.09998703002929688
74	313.1798779964447	fix_pre	0		119	72.0	2.5	/experiments/knapen_AOT/AOT_stimuli/rescaled_final/1258_rv.mp4	0.0	336.09218287467957	0.9918479919433594
74	314.16365790367126	pulse	0	t		72.0	2.5	/experiments/knapen_AOT/AOT_stimuli/rescaled_final/1258_rv.mp4	0.0	337.0759627819061	
74	314.17172598838806	movie	1		246	72.0	2.5	/experiments/knapen_AOT/AOT_stimuli/rescaled_final/1258_rv.mp4	0.0	337.0840308666229	2.5087080001831055
74	315.7645139694214	pulse	1	t		72.0	2.5	/experiments/knapen_AOT/AOT_stimuli/rescaled_final/1258_rv.mp4	0.0	338.67681884765625	
74	316.68043398857117	fix_post	2		12	72.0	2.5	/experiments/knapen_AOT/AOT_stimuli/rescaled_final/1258_rv.mp4	0.0	339.59273886680603	0.10001707077026367
75	316.78045105934143	fix_pre	0		120	73.0	2.5	/experiments/knapen_AOT/AOT_stimuli/rescaled_final/0893_rv.mp4	0.0	339.6927559375763	1.0001299381256104
75	317.3640308380127	pulse	0	t		73.0	2.5	/experiments/knapen_AOT/AOT_stimuli/rescaled_final/0893_rv.mp4	0.0	340.27633571624756	
75	317.78058099746704	movie	1		244	73.0	2.5	/experiments/knapen_AOT/AOT_stimuli/rescaled_final/0893_rv.mp4	0.0	340.6928858757019	2.500393867492676
75	318.9643499851227	pulse	1	t		73.0	2.5	/experiments/knapen_AOT/AOT_stimuli/rescaled_final/0893_rv.mp4	0.0	341.87665486335754	
75	320.2809748649597	fix_post	2		12	73.0	2.5	/experiments/knapen_AOT/AOT_stimuli/rescaled_final/0893_rv.mp4	0.0	343.1932797431946	0.09998917579650879
76	320.3809640407562	fix_pre	0		120	74.0	2.5	/experiments/knapen_AOT/AOT_stimuli/rescaled_final/1606_rv.mp4	0.0	343.2932689189911	1.0002198219299316
76	320.56464195251465	pulse	0	t		74.0	2.5	/experiments/knapen_AOT/AOT_stimuli/rescaled_final/1606_rv.mp4	0.0	343.4769468307495	
76	321.38118386268616	movie	1		244	74.0	2.5	/experiments/knapen_AOT/AOT_stimuli/rescaled_final/1606_rv.mp4	0.0	344.293488740921	2.5003252029418945
76	322.1647529602051	pulse	1	t		74.0	2.5	/experiments/knapen_AOT/AOT_stimuli/rescaled_final/1606_rv.mp4	0.0	345.07705783843994	
76	323.76516699790955	pulse	1	t		74.0	2.5	/experiments/knapen_AOT/AOT_stimuli/rescaled_final/1606_rv.mp4	0.0	346.6774718761444	
76	323.88150906562805	fix_post	2		12	74.0	2.5	/experiments/knapen_AOT/AOT_stimuli/rescaled_final/1606_rv.mp4	0.0	346.7938139438629	0.09998393058776855
77	323.9814929962158	fix_pre	0		120	75.0	2.5	/experiments/knapen_AOT/AOT_stimuli/rescaled_final/0250_rv.mp4	0.0	346.8937978744507	1.0001709461212158
77	324.98166394233704	movie	1		244	75.0	2.5	/experiments/knapen_AOT/AOT_stimuli/rescaled_final/0250_rv.mp4	0.0	347.8939688205719	2.4920449256896973
77	325.36569595336914	pulse	1	t		75.0	2.5	/experiments/knapen_AOT/AOT_stimuli/rescaled_final/0250_rv.mp4	0.0	348.278000831604	
77	326.9655108451843	pulse	1	t		75.0	2.5	/experiments/knapen_AOT/AOT_stimuli/rescaled_final/0250_rv.mp4	0.0	349.8778157234192	
77	327.47370886802673	fix_post	2		12	75.0	2.5	/experiments/knapen_AOT/AOT_stimuli/rescaled_final/0250_rv.mp4	0.0	350.3860137462616	0.09999299049377441
78	327.5737018585205	fix_pre	0		120	76.0	2.5	/experiments/knapen_AOT/AOT_stimuli/rescaled_final/2129_rv.mp4	0.0	350.48600673675537	1.0001699924468994
78	328.56576204299927	pulse	0	t		76.0	2.5	/experiments/knapen_AOT/AOT_stimuli/rescaled_final/2129_rv.mp4	0.0	351.47806692123413	
78	328.5738718509674	movie	1		245	76.0	2.5	/experiments/knapen_AOT/AOT_stimuli/rescaled_final/2129_rv.mp4	0.0	351.48617672920227	2.5086669921875
78	330.16652488708496	pulse	1	t		76.0	2.5	/experiments/knapen_AOT/AOT_stimuli/rescaled_final/2129_rv.mp4	0.0	353.0788297653198	
78	331.0825388431549	fix_post	2		12	76.0	2.5	/experiments/knapen_AOT/AOT_stimuli/rescaled_final/2129_rv.mp4	0.0	353.99484372138977	0.10003209114074707
79	331.18257093429565	fix_pre	0		120	77.0	2.5	blank	1.0	354.0948758125305	1.0001780986785889
79	331.76617193222046	pulse	0	t		77.0	2.5	blank	1.0	354.6784768104553	
79	332.18274903297424	movie	1		300	77.0	2.5	blank	1.0	355.0950539112091	2.5003559589385986
79	333.36652398109436	pulse	1	t		77.0	2.5	blank	1.0	356.2788288593292	
79	334.68310499191284	fix_post	2		12	77.0	2.5	blank	1.0	357.5954098701477	0.10000991821289062
80	334.78311491012573	fix_pre	0		120	78.0	2.5	/experiments/knapen_AOT/AOT_stimuli/rescaled_final/0319_fw.mp4	0.0	357.6954197883606	1.0001330375671387
80	334.9667229652405	pulse	0	t		78.0	2.5	/experiments/knapen_AOT/AOT_stimuli/rescaled_final/0319_fw.mp4	0.0	357.87902784347534	
80	335.78324794769287	movie	1		245	78.0	2.5	/experiments/knapen_AOT/AOT_stimuli/rescaled_final/0319_fw.mp4	0.0	358.69555282592773	2.500404119491577
80	336.5669279098511	pulse	1	t		78.0	2.5	/experiments/knapen_AOT/AOT_stimuli/rescaled_final/0319_fw.mp4	0.0	359.47923278808594	
80	338.16722106933594	pulse	1	t		78.0	2.5	/experiments/knapen_AOT/AOT_stimuli/rescaled_final/0319_fw.mp4	0.0	361.0795259475708	
80	338.28365206718445	fix_post	2		12	78.0	2.5	/experiments/knapen_AOT/AOT_stimuli/rescaled_final/0319_fw.mp4	0.0	361.1959569454193	0.09999680519104004
81	338.3836488723755	fix_pre	0		120	79.0	2.5	/experiments/knapen_AOT/AOT_stimuli/rescaled_final/0945_fw.mp4	0.0	361.29595375061035	1.003218173980713
81	339.3868670463562	movie	1		241	79.0	2.5	/experiments/knapen_AOT/AOT_stimuli/rescaled_final/0945_fw.mp4	0.0	362.29917192459106	2.489001989364624
81	339.7678508758545	pulse	1	t		79.0	2.5	/experiments/knapen_AOT/AOT_stimuli/rescaled_final/0945_fw.mp4	0.0	362.68015575408936	
81	341.36777091026306	pulse	1	t		79.0	2.5	/experiments/knapen_AOT/AOT_stimuli/rescaled_final/0945_fw.mp4	0.0	364.2800757884979	
81	341.8758690357208	fix_post	2		12	79.0	2.5	/experiments/knapen_AOT/AOT_stimuli/rescaled_final/0945_fw.mp4	0.0	364.7881739139557	0.10001397132873535
82	341.97588300704956	fix_pre	0		120	80.0	2.5	/experiments/knapen_AOT/AOT_stimuli/rescaled_final/0329_fw.mp4	0.0	364.8881878852844	1.000119924545288
82	342.9679219722748	pulse	0	t		80.0	2.5	/experiments/knapen_AOT/AOT_stimuli/rescaled_final/0329_fw.mp4	0.0	365.88022685050964	
82	342.97600293159485	movie	1		247	80.0	2.5	/experiments/knapen_AOT/AOT_stimuli/rescaled_final/0329_fw.mp4	0.0	365.8883078098297	2.5087499618530273
82	344.56869983673096	pulse	1	t		80.0	2.5	/experiments/knapen_AOT/AOT_stimuli/rescaled_final/0329_fw.mp4	0.0	367.4810047149658	
82	345.4847528934479	fix_post	2		12	80.0	2.5	/experiments/knapen_AOT/AOT_stimuli/rescaled_final/0329_fw.mp4	0.0	368.39705777168274	0.09997296333312988
83	345.584725856781	fix_pre	0		120	81.0	2.5	/experiments/knapen_AOT/AOT_stimuli/rescaled_final/0506_fw.mp4	0.0	368.49703073501587	1.000136137008667
83	346.1684100627899	pulse	0	t		81.0	2.5	/experiments/knapen_AOT/AOT_stimuli/rescaled_final/0506_fw.mp4	0.0	369.0807149410248	
83	346.5848619937897	movie	1		250	81.0	2.5	/experiments/knapen_AOT/AOT_stimuli/rescaled_final/0506_fw.mp4	0.0	369.49716687202454	2.500432014465332
83	347.7687609195709	pulse	1	t		81.0	2.5	/experiments/knapen_AOT/AOT_stimuli/rescaled_final/0506_fw.mp4	0.0	370.6810657978058	
83	349.085294008255	fix_post	2		12	81.0	2.5	/experiments/knapen_AOT/AOT_stimuli/rescaled_final/0506_fw.mp4	0.0	371.99759888648987	0.09996390342712402
84	349.18525791168213	fix_pre	0		120	82.0	2.5	/experiments/knapen_AOT/AOT_stimuli/rescaled_final/1341_rv.mp4	0.0	372.097562789917	1.000195026397705
84	349.3688428401947	pulse	0	t		82.0	2.5	/experiments/knapen_AOT/AOT_stimuli/rescaled_final/1341_rv.mp4	0.0	372.28114771842957	
84	350.18545293807983	movie	1		246	82.0	2.5	/experiments/knapen_AOT/AOT_stimuli/rescaled_final/1341_rv.mp4	0.0	373.0977578163147	2.500304937362671
84	350.9690170288086	pulse	1	t		82.0	2.5	/experiments/knapen_AOT/AOT_stimuli/rescaled_final/1341_rv.mp4	0.0	373.88132190704346	
84	352.5694169998169	pulse	1	t		82.0	2.5	/experiments/knapen_AOT/AOT_stimuli/rescaled_final/1341_rv.mp4	0.0	375.48172187805176	
84	352.6857578754425	fix_post	2		12	82.0	2.5	/experiments/knapen_AOT/AOT_stimuli/rescaled_final/1341_rv.mp4	0.0	375.59806275367737	0.10003519058227539
85	352.7857930660248	fix_pre	0		120	83.0	2.5	blank	1.0	375.69809794425964	1.0001158714294434
85	353.7859089374542	movie	1		299	83.0	2.5	blank	1.0	376.6982138156891	2.4920740127563477
85	354.1696698665619	pulse	1	t		83.0	2.5	blank	1.0	377.08197474479675	
85	355.7698109149933	pulse	1	t		83.0	2.5	blank	1.0	378.68211579322815	
85	356.27798295021057	fix_post	2		12	83.0	2.5	blank	1.0	379.19028782844543	0.10001206398010254
87	356.3779950141907	stim	0		1716					379.29029989242554	14.302177906036377
87	357.36999702453613	pulse	0	t						380.282301902771	
87	358.96305799484253	pulse	0	t						381.8753628730774	
87	360.56298899650574	pulse	0	t						383.4752938747406	
87	362.1633069515228	pulse	0	t						385.0756118297577	
87	363.7636070251465	pulse	0	t						386.67591190338135	
87	365.36380195617676	pulse	0	t						388.2761068344116	
87	366.963919878006	pulse	0	t						389.87622475624084	
87	368.5632200241089	pulse	0	t						391.47552490234375	
87	370.16359996795654	pulse	0	t						393.0759048461914	
