trial_nr	onset	event_type	phase	response	nr_frames	movie_index	movie_duration	movie_file	blank	onset_abs	duration
0	0.1999340057373047	stim	0		216					24.912060022354126	1.8001391887664795
0	1.9919641017913818	response	0	space						26.704090118408203	
1	2.000073194503784	stim	0		5531					26.712199211120605	46.10992097854614
1	48.10008716583252	pulse	0	t						72.81221318244934	
1	48.10999417304993	stim	1		1716					72.82212018966675	14.30745792388916
1	49.69082713127136	pulse	1	t						74.40295314788818	
1	51.29110598564148	pulse	1	t						76.0032320022583	
1	52.89126896858215	pulse	1	t						77.60339498519897	
1	54.491414070129395	pulse	1	t						79.20354008674622	
1	56.091729164123535	pulse	1	t						80.80385518074036	
1	57.6844220161438	pulse	1	t						82.39654803276062	
1	59.28466606140137	pulse	1	t						83.99679207801819	
1	60.88489103317261	pulse	1	t						85.59701704978943	
2	62.41745209693909	fix_pre	0		10	0.0	2.5	/experiments/knapen_AOT/AOT_stimuli/rescaled_final/0231_fw.mp4	0.0	87.12957811355591	0.08332300186157227
2	62.48519015312195	pulse	0	t		0.0	2.5	/experiments/knapen_AOT/AOT_stimuli/rescaled_final/0231_fw.mp4	0.0	87.19731616973877	
2	62.50077509880066	movie	1		244	0.0	2.5	/experiments/knapen_AOT/AOT_stimuli/rescaled_final/0231_fw.mp4	0.0	87.21290111541748	2.508694887161255
2	64.09402418136597	pulse	1	t		0.0	2.5	/experiments/knapen_AOT/AOT_stimuli/rescaled_final/0231_fw.mp4	0.0	88.80615019798279	
2	65.00946998596191	fix_post	2		12	0.0	2.5	/experiments/knapen_AOT/AOT_stimuli/rescaled_final/0231_fw.mp4	0.0	89.72159600257874	0.10001707077026367
3	65.10948705673218	fix_pre	0		120	1.0	2.5	/experiments/knapen_AOT/AOT_stimuli/rescaled_final/0723_fw.mp4	0.0	89.821613073349	1.0001609325408936
3	65.68481302261353	pulse	0	t		1.0	2.5	/experiments/knapen_AOT/AOT_stimuli/rescaled_final/0723_fw.mp4	0.0	90.39693903923035	
3	66.10964798927307	movie	1		245	1.0	2.5	/experiments/knapen_AOT/AOT_stimuli/rescaled_final/0723_fw.mp4	0.0	90.82177400588989	2.500444173812866
3	67.2855281829834	pulse	1	t		1.0	2.5	/experiments/knapen_AOT/AOT_stimuli/rescaled_final/0723_fw.mp4	0.0	91.99765419960022	
3	68.61009216308594	fix_post	2		12	1.0	2.5	/experiments/knapen_AOT/AOT_stimuli/rescaled_final/0723_fw.mp4	0.0	93.32221817970276	0.0999758243560791
4	68.71006798744202	fix_pre	0		120	2.0	2.5	/experiments/knapen_AOT/AOT_stimuli/rescaled_final/0998_rv.mp4	0.0	93.42219400405884	1.0001239776611328
4	68.88531398773193	pulse	0	t		2.0	2.5	/experiments/knapen_AOT/AOT_stimuli/rescaled_final/0998_rv.mp4	0.0	93.59744000434875	
4	69.71019196510315	movie	1		244	2.0	2.5	/experiments/knapen_AOT/AOT_stimuli/rescaled_final/0998_rv.mp4	0.0	94.42231798171997	2.5004031658172607
4	70.48554515838623	pulse	1	t		2.0	2.5	/experiments/knapen_AOT/AOT_stimuli/rescaled_final/0998_rv.mp4	0.0	95.19767117500305	
4	72.08579301834106	pulse	1	t		2.0	2.5	/experiments/knapen_AOT/AOT_stimuli/rescaled_final/0998_rv.mp4	0.0	96.79791903495789	
4	72.21059513092041	fix_post	2		12	2.0	2.5	/experiments/knapen_AOT/AOT_stimuli/rescaled_final/0998_rv.mp4	0.0	96.92272114753723	0.09994101524353027
5	72.31053614616394	fix_pre	0		119	3.0	2.5	/experiments/knapen_AOT/AOT_stimuli/rescaled_final/0441_fw.mp4	0.0	97.02266216278076	0.991879940032959
5	73.3024160861969	movie	1		243	3.0	2.5	/experiments/knapen_AOT/AOT_stimuli/rescaled_final/0441_fw.mp4	0.0	98.01454210281372	2.500314950942993
5	73.68667817115784	pulse	1	t		3.0	2.5	/experiments/knapen_AOT/AOT_stimuli/rescaled_final/0441_fw.mp4	0.0	98.39880418777466	
5	75.28620505332947	pulse	1	t		3.0	2.5	/experiments/knapen_AOT/AOT_stimuli/rescaled_final/0441_fw.mp4	0.0	99.99833106994629	
5	75.80273103713989	fix_post	2		12	3.0	2.5	/experiments/knapen_AOT/AOT_stimuli/rescaled_final/0441_fw.mp4	0.0	100.51485705375671	0.10002803802490234
6	75.9027590751648	fix_pre	0		119	4.0	2.5	/experiments/knapen_AOT/AOT_stimuli/rescaled_final/1292_rv.mp4	0.0	100.61488509178162	0.9918570518493652
6	76.88642311096191	pulse	0	t		4.0	2.5	/experiments/knapen_AOT/AOT_stimuli/rescaled_final/1292_rv.mp4	0.0	101.59854912757874	
6	76.89461612701416	movie	1		245	4.0	2.5	/experiments/knapen_AOT/AOT_stimuli/rescaled_final/1292_rv.mp4	0.0	101.60674214363098	2.508687973022461
6	78.48733496665955	pulse	1	t		4.0	2.5	/experiments/knapen_AOT/AOT_stimuli/rescaled_final/1292_rv.mp4	0.0	103.19946098327637	
6	79.40330410003662	fix_post	2		12	4.0	2.5	/experiments/knapen_AOT/AOT_stimuli/rescaled_final/1292_rv.mp4	0.0	104.11543011665344	0.09999203681945801
7	79.50329613685608	fix_pre	0		120	5.0	2.5	blank	1.0	104.2154221534729	1.0001988410949707
7	80.08694005012512	pulse	0	t		5.0	2.5	blank	1.0	104.79906606674194	
7	80.50349497795105	movie	1		300	5.0	2.5	blank	1.0	105.21562099456787	2.5003600120544434
7	81.68721318244934	pulse	1	t		5.0	2.5	blank	1.0	106.39933919906616	
7	83.0038549900055	fix_post	2		12	5.0	2.5	blank	1.0	107.71598100662231	0.10000014305114746
8	83.10385513305664	fix_pre	0		120	6.0	2.5	/experiments/knapen_AOT/AOT_stimuli/rescaled_final/1180_rv.mp4	0.0	107.81598114967346	1.0001659393310547
8	83.28736996650696	pulse	0	t		6.0	2.5	/experiments/knapen_AOT/AOT_stimuli/rescaled_final/1180_rv.mp4	0.0	107.99949598312378	
8	84.1040210723877	movie	1		243	6.0	2.5	/experiments/knapen_AOT/AOT_stimuli/rescaled_final/1180_rv.mp4	0.0	108.81614708900452	2.5003340244293213
8	84.88765811920166	pulse	1	t		6.0	2.5	/experiments/knapen_AOT/AOT_stimuli/rescaled_final/1180_rv.mp4	0.0	109.59978413581848	
8	86.48841404914856	pulse	1	t		6.0	2.5	/experiments/knapen_AOT/AOT_stimuli/rescaled_final/1180_rv.mp4	0.0	111.20054006576538	
8	86.60435509681702	fix_post	2		12	6.0	2.5	/experiments/knapen_AOT/AOT_stimuli/rescaled_final/1180_rv.mp4	0.0	111.31648111343384	0.10005688667297363
9	86.70441198348999	fix_pre	0		120	7.0	2.5	/experiments/knapen_AOT/AOT_stimuli/rescaled_final/1682_rv.mp4	0.0	111.41653800010681	1.0001420974731445
9	87.70455408096313	movie	1		243	7.0	2.5	/experiments/knapen_AOT/AOT_stimuli/rescaled_final/1682_rv.mp4	0.0	112.41668009757996	2.492017984390259
9	88.08968615531921	pulse	1	t		7.0	2.5	/experiments/knapen_AOT/AOT_stimuli/rescaled_final/1682_rv.mp4	0.0	112.80181217193604	
9	89.6883430480957	pulse	1	t		7.0	2.5	/experiments/knapen_AOT/AOT_stimuli/rescaled_final/1682_rv.mp4	0.0	114.40046906471252	
9	90.1965720653534	fix_post	2		12	7.0	2.5	/experiments/knapen_AOT/AOT_stimuli/rescaled_final/1682_rv.mp4	0.0	114.90869808197021	0.09996795654296875
10	90.29654002189636	fix_pre	0		120	8.0	2.5	/experiments/knapen_AOT/AOT_stimuli/rescaled_final/1100_fw.mp4	0.0	115.00866603851318	1.0002000331878662
10	91.28862714767456	pulse	0	t		8.0	2.5	/experiments/knapen_AOT/AOT_stimuli/rescaled_final/1100_fw.mp4	0.0	116.00075316429138	
10	91.29674005508423	movie	1		244	8.0	2.5	/experiments/knapen_AOT/AOT_stimuli/rescaled_final/1100_fw.mp4	0.0	116.00886607170105	2.508739948272705
10	92.88954210281372	pulse	1	t		8.0	2.5	/experiments/knapen_AOT/AOT_stimuli/rescaled_final/1100_fw.mp4	0.0	117.60166811943054	
10	93.80548000335693	fix_post	2		12	8.0	2.5	/experiments/knapen_AOT/AOT_stimuli/rescaled_final/1100_fw.mp4	0.0	118.51760601997375	0.09992218017578125
11	93.90540218353271	fix_pre	0		120	9.0	2.5	/experiments/knapen_AOT/AOT_stimuli/rescaled_final/1444_fw.mp4	0.0	118.61752820014954	1.0002307891845703
11	94.48905301094055	pulse	0	t		9.0	2.5	/experiments/knapen_AOT/AOT_stimuli/rescaled_final/1444_fw.mp4	0.0	119.20117902755737	
11	94.90563297271729	movie	1		245	9.0	2.5	/experiments/knapen_AOT/AOT_stimuli/rescaled_final/1444_fw.mp4	0.0	119.6177589893341	2.5003561973571777
11	96.0895311832428	pulse	1	t		9.0	2.5	/experiments/knapen_AOT/AOT_stimuli/rescaled_final/1444_fw.mp4	0.0	120.80165719985962	
11	97.40598917007446	fix_post	2		12	9.0	2.5	/experiments/knapen_AOT/AOT_stimuli/rescaled_final/1444_fw.mp4	0.0	122.11811518669128	0.09999990463256836
12	97.50598907470703	fix_pre	0		120	10.0	2.5	/experiments/knapen_AOT/AOT_stimuli/rescaled_final/1934_rv.mp4	0.0	122.21811509132385	1.0001780986785889
12	97.68957710266113	pulse	0	t		10.0	2.5	/experiments/knapen_AOT/AOT_stimuli/rescaled_final/1934_rv.mp4	0.0	122.40170311927795	
12	98.50616717338562	movie	1		243	10.0	2.5	/experiments/knapen_AOT/AOT_stimuli/rescaled_final/1934_rv.mp4	0.0	123.21829319000244	2.5004048347473145
12	99.28986310958862	pulse	1	t		10.0	2.5	/experiments/knapen_AOT/AOT_stimuli/rescaled_final/1934_rv.mp4	0.0	124.00198912620544	
12	100.89000701904297	pulse	1	t		10.0	2.5	/experiments/knapen_AOT/AOT_stimuli/rescaled_final/1934_rv.mp4	0.0	125.60213303565979	
12	101.00657200813293	fix_post	2		12	10.0	2.5	/experiments/knapen_AOT/AOT_stimuli/rescaled_final/1934_rv.mp4	0.0	125.71869802474976	0.0999460220336914
13	101.10651803016663	fix_pre	0		120	11.0	2.5	/experiments/knapen_AOT/AOT_stimuli/rescaled_final/1467_rv.mp4	0.0	125.81864404678345	1.0001680850982666
13	102.10668611526489	movie	1		242	11.0	2.5	/experiments/knapen_AOT/AOT_stimuli/rescaled_final/1467_rv.mp4	0.0	126.81881213188171	2.492086887359619
13	102.49077320098877	pulse	1	t		11.0	2.5	/experiments/knapen_AOT/AOT_stimuli/rescaled_final/1467_rv.mp4	0.0	127.20289921760559	
13	104.09053015708923	pulse	1	t		11.0	2.5	/experiments/knapen_AOT/AOT_stimuli/rescaled_final/1467_rv.mp4	0.0	128.80265617370605	
13	104.59877300262451	fix_post	2		12	11.0	2.5	/experiments/knapen_AOT/AOT_stimuli/rescaled_final/1467_rv.mp4	0.0	129.31089901924133	0.0999610424041748
14	104.69873404502869	fix_pre	0		120	12.0	2.5	/experiments/knapen_AOT/AOT_stimuli/rescaled_final/0285_rv.mp4	0.0	129.4108600616455	1.0001659393310547
14	105.69086718559265	pulse	0	t		12.0	2.5	/experiments/knapen_AOT/AOT_stimuli/rescaled_final/0285_rv.mp4	0.0	130.40299320220947	
14	105.69889998435974	movie	1		244	12.0	2.5	/experiments/knapen_AOT/AOT_stimuli/rescaled_final/0285_rv.mp4	0.0	130.41102600097656	2.5086851119995117
14	107.29169607162476	pulse	1	t		12.0	2.5	/experiments/knapen_AOT/AOT_stimuli/rescaled_final/0285_rv.mp4	0.0	132.00382208824158	
14	108.20758509635925	fix_post	2		12	12.0	2.5	/experiments/knapen_AOT/AOT_stimuli/rescaled_final/0285_rv.mp4	0.0	132.91971111297607	0.10000801086425781
15	108.30759310722351	fix_pre	0		120	13.0	2.5	/experiments/knapen_AOT/AOT_stimuli/rescaled_final/1016_rv.mp4	0.0	133.01971912384033	1.000175952911377
15	108.89123916625977	pulse	0	t		13.0	2.5	/experiments/knapen_AOT/AOT_stimuli/rescaled_final/1016_rv.mp4	0.0	133.6033651828766	
15	109.30776906013489	movie	1		247	13.0	2.5	/experiments/knapen_AOT/AOT_stimuli/rescaled_final/1016_rv.mp4	0.0	134.0198950767517	2.5003600120544434
15	110.4915931224823	pulse	1	t		13.0	2.5	/experiments/knapen_AOT/AOT_stimuli/rescaled_final/1016_rv.mp4	0.0	135.20371913909912	
15	111.80812907218933	fix_post	2		12	13.0	2.5	/experiments/knapen_AOT/AOT_stimuli/rescaled_final/1016_rv.mp4	0.0	136.52025508880615	0.10001707077026367
16	111.9081461429596	fix_pre	0		120	14.0	2.5	blank	1.0	136.62027215957642	1.0001718997955322
16	112.0841372013092	pulse	0	t		14.0	2.5	blank	1.0	136.79626321792603	
16	112.90831804275513	movie	1		300	14.0	2.5	blank	1.0	137.62044405937195	2.5003459453582764
16	113.68455219268799	pulse	1	t		14.0	2.5	blank	1.0	138.3966782093048	
16	115.28480815887451	pulse	1	t		14.0	2.5	blank	1.0	139.99693417549133	
16	115.4086639881134	fix_post	2		12	14.0	2.5	blank	1.0	140.12079000473022	0.10002803802490234
17	115.5086920261383	fix_pre	0		120	15.0	2.5	/experiments/knapen_AOT/AOT_stimuli/rescaled_final/1467_rv.mp4	0.0	140.22081804275513	1.003519058227539
17	116.51221108436584	movie	1		239	15.0	2.5	/experiments/knapen_AOT/AOT_stimuli/rescaled_final/1467_rv.mp4	0.0	141.22433710098267	2.4886879920959473
17	116.89717411994934	pulse	1	t		15.0	2.5	/experiments/knapen_AOT/AOT_stimuli/rescaled_final/1467_rv.mp4	0.0	141.60930013656616	
17	118.48448300361633	pulse	1	t		15.0	2.5	/experiments/knapen_AOT/AOT_stimuli/rescaled_final/1467_rv.mp4	0.0	143.19660902023315	
17	119.00089907646179	fix_post	2		12	15.0	2.5	/experiments/knapen_AOT/AOT_stimuli/rescaled_final/1467_rv.mp4	0.0	143.7130250930786	0.10000491142272949
18	119.10090398788452	fix_pre	0		119	16.0	2.5	/experiments/knapen_AOT/AOT_stimuli/rescaled_final/1141_fw.mp4	0.0	143.81303000450134	0.9917891025543213
18	120.08450603485107	pulse	0	t		16.0	2.5	/experiments/knapen_AOT/AOT_stimuli/rescaled_final/1141_fw.mp4	0.0	144.7966320514679	
18	120.09269309043884	movie	1		245	16.0	2.5	/experiments/knapen_AOT/AOT_stimuli/rescaled_final/1141_fw.mp4	0.0	144.80481910705566	2.5087029933929443
18	121.689208984375	pulse	1	t		16.0	2.5	/experiments/knapen_AOT/AOT_stimuli/rescaled_final/1141_fw.mp4	0.0	146.40133500099182	
18	122.60139608383179	fix_post	2		12	16.0	2.5	/experiments/knapen_AOT/AOT_stimuli/rescaled_final/1141_fw.mp4	0.0	147.3135221004486	0.10002303123474121
19	122.70141911506653	fix_pre	0		120	17.0	2.5	/experiments/knapen_AOT/AOT_stimuli/rescaled_final/0605_rv.mp4	0.0	147.41354513168335	1.0002448558807373
19	123.28516697883606	pulse	0	t		17.0	2.5	/experiments/knapen_AOT/AOT_stimuli/rescaled_final/0605_rv.mp4	0.0	147.99729299545288	
19	123.70166397094727	movie	1		244	17.0	2.5	/experiments/knapen_AOT/AOT_stimuli/rescaled_final/0605_rv.mp4	0.0	148.4137899875641	2.5002682209014893
19	124.8853349685669	pulse	1	t		17.0	2.5	/experiments/knapen_AOT/AOT_stimuli/rescaled_final/0605_rv.mp4	0.0	149.59746098518372	
19	126.20193219184875	fix_post	2		12	17.0	2.5	/experiments/knapen_AOT/AOT_stimuli/rescaled_final/0605_rv.mp4	0.0	150.91405820846558	0.10006999969482422
20	126.30200219154358	fix_pre	0		120	18.0	2.5	/experiments/knapen_AOT/AOT_stimuli/rescaled_final/1408_fw.mp4	0.0	151.0141282081604	1.0001099109649658
20	126.48552107810974	pulse	0	t		18.0	2.5	/experiments/knapen_AOT/AOT_stimuli/rescaled_final/1408_fw.mp4	0.0	151.19764709472656	
20	127.30211210250854	movie	1		244	18.0	2.5	/experiments/knapen_AOT/AOT_stimuli/rescaled_final/1408_fw.mp4	0.0	152.01423811912537	2.500343084335327
20	128.08580112457275	pulse	1	t		18.0	2.5	/experiments/knapen_AOT/AOT_stimuli/rescaled_final/1408_fw.mp4	0.0	152.79792714118958	
20	129.6860589981079	pulse	1	t		18.0	2.5	/experiments/knapen_AOT/AOT_stimuli/rescaled_final/1408_fw.mp4	0.0	154.39818501472473	
20	129.80245518684387	fix_post	2		12	18.0	2.5	/experiments/knapen_AOT/AOT_stimuli/rescaled_final/1408_fw.mp4	0.0	154.5145812034607	0.1000068187713623
21	129.90246200561523	fix_pre	0		120	19.0	2.5	/experiments/knapen_AOT/AOT_stimuli/rescaled_final/1622_rv.mp4	0.0	154.61458802223206	1.0001981258392334
21	130.90266013145447	movie	1		242	19.0	2.5	/experiments/knapen_AOT/AOT_stimuli/rescaled_final/1622_rv.mp4	0.0	155.6147861480713	2.492011070251465
21	131.28683614730835	pulse	1	t		19.0	2.5	/experiments/knapen_AOT/AOT_stimuli/rescaled_final/1622_rv.mp4	0.0	155.99896216392517	
21	132.8864459991455	pulse	1	t		19.0	2.5	/experiments/knapen_AOT/AOT_stimuli/rescaled_final/1622_rv.mp4	0.0	157.59857201576233	
21	133.39467120170593	fix_post	2		12	19.0	2.5	/experiments/knapen_AOT/AOT_stimuli/rescaled_final/1622_rv.mp4	0.0	158.10679721832275	0.10007596015930176
22	133.49474716186523	fix_pre	0		120	20.0	2.5	/experiments/knapen_AOT/AOT_stimuli/rescaled_final/1228_fw.mp4	0.0	158.20687317848206	1.0001330375671387
22	134.4867401123047	pulse	0	t		20.0	2.5	/experiments/knapen_AOT/AOT_stimuli/rescaled_final/1228_fw.mp4	0.0	159.1988661289215	
22	134.49488019943237	movie	1		245	20.0	2.5	/experiments/knapen_AOT/AOT_stimuli/rescaled_final/1228_fw.mp4	0.0	159.2070062160492	2.5086729526519775
22	136.087543964386	pulse	1	t		20.0	2.5	/experiments/knapen_AOT/AOT_stimuli/rescaled_final/1228_fw.mp4	0.0	160.7996699810028	
22	137.00355315208435	fix_post	2		12	20.0	2.5	/experiments/knapen_AOT/AOT_stimuli/rescaled_final/1228_fw.mp4	0.0	161.71567916870117	0.10009193420410156
23	137.10364508628845	fix_pre	0		120	21.0	2.5	blank	1.0	161.81577110290527	1.000075101852417
23	137.68724703788757	pulse	0	t		21.0	2.5	blank	1.0	162.3993730545044	
23	138.10372018814087	movie	1		300	21.0	2.5	blank	1.0	162.8158462047577	2.500398874282837
23	139.28737902641296	pulse	1	t		21.0	2.5	blank	1.0	163.99950504302979	
23	140.6041190624237	fix_post	2		12	21.0	2.5	blank	1.0	165.31624507904053	0.09998202323913574
24	140.70410108566284	fix_pre	0		120	22.0	2.5	/experiments/knapen_AOT/AOT_stimuli/rescaled_final/0610_rv.mp4	0.0	165.41622710227966	1.0001530647277832
24	140.8877739906311	pulse	0	t		22.0	2.5	/experiments/knapen_AOT/AOT_stimuli/rescaled_final/0610_rv.mp4	0.0	165.59990000724792	
24	141.70425415039062	movie	1		243	22.0	2.5	/experiments/knapen_AOT/AOT_stimuli/rescaled_final/0610_rv.mp4	0.0	166.41638016700745	2.50040602684021
24	142.48805212974548	pulse	1	t		22.0	2.5	/experiments/knapen_AOT/AOT_stimuli/rescaled_final/0610_rv.mp4	0.0	167.2001781463623	
24	144.08814311027527	pulse	1	t		22.0	2.5	/experiments/knapen_AOT/AOT_stimuli/rescaled_final/0610_rv.mp4	0.0	168.8002691268921	
24	144.20466017723083	fix_post	2		12	22.0	2.5	/experiments/knapen_AOT/AOT_stimuli/rescaled_final/0610_rv.mp4	0.0	168.91678619384766	0.09998679161071777
25	144.30464696884155	fix_pre	0		120	23.0	2.5	/experiments/knapen_AOT/AOT_stimuli/rescaled_final/0424_rv.mp4	0.0	169.01677298545837	1.0001561641693115
25	145.30480313301086	movie	1		244	23.0	2.5	/experiments/knapen_AOT/AOT_stimuli/rescaled_final/0424_rv.mp4	0.0	170.01692914962769	2.492027997970581
25	145.68898701667786	pulse	1	t		23.0	2.5	/experiments/knapen_AOT/AOT_stimuli/rescaled_final/0424_rv.mp4	0.0	170.40111303329468	
25	147.28867316246033	pulse	1	t		23.0	2.5	/experiments/knapen_AOT/AOT_stimuli/rescaled_final/0424_rv.mp4	0.0	172.00079917907715	
25	147.79683113098145	fix_post	2		12	23.0	2.5	/experiments/knapen_AOT/AOT_stimuli/rescaled_final/0424_rv.mp4	0.0	172.50895714759827	0.10002303123474121
26	147.8968541622162	fix_pre	0		120	24.0	2.5	/experiments/knapen_AOT/AOT_stimuli/rescaled_final/0032_fw.mp4	0.0	172.608980178833	1.000169038772583
26	148.88894414901733	pulse	0	t		24.0	2.5	/experiments/knapen_AOT/AOT_stimuli/rescaled_final/0032_fw.mp4	0.0	173.60107016563416	
26	148.89702320098877	movie	1		246	24.0	2.5	/experiments/knapen_AOT/AOT_stimuli/rescaled_final/0032_fw.mp4	0.0	173.6091492176056	2.508725881576538
26	150.4899570941925	pulse	1	t		24.0	2.5	/experiments/knapen_AOT/AOT_stimuli/rescaled_final/0032_fw.mp4	0.0	175.20208311080933	
26	151.4057490825653	fix_post	2		12	24.0	2.5	/experiments/knapen_AOT/AOT_stimuli/rescaled_final/0032_fw.mp4	0.0	176.11787509918213	0.09999608993530273
27	151.5057451725006	fix_pre	0		120	25.0	2.5	/experiments/knapen_AOT/AOT_stimuli/rescaled_final/0018_rv.mp4	0.0	176.21787118911743	1.000182867050171
27	152.08933115005493	pulse	0	t		25.0	2.5	/experiments/knapen_AOT/AOT_stimuli/rescaled_final/0018_rv.mp4	0.0	176.80145716667175	
27	152.50592803955078	movie	1		244	25.0	2.5	/experiments/knapen_AOT/AOT_stimuli/rescaled_final/0018_rv.mp4	0.0	177.2180540561676	2.500322103500366
27	153.68965911865234	pulse	1	t		25.0	2.5	/experiments/knapen_AOT/AOT_stimuli/rescaled_final/0018_rv.mp4	0.0	178.40178513526917	
27	155.00625014305115	fix_post	2		12	25.0	2.5	/experiments/knapen_AOT/AOT_stimuli/rescaled_final/0018_rv.mp4	0.0	179.71837615966797	0.10000896453857422
28	155.10625910758972	fix_pre	0		120	26.0	2.5	/experiments/knapen_AOT/AOT_stimuli/rescaled_final/1023_rv.mp4	0.0	179.81838512420654	1.0001518726348877
28	155.28982210159302	pulse	0	t		26.0	2.5	/experiments/knapen_AOT/AOT_stimuli/rescaled_final/1023_rv.mp4	0.0	180.00194811820984	
28	156.1064109802246	movie	1		243	26.0	2.5	/experiments/knapen_AOT/AOT_stimuli/rescaled_final/1023_rv.mp4	0.0	180.81853699684143	2.5003561973571777
28	156.89022517204285	pulse	1	t		26.0	2.5	/experiments/knapen_AOT/AOT_stimuli/rescaled_final/1023_rv.mp4	0.0	181.60235118865967	
28	158.49027705192566	pulse	1	t		26.0	2.5	/experiments/knapen_AOT/AOT_stimuli/rescaled_final/1023_rv.mp4	0.0	183.20240306854248	
28	158.6067671775818	fix_post	2		12	26.0	2.5	/experiments/knapen_AOT/AOT_stimuli/rescaled_final/1023_rv.mp4	0.0	183.3188931941986	0.1000528335571289
29	158.70682001113892	fix_pre	0		120	27.0	2.5	/experiments/knapen_AOT/AOT_stimuli/rescaled_final/0068_fw.mp4	0.0	183.41894602775574	1.0001330375671387
29	159.70695304870605	movie	1		245	27.0	2.5	/experiments/knapen_AOT/AOT_stimuli/rescaled_final/0068_fw.mp4	0.0	184.41907906532288	2.492079973220825
29	160.09203505516052	pulse	1	t		27.0	2.5	/experiments/knapen_AOT/AOT_stimuli/rescaled_final/0068_fw.mp4	0.0	184.80416107177734	
29	161.690838098526	pulse	1	t		27.0	2.5	/experiments/knapen_AOT/AOT_stimuli/rescaled_final/0068_fw.mp4	0.0	186.40296411514282	
29	162.19903302192688	fix_post	2		12	27.0	2.5	/experiments/knapen_AOT/AOT_stimuli/rescaled_final/0068_fw.mp4	0.0	186.9111590385437	0.09998798370361328
30	162.2990210056305	fix_pre	0		120	28.0	2.5	blank	1.0	187.01114702224731	1.0001239776611328
30	163.29108810424805	pulse	0	t		28.0	2.5	blank	1.0	188.00321412086487	
30	163.29914498329163	movie	1		301	28.0	2.5	blank	1.0	188.01127099990845	2.5087170600891113
30	164.89130806922913	pulse	1	t		28.0	2.5	blank	1.0	189.60343408584595	
30	165.80786204338074	fix_post	2		12	28.0	2.5	blank	1.0	190.51998805999756	0.10002803802490234
31	165.90789008140564	fix_pre	0		120	29.0	2.5	/experiments/knapen_AOT/AOT_stimuli/rescaled_final/0059_fw.mp4	0.0	190.62001609802246	1.000269889831543
31	166.4915750026703	pulse	0	t		29.0	2.5	/experiments/knapen_AOT/AOT_stimuli/rescaled_final/0059_fw.mp4	0.0	191.2037010192871	
31	166.90815997123718	movie	1		244	29.0	2.5	/experiments/knapen_AOT/AOT_stimuli/rescaled_final/0059_fw.mp4	0.0	191.620285987854	2.500223159790039
31	168.09185218811035	pulse	1	t		29.0	2.5	/experiments/knapen_AOT/AOT_stimuli/rescaled_final/0059_fw.mp4	0.0	192.80397820472717	
31	169.40838313102722	fix_post	2		12	29.0	2.5	/experiments/knapen_AOT/AOT_stimuli/rescaled_final/0059_fw.mp4	0.0	194.12050914764404	0.10003495216369629
32	169.50841808319092	fix_pre	0		120	30.0	2.5	/experiments/knapen_AOT/AOT_stimuli/rescaled_final/0247_fw.mp4	0.0	194.22054409980774	1.0001389980316162
32	169.69209599494934	pulse	0	t		30.0	2.5	/experiments/knapen_AOT/AOT_stimuli/rescaled_final/0247_fw.mp4	0.0	194.40422201156616	
32	170.50855708122253	movie	1		244	30.0	2.5	/experiments/knapen_AOT/AOT_stimuli/rescaled_final/0247_fw.mp4	0.0	195.22068309783936	2.5003209114074707
32	171.28485012054443	pulse	1	t		30.0	2.5	/experiments/knapen_AOT/AOT_stimuli/rescaled_final/0247_fw.mp4	0.0	195.99697613716125	
32	172.89266705513	pulse	1	t		30.0	2.5	/experiments/knapen_AOT/AOT_stimuli/rescaled_final/0247_fw.mp4	0.0	197.60479307174683	
32	173.00887799263	fix_post	2		12	30.0	2.5	/experiments/knapen_AOT/AOT_stimuli/rescaled_final/0247_fw.mp4	0.0	197.72100400924683	0.10005998611450195
33	173.1089379787445	fix_pre	0		120	31.0	2.5	/experiments/knapen_AOT/AOT_stimuli/rescaled_final/0665_fw.mp4	0.0	197.82106399536133	1.000162124633789
33	174.1091001033783	movie	1		242	31.0	2.5	/experiments/knapen_AOT/AOT_stimuli/rescaled_final/0665_fw.mp4	0.0	198.82122611999512	2.4920408725738525
33	174.49320602416992	pulse	1	t		31.0	2.5	/experiments/knapen_AOT/AOT_stimuli/rescaled_final/0665_fw.mp4	0.0	199.20533204078674	
33	176.08577799797058	pulse	1	t		31.0	2.5	/experiments/knapen_AOT/AOT_stimuli/rescaled_final/0665_fw.mp4	0.0	200.7979040145874	
33	176.60114097595215	fix_post	2		12	31.0	2.5	/experiments/knapen_AOT/AOT_stimuli/rescaled_final/0665_fw.mp4	0.0	201.31326699256897	0.1000211238861084
34	176.70116209983826	fix_pre	0		117	32.0	2.5	/experiments/knapen_AOT/AOT_stimuli/rescaled_final/1906_rv.mp4	0.0	201.41328811645508	1.0001490116119385
34	177.6856780052185	pulse	0	t		32.0	2.5	/experiments/knapen_AOT/AOT_stimuli/rescaled_final/1906_rv.mp4	0.0	202.39780402183533	
34	177.7013111114502	movie	1		259	32.0	2.5	/experiments/knapen_AOT/AOT_stimuli/rescaled_final/1906_rv.mp4	0.0	202.41343712806702	2.508746862411499
34	179.28518414497375	pulse	1	t		32.0	2.5	/experiments/knapen_AOT/AOT_stimuli/rescaled_final/1906_rv.mp4	0.0	203.99731016159058	
34	180.2100579738617	fix_post	2		12	32.0	2.5	/experiments/knapen_AOT/AOT_stimuli/rescaled_final/1906_rv.mp4	0.0	204.92218399047852	0.0999910831451416
35	180.31004905700684	fix_pre	0		120	33.0	2.5	/experiments/knapen_AOT/AOT_stimuli/rescaled_final/0103_fw.mp4	0.0	205.02217507362366	1.0001089572906494
35	180.88523817062378	pulse	0	t		33.0	2.5	/experiments/knapen_AOT/AOT_stimuli/rescaled_final/0103_fw.mp4	0.0	205.5973641872406	
35	181.31015801429749	movie	1		246	33.0	2.5	/experiments/knapen_AOT/AOT_stimuli/rescaled_final/0103_fw.mp4	0.0	206.0222840309143	2.500411033630371
35	182.48668718338013	pulse	1	t		33.0	2.5	/experiments/knapen_AOT/AOT_stimuli/rescaled_final/0103_fw.mp4	0.0	207.19881319999695	
35	183.81056904792786	fix_post	2		12	33.0	2.5	/experiments/knapen_AOT/AOT_stimuli/rescaled_final/0103_fw.mp4	0.0	208.52269506454468	0.0999901294708252
36	183.91055917739868	fix_pre	0		120	34.0	2.5	/experiments/knapen_AOT/AOT_stimuli/rescaled_final/2086_rv.mp4	0.0	208.6226851940155	1.0001749992370605
36	184.0858280658722	pulse	0	t		34.0	2.5	/experiments/knapen_AOT/AOT_stimuli/rescaled_final/2086_rv.mp4	0.0	208.797954082489	
36	184.91073417663574	movie	1		250	34.0	2.5	/experiments/knapen_AOT/AOT_stimuli/rescaled_final/2086_rv.mp4	0.0	209.62286019325256	2.500337839126587
36	185.68601202964783	pulse	1	t		34.0	2.5	/experiments/knapen_AOT/AOT_stimuli/rescaled_final/2086_rv.mp4	0.0	210.39813804626465	
36	187.2863199710846	pulse	1	t		34.0	2.5	/experiments/knapen_AOT/AOT_stimuli/rescaled_final/2086_rv.mp4	0.0	211.99844598770142	
36	187.41107201576233	fix_post	2		12	34.0	2.5	/experiments/knapen_AOT/AOT_stimuli/rescaled_final/2086_rv.mp4	0.0	212.12319803237915	0.10003995895385742
37	187.5111119747162	fix_pre	0		120	35.0	2.5	blank	1.0	212.223237991333	1.0006670951843262
37	188.5117790699005	movie	1		299	35.0	2.5	blank	1.0	213.22390508651733	2.4915030002593994
37	188.88663506507874	pulse	1	t		35.0	2.5	blank	1.0	213.59876108169556	
37	190.48688101768494	pulse	1	t		35.0	2.5	blank	1.0	215.19900703430176	
37	191.0032820701599	fix_post	2		12	35.0	2.5	blank	1.0	215.71540808677673	0.10004496574401855
38	191.10332703590393	fix_pre	0		119	36.0	2.5	/experiments/knapen_AOT/AOT_stimuli/rescaled_final/1148_rv.mp4	0.0	215.81545305252075	0.9917891025543213
38	192.08707118034363	pulse	0	t		36.0	2.5	/experiments/knapen_AOT/AOT_stimuli/rescaled_final/1148_rv.mp4	0.0	216.79919719696045	
38	192.09511613845825	movie	1		248	36.0	2.5	/experiments/knapen_AOT/AOT_stimuli/rescaled_final/1148_rv.mp4	0.0	216.80724215507507	2.5087268352508545
38	193.69173216819763	pulse	1	t		36.0	2.5	/experiments/knapen_AOT/AOT_stimuli/rescaled_final/1148_rv.mp4	0.0	218.40385818481445	
38	194.6038429737091	fix_post	2		12	36.0	2.5	/experiments/knapen_AOT/AOT_stimuli/rescaled_final/1148_rv.mp4	0.0	219.31596899032593	0.09999513626098633
39	194.7038381099701	fix_pre	0		120	37.0	2.5	/experiments/knapen_AOT/AOT_stimuli/rescaled_final/2122_rv.mp4	0.0	219.4159641265869	1.000148057937622
39	195.2875370979309	pulse	0	t		37.0	2.5	/experiments/knapen_AOT/AOT_stimuli/rescaled_final/2122_rv.mp4	0.0	219.99966311454773	
39	195.70398616790771	movie	1		244	37.0	2.5	/experiments/knapen_AOT/AOT_stimuli/rescaled_final/2122_rv.mp4	0.0	220.41611218452454	2.5003559589385986
39	196.8878960609436	pulse	1	t		37.0	2.5	/experiments/knapen_AOT/AOT_stimuli/rescaled_final/2122_rv.mp4	0.0	221.60002207756042	
39	198.2043421268463	fix_post	2		12	37.0	2.5	/experiments/knapen_AOT/AOT_stimuli/rescaled_final/2122_rv.mp4	0.0	222.91646814346313	0.10002803802490234
40	198.30437016487122	fix_pre	0		120	38.0	2.5	/experiments/knapen_AOT/AOT_stimuli/rescaled_final/2001_rv.mp4	0.0	223.01649618148804	1.0001788139343262
40	198.4879310131073	pulse	0	t		38.0	2.5	/experiments/knapen_AOT/AOT_stimuli/rescaled_final/2001_rv.mp4	0.0	223.20005702972412	
40	199.30454897880554	movie	1		245	38.0	2.5	/experiments/knapen_AOT/AOT_stimuli/rescaled_final/2001_rv.mp4	0.0	224.01667499542236	2.5002942085266113
40	200.08818817138672	pulse	1	t		38.0	2.5	/experiments/knapen_AOT/AOT_stimuli/rescaled_final/2001_rv.mp4	0.0	224.80031418800354	
40	201.6883680820465	pulse	1	t		38.0	2.5	/experiments/knapen_AOT/AOT_stimuli/rescaled_final/2001_rv.mp4	0.0	226.40049409866333	
40	201.80484318733215	fix_post	2		12	38.0	2.5	/experiments/knapen_AOT/AOT_stimuli/rescaled_final/2001_rv.mp4	0.0	226.51696920394897	0.10009384155273438
41	201.9049370288849	fix_pre	0		120	39.0	2.5	/experiments/knapen_AOT/AOT_stimuli/rescaled_final/0103_fw.mp4	0.0	226.6170630455017	1.0001299381256104
41	202.9050669670105	movie	1		243	39.0	2.5	/experiments/knapen_AOT/AOT_stimuli/rescaled_final/0103_fw.mp4	0.0	227.61719298362732	2.492025136947632
41	203.28919315338135	pulse	1	t		39.0	2.5	/experiments/knapen_AOT/AOT_stimuli/rescaled_final/0103_fw.mp4	0.0	228.00131916999817	
41	204.88900709152222	pulse	1	t		39.0	2.5	/experiments/knapen_AOT/AOT_stimuli/rescaled_final/0103_fw.mp4	0.0	229.60113310813904	
41	205.39709210395813	fix_post	2		12	39.0	2.5	/experiments/knapen_AOT/AOT_stimuli/rescaled_final/0103_fw.mp4	0.0	230.10921812057495	0.10001301765441895
42	205.49710512161255	fix_pre	0		120	40.0	2.5	blank	1.0	230.20923113822937	1.0001630783081055
42	206.48916912078857	pulse	0	t		40.0	2.5	blank	1.0	231.2012951374054	
42	206.49726819992065	movie	1		301	40.0	2.5	blank	1.0	231.20939421653748	2.5087039470672607
42	208.08934617042542	pulse	1	t		40.0	2.5	blank	1.0	232.80147218704224	
42	209.00597214698792	fix_post	2		12	40.0	2.5	blank	1.0	233.71809816360474	0.1000368595123291
43	209.10600900650024	fix_pre	0		120	41.0	2.5	/experiments/knapen_AOT/AOT_stimuli/rescaled_final/1786_rv.mp4	0.0	233.81813502311707	1.0001261234283447
43	209.68971419334412	pulse	0	t		41.0	2.5	/experiments/knapen_AOT/AOT_stimuli/rescaled_final/1786_rv.mp4	0.0	234.40184020996094	
43	210.1061351299286	movie	1		245	41.0	2.5	/experiments/knapen_AOT/AOT_stimuli/rescaled_final/1786_rv.mp4	0.0	234.8182611465454	2.5003819465637207
43	211.29004907608032	pulse	1	t		41.0	2.5	/experiments/knapen_AOT/AOT_stimuli/rescaled_final/1786_rv.mp4	0.0	236.00217509269714	
43	212.6065170764923	fix_post	2		12	41.0	2.5	/experiments/knapen_AOT/AOT_stimuli/rescaled_final/1786_rv.mp4	0.0	237.31864309310913	0.0999898910522461
44	212.70650696754456	fix_pre	0		120	42.0	2.5	/experiments/knapen_AOT/AOT_stimuli/rescaled_final/1012_fw.mp4	0.0	237.41863298416138	1.0001640319824219
44	212.89012002944946	pulse	0	t		42.0	2.5	/experiments/knapen_AOT/AOT_stimuli/rescaled_final/1012_fw.mp4	0.0	237.60224604606628	
44	213.70667099952698	movie	1		243	42.0	2.5	/experiments/knapen_AOT/AOT_stimuli/rescaled_final/1012_fw.mp4	0.0	238.4187970161438	2.500411033630371
44	214.49026203155518	pulse	1	t		42.0	2.5	/experiments/knapen_AOT/AOT_stimuli/rescaled_final/1012_fw.mp4	0.0	239.202388048172	
44	216.0906159877777	pulse	1	t		42.0	2.5	/experiments/knapen_AOT/AOT_stimuli/rescaled_final/1012_fw.mp4	0.0	240.80274200439453	
44	216.20708203315735	fix_post	2		12	42.0	2.5	/experiments/knapen_AOT/AOT_stimuli/rescaled_final/1012_fw.mp4	0.0	240.91920804977417	0.09999608993530273
45	216.30707812309265	fix_pre	0		120	43.0	2.5	/experiments/knapen_AOT/AOT_stimuli/rescaled_final/0514_rv.mp4	0.0	241.01920413970947	1.000133991241455
45	217.3072121143341	movie	1		243	43.0	2.5	/experiments/knapen_AOT/AOT_stimuli/rescaled_final/0514_rv.mp4	0.0	242.01933813095093	2.4920029640197754
45	217.69500207901	pulse	1	t		43.0	2.5	/experiments/knapen_AOT/AOT_stimuli/rescaled_final/0514_rv.mp4	0.0	242.40712809562683	
45	219.29121804237366	pulse	1	t		43.0	2.5	/experiments/knapen_AOT/AOT_stimuli/rescaled_final/0514_rv.mp4	0.0	244.00334405899048	
45	219.79921507835388	fix_post	2		12	43.0	2.5	/experiments/knapen_AOT/AOT_stimuli/rescaled_final/0514_rv.mp4	0.0	244.5113410949707	0.09999299049377441
46	219.89920806884766	fix_pre	0		120	44.0	2.5	/experiments/knapen_AOT/AOT_stimuli/rescaled_final/0935_rv.mp4	0.0	244.61133408546448	1.0002350807189941
46	220.89129900932312	pulse	0	t		44.0	2.5	/experiments/knapen_AOT/AOT_stimuli/rescaled_final/0935_rv.mp4	0.0	245.60342502593994	
46	220.89944314956665	movie	1		244	44.0	2.5	/experiments/knapen_AOT/AOT_stimuli/rescaled_final/0935_rv.mp4	0.0	245.61156916618347	2.5086400508880615
46	222.49207496643066	pulse	1	t		44.0	2.5	/experiments/knapen_AOT/AOT_stimuli/rescaled_final/0935_rv.mp4	0.0	247.20420098304749	
46	223.4080832004547	fix_post	2		12	44.0	2.5	/experiments/knapen_AOT/AOT_stimuli/rescaled_final/0935_rv.mp4	0.0	248.12020921707153	0.10008096694946289
47	223.50816416740417	fix_pre	0		120	45.0	2.5	/experiments/knapen_AOT/AOT_stimuli/rescaled_final/2149_rv.mp4	0.0	248.220290184021	1.0001108646392822
47	224.09182906150818	pulse	0	t		45.0	2.5	/experiments/knapen_AOT/AOT_stimuli/rescaled_final/2149_rv.mp4	0.0	248.803955078125	
47	224.50827503204346	movie	1		244	45.0	2.5	/experiments/knapen_AOT/AOT_stimuli/rescaled_final/2149_rv.mp4	0.0	249.22040104866028	2.50032114982605
47	225.69218015670776	pulse	1	t		45.0	2.5	/experiments/knapen_AOT/AOT_stimuli/rescaled_final/2149_rv.mp4	0.0	250.40430617332458	
47	227.0085961818695	fix_post	2		12	45.0	2.5	/experiments/knapen_AOT/AOT_stimuli/rescaled_final/2149_rv.mp4	0.0	251.72072219848633	0.10006880760192871
48	227.10866498947144	fix_pre	0		120	46.0	2.5	/experiments/knapen_AOT/AOT_stimuli/rescaled_final/0682_rv.mp4	0.0	251.82079100608826	1.000251054763794
48	227.28483200073242	pulse	0	t		46.0	2.5	/experiments/knapen_AOT/AOT_stimuli/rescaled_final/0682_rv.mp4	0.0	251.99695801734924	
48	228.10891604423523	movie	1		245	46.0	2.5	/experiments/knapen_AOT/AOT_stimuli/rescaled_final/0682_rv.mp4	0.0	252.82104206085205	2.5002851486206055
48	228.88520097732544	pulse	1	t		46.0	2.5	/experiments/knapen_AOT/AOT_stimuli/rescaled_final/0682_rv.mp4	0.0	253.59732699394226	
48	230.4853551387787	pulse	1	t		46.0	2.5	/experiments/knapen_AOT/AOT_stimuli/rescaled_final/0682_rv.mp4	0.0	255.1974811553955	
48	230.60920119285583	fix_post	2		11	46.0	2.5	/experiments/knapen_AOT/AOT_stimuli/rescaled_final/0682_rv.mp4	0.0	255.32132720947266	0.09166383743286133
49	230.7008650302887	fix_pre	0		120	47.0	2.5	blank	1.0	255.41299104690552	1.0001859664916992
49	231.7010509967804	movie	1		300	47.0	2.5	blank	1.0	256.4131770133972	2.5003530979156494
49	232.08469104766846	pulse	1	t		47.0	2.5	blank	1.0	256.7968170642853	
49	233.68485498428345	pulse	1	t		47.0	2.5	blank	1.0	258.39698100090027	
49	234.20140409469604	fix_post	2		12	47.0	2.5	blank	1.0	258.91353011131287	0.100006103515625
50	234.30141019821167	fix_pre	0		119	48.0	2.5	/experiments/knapen_AOT/AOT_stimuli/rescaled_final/1567_fw.mp4	0.0	259.0135362148285	0.9918217658996582
50	235.2851481437683	pulse	0	t		48.0	2.5	/experiments/knapen_AOT/AOT_stimuli/rescaled_final/1567_fw.mp4	0.0	259.99727416038513	
50	235.29323196411133	movie	1		246	48.0	2.5	/experiments/knapen_AOT/AOT_stimuli/rescaled_final/1567_fw.mp4	0.0	260.00535798072815	2.5086770057678223
50	236.88584518432617	pulse	1	t		48.0	2.5	/experiments/knapen_AOT/AOT_stimuli/rescaled_final/1567_fw.mp4	0.0	261.597971200943	
50	237.80190896987915	fix_post	2		12	48.0	2.5	/experiments/knapen_AOT/AOT_stimuli/rescaled_final/1567_fw.mp4	0.0	262.514034986496	0.10006523132324219
51	237.9019742012024	fix_pre	0		120	49.0	2.5	/experiments/knapen_AOT/AOT_stimuli/rescaled_final/1968_fw.mp4	0.0	262.6141002178192	1.0001609325408936
51	238.4855251312256	pulse	0	t		49.0	2.5	/experiments/knapen_AOT/AOT_stimuli/rescaled_final/1968_fw.mp4	0.0	263.1976511478424	
51	238.9021351337433	movie	1		244	49.0	2.5	/experiments/knapen_AOT/AOT_stimuli/rescaled_final/1968_fw.mp4	0.0	263.6142611503601	2.5003468990325928
51	240.08601307868958	pulse	1	t		49.0	2.5	/experiments/knapen_AOT/AOT_stimuli/rescaled_final/1968_fw.mp4	0.0	264.7981390953064	
51	241.40248203277588	fix_post	2		12	49.0	2.5	/experiments/knapen_AOT/AOT_stimuli/rescaled_final/1968_fw.mp4	0.0	266.1146080493927	0.09999704360961914
52	241.5024790763855	fix_pre	0		120	50.0	2.5	/experiments/knapen_AOT/AOT_stimuli/rescaled_final/0646_fw.mp4	0.0	266.2146050930023	1.0002310276031494
52	241.68606901168823	pulse	0	t		50.0	2.5	/experiments/knapen_AOT/AOT_stimuli/rescaled_final/0646_fw.mp4	0.0	266.39819502830505	
52	242.50271010398865	movie	1		245	50.0	2.5	/experiments/knapen_AOT/AOT_stimuli/rescaled_final/0646_fw.mp4	0.0	267.21483612060547	2.5002830028533936
52	243.286297082901	pulse	1	t		50.0	2.5	/experiments/knapen_AOT/AOT_stimuli/rescaled_final/0646_fw.mp4	0.0	267.9984230995178	
52	244.88654899597168	pulse	1	t		50.0	2.5	/experiments/knapen_AOT/AOT_stimuli/rescaled_final/0646_fw.mp4	0.0	269.5986750125885	
52	245.00299310684204	fix_post	2		12	50.0	2.5	/experiments/knapen_AOT/AOT_stimuli/rescaled_final/0646_fw.mp4	0.0	269.71511912345886	0.10003089904785156
53	245.1030240058899	fix_pre	0		120	51.0	2.5	/experiments/knapen_AOT/AOT_stimuli/rescaled_final/2040_fw.mp4	0.0	269.8151500225067	1.0001499652862549
53	246.10317397117615	movie	1		246	51.0	2.5	/experiments/knapen_AOT/AOT_stimuli/rescaled_final/2040_fw.mp4	0.0	270.81529998779297	2.492086172103882
53	246.4873170852661	pulse	1	t		51.0	2.5	/experiments/knapen_AOT/AOT_stimuli/rescaled_final/2040_fw.mp4	0.0	271.19944310188293	
53	248.08709406852722	pulse	1	t		51.0	2.5	/experiments/knapen_AOT/AOT_stimuli/rescaled_final/2040_fw.mp4	0.0	272.79922008514404	
53	248.59526014328003	fix_post	2		12	51.0	2.5	/experiments/knapen_AOT/AOT_stimuli/rescaled_final/2040_fw.mp4	0.0	273.30738615989685	0.09999394416809082
54	248.69525408744812	fix_pre	0		120	52.0	2.5	/experiments/knapen_AOT/AOT_stimuli/rescaled_final/1504_fw.mp4	0.0	273.40738010406494	1.0001039505004883
54	249.68729305267334	pulse	0	t		52.0	2.5	/experiments/knapen_AOT/AOT_stimuli/rescaled_final/1504_fw.mp4	0.0	274.39941906929016	
54	249.6953580379486	movie	1		247	52.0	2.5	/experiments/knapen_AOT/AOT_stimuli/rescaled_final/1504_fw.mp4	0.0	274.40748405456543	2.50872802734375
54	251.28820204734802	pulse	1	t		52.0	2.5	/experiments/knapen_AOT/AOT_stimuli/rescaled_final/1504_fw.mp4	0.0	276.00032806396484	
54	252.20408606529236	fix_post	2		12	52.0	2.5	/experiments/knapen_AOT/AOT_stimuli/rescaled_final/1504_fw.mp4	0.0	276.9162120819092	0.09999895095825195
55	252.3040850162506	fix_pre	0		120	53.0	2.5	/experiments/knapen_AOT/AOT_stimuli/rescaled_final/1551_rv.mp4	0.0	277.01621103286743	1.0001850128173828
55	252.88771319389343	pulse	0	t		53.0	2.5	/experiments/knapen_AOT/AOT_stimuli/rescaled_final/1551_rv.mp4	0.0	277.59983921051025	
55	253.304270029068	movie	1		245	53.0	2.5	/experiments/knapen_AOT/AOT_stimuli/rescaled_final/1551_rv.mp4	0.0	278.0163960456848	2.500349998474121
55	254.48814916610718	pulse	1	t		53.0	2.5	/experiments/knapen_AOT/AOT_stimuli/rescaled_final/1551_rv.mp4	0.0	279.200275182724	
55	255.80462002754211	fix_post	2		12	53.0	2.5	/experiments/knapen_AOT/AOT_stimuli/rescaled_final/1551_rv.mp4	0.0	280.51674604415894	0.10001111030578613
56	255.9046311378479	fix_pre	0		120	54.0	2.5	/experiments/knapen_AOT/AOT_stimuli/rescaled_final/1495_rv.mp4	0.0	280.6167571544647	1.0001709461212158
56	256.08828997612	pulse	0	t		54.0	2.5	/experiments/knapen_AOT/AOT_stimuli/rescaled_final/1495_rv.mp4	0.0	280.8004159927368	
56	256.9048020839691	movie	1		244	54.0	2.5	/experiments/knapen_AOT/AOT_stimuli/rescaled_final/1495_rv.mp4	0.0	281.61692810058594	2.5003321170806885
56	257.6884310245514	pulse	1	t		54.0	2.5	/experiments/knapen_AOT/AOT_stimuli/rescaled_final/1495_rv.mp4	0.0	282.4005570411682	
56	259.28647208213806	pulse	1	t		54.0	2.5	/experiments/knapen_AOT/AOT_stimuli/rescaled_final/1495_rv.mp4	0.0	283.9985980987549	
56	259.4051342010498	fix_post	2		12	54.0	2.5	/experiments/knapen_AOT/AOT_stimuli/rescaled_final/1495_rv.mp4	0.0	284.1172602176666	0.10003399848937988
57	259.5051681995392	fix_pre	0		120	55.0	2.5	/experiments/knapen_AOT/AOT_stimuli/rescaled_final/1180_fw.mp4	0.0	284.217294216156	1.0001468658447266
57	260.5053150653839	movie	1		243	55.0	2.5	/experiments/knapen_AOT/AOT_stimuli/rescaled_final/1180_fw.mp4	0.0	285.21744108200073	2.4920380115509033
57	260.88960218429565	pulse	1	t		55.0	2.5	/experiments/knapen_AOT/AOT_stimuli/rescaled_final/1180_fw.mp4	0.0	285.6017282009125	
57	262.4892439842224	pulse	1	t		55.0	2.5	/experiments/knapen_AOT/AOT_stimuli/rescaled_final/1180_fw.mp4	0.0	287.20137000083923	
57	262.9973530769348	fix_post	2		12	55.0	2.5	/experiments/knapen_AOT/AOT_stimuli/rescaled_final/1180_fw.mp4	0.0	287.70947909355164	0.10000205039978027
58	263.0973551273346	fix_pre	0		120	56.0	2.5	blank	1.0	287.8094811439514	1.0002179145812988
58	264.0893840789795	pulse	0	t		56.0	2.5	blank	1.0	288.8015100955963	
58	264.0975730419159	movie	1		301	56.0	2.5	blank	1.0	288.8096990585327	2.5086729526519775
58	265.6896870136261	pulse	1	t		56.0	2.5	blank	1.0	290.4018130302429	
58	266.60624599456787	fix_post	2		12	56.0	2.5	blank	1.0	291.3183720111847	0.10003304481506348
59	266.70627903938293	fix_pre	0		120	57.0	2.5	/experiments/knapen_AOT/AOT_stimuli/rescaled_final/1600_rv.mp4	0.0	291.41840505599976	1.0001139640808105
59	267.2898621559143	pulse	0	t		57.0	2.5	/experiments/knapen_AOT/AOT_stimuli/rescaled_final/1600_rv.mp4	0.0	292.0019881725311	
59	267.70639300346375	movie	1		245	57.0	2.5	/experiments/knapen_AOT/AOT_stimuli/rescaled_final/1600_rv.mp4	0.0	292.41851902008057	2.5003631114959717
59	268.89029598236084	pulse	1	t		57.0	2.5	/experiments/knapen_AOT/AOT_stimuli/rescaled_final/1600_rv.mp4	0.0	293.60242199897766	
59	270.2067561149597	fix_post	2		12	57.0	2.5	/experiments/knapen_AOT/AOT_stimuli/rescaled_final/1600_rv.mp4	0.0	294.91888213157654	0.10000801086425781
60	270.306764125824	fix_pre	0		120	58.0	2.5	/experiments/knapen_AOT/AOT_stimuli/rescaled_final/1148_rv.mp4	0.0	295.0188901424408	1.000143051147461
60	270.49037408828735	pulse	0	t		58.0	2.5	/experiments/knapen_AOT/AOT_stimuli/rescaled_final/1148_rv.mp4	0.0	295.2025001049042	
60	271.30690717697144	movie	1		244	58.0	2.5	/experiments/knapen_AOT/AOT_stimuli/rescaled_final/1148_rv.mp4	0.0	296.01903319358826	2.5004889965057373
60	272.09066915512085	pulse	1	t		58.0	2.5	/experiments/knapen_AOT/AOT_stimuli/rescaled_final/1148_rv.mp4	0.0	296.80279517173767	
60	273.6910831928253	pulse	1	t		58.0	2.5	/experiments/knapen_AOT/AOT_stimuli/rescaled_final/1148_rv.mp4	0.0	298.40320920944214	
60	273.8073961734772	fix_post	2		12	58.0	2.5	/experiments/knapen_AOT/AOT_stimuli/rescaled_final/1148_rv.mp4	0.0	298.519522190094	0.09992790222167969
61	273.90732407569885	fix_pre	0		120	59.0	2.5	/experiments/knapen_AOT/AOT_stimuli/rescaled_final/0140_rv.mp4	0.0	298.6194500923157	1.0001800060272217
61	274.9075040817261	movie	1		244	59.0	2.5	/experiments/knapen_AOT/AOT_stimuli/rescaled_final/0140_rv.mp4	0.0	299.6196300983429	2.4920339584350586
61	275.2954170703888	pulse	1	t		59.0	2.5	/experiments/knapen_AOT/AOT_stimuli/rescaled_final/0140_rv.mp4	0.0	300.0075430870056	
61	276.89132618904114	pulse	1	t		59.0	2.5	/experiments/knapen_AOT/AOT_stimuli/rescaled_final/0140_rv.mp4	0.0	301.60345220565796	
61	277.39953804016113	fix_post	2		12	59.0	2.5	/experiments/knapen_AOT/AOT_stimuli/rescaled_final/0140_rv.mp4	0.0	302.11166405677795	0.09997415542602539
62	277.49951219558716	fix_pre	0		120	60.0	2.5	/experiments/knapen_AOT/AOT_stimuli/rescaled_final/0231_rv.mp4	0.0	302.211638212204	1.0001628398895264
62	278.491562128067	pulse	0	t		60.0	2.5	/experiments/knapen_AOT/AOT_stimuli/rescaled_final/0231_rv.mp4	0.0	303.20368814468384	
62	278.4996750354767	movie	1		245	60.0	2.5	/experiments/knapen_AOT/AOT_stimuli/rescaled_final/0231_rv.mp4	0.0	303.2118010520935	2.5086989402770996
62	280.09237599372864	pulse	1	t		60.0	2.5	/experiments/knapen_AOT/AOT_stimuli/rescaled_final/0231_rv.mp4	0.0	304.80450201034546	
62	281.0083739757538	fix_post	2		12	60.0	2.5	/experiments/knapen_AOT/AOT_stimuli/rescaled_final/0231_rv.mp4	0.0	305.7204999923706	0.10001802444458008
63	281.10839200019836	fix_pre	0		120	61.0	2.5	/experiments/knapen_AOT/AOT_stimuli/rescaled_final/2040_rv.mp4	0.0	305.8205180168152	1.0001721382141113
63	281.68461203575134	pulse	0	t		61.0	2.5	/experiments/knapen_AOT/AOT_stimuli/rescaled_final/2040_rv.mp4	0.0	306.39673805236816	
63	282.1085641384125	movie	1		247	61.0	2.5	/experiments/knapen_AOT/AOT_stimuli/rescaled_final/2040_rv.mp4	0.0	306.8206901550293	2.5003609657287598
63	283.2845230102539	pulse	1	t		61.0	2.5	/experiments/knapen_AOT/AOT_stimuli/rescaled_final/2040_rv.mp4	0.0	307.9966490268707	
63	284.60892510414124	fix_post	2		12	61.0	2.5	/experiments/knapen_AOT/AOT_stimuli/rescaled_final/2040_rv.mp4	0.0	309.32105112075806	0.09999489784240723
64	284.70892000198364	fix_pre	0		120	62.0	2.5	blank	1.0	309.42104601860046	1.0002131462097168
64	284.8849980831146	pulse	0	t		62.0	2.5	blank	1.0	309.59712409973145	
64	285.70913314819336	movie	1		300	62.0	2.5	blank	1.0	310.4212591648102	2.5003409385681152
64	286.48436212539673	pulse	1	t		62.0	2.5	blank	1.0	311.19648814201355	
64	288.0845789909363	pulse	1	t		62.0	2.5	blank	1.0	312.7967050075531	
64	288.2094740867615	fix_post	2		12	62.0	2.5	blank	1.0	312.9216001033783	0.10002398490905762
65	288.30949807167053	fix_pre	0		120	63.0	2.5	/experiments/knapen_AOT/AOT_stimuli/rescaled_final/1084_fw.mp4	0.0	313.02162408828735	1.0001599788665771
65	289.3096580505371	movie	1		243	63.0	2.5	/experiments/knapen_AOT/AOT_stimuli/rescaled_final/1084_fw.mp4	0.0	314.02178406715393	2.491971015930176
65	289.68494510650635	pulse	1	t		63.0	2.5	/experiments/knapen_AOT/AOT_stimuli/rescaled_final/1084_fw.mp4	0.0	314.39707112312317	
65	291.28527212142944	pulse	1	t		63.0	2.5	/experiments/knapen_AOT/AOT_stimuli/rescaled_final/1084_fw.mp4	0.0	315.99739813804626	
65	291.8016290664673	fix_post	2		12	63.0	2.5	/experiments/knapen_AOT/AOT_stimuli/rescaled_final/1084_fw.mp4	0.0	316.5137550830841	0.10009193420410156
66	291.9017210006714	fix_pre	0		119	64.0	2.5	/experiments/knapen_AOT/AOT_stimuli/rescaled_final/1081_fw.mp4	0.0	316.6138470172882	0.9917600154876709
66	292.8852870464325	pulse	0	t		64.0	2.5	/experiments/knapen_AOT/AOT_stimuli/rescaled_final/1081_fw.mp4	0.0	317.5974130630493	
66	292.89348101615906	movie	1		245	64.0	2.5	/experiments/knapen_AOT/AOT_stimuli/rescaled_final/1081_fw.mp4	0.0	317.6056070327759	2.508702039718628
66	294.48624897003174	pulse	1	t		64.0	2.5	/experiments/knapen_AOT/AOT_stimuli/rescaled_final/1081_fw.mp4	0.0	319.19837498664856	
66	295.4021830558777	fix_post	2		12	64.0	2.5	/experiments/knapen_AOT/AOT_stimuli/rescaled_final/1081_fw.mp4	0.0	320.1143090724945	0.10002398490905762
67	295.50220704078674	fix_pre	0		120	65.0	2.5	/experiments/knapen_AOT/AOT_stimuli/rescaled_final/1293_fw.mp4	0.0	320.21433305740356	1.000148057937622
67	296.08583307266235	pulse	0	t		65.0	2.5	/experiments/knapen_AOT/AOT_stimuli/rescaled_final/1293_fw.mp4	0.0	320.7979590892792	
67	296.50235509872437	movie	1		243	65.0	2.5	/experiments/knapen_AOT/AOT_stimuli/rescaled_final/1293_fw.mp4	0.0	321.2144811153412	2.5003950595855713
67	297.68619418144226	pulse	1	t		65.0	2.5	/experiments/knapen_AOT/AOT_stimuli/rescaled_final/1293_fw.mp4	0.0	322.3983201980591	
67	299.00275015830994	fix_post	2		12	65.0	2.5	/experiments/knapen_AOT/AOT_stimuli/rescaled_final/1293_fw.mp4	0.0	323.71487617492676	0.10001683235168457
68	299.1027669906616	fix_pre	0		118	66.0	2.5	/experiments/knapen_AOT/AOT_stimuli/rescaled_final/0285_rv.mp4	0.0	323.81489300727844	1.0001091957092285
68	299.28625106811523	pulse	0	t		66.0	2.5	/experiments/knapen_AOT/AOT_stimuli/rescaled_final/0285_rv.mp4	0.0	323.99837708473206	
68	300.10287618637085	movie	1		244	66.0	2.5	/experiments/knapen_AOT/AOT_stimuli/rescaled_final/0285_rv.mp4	0.0	324.81500220298767	2.500403881072998
68	300.8866140842438	pulse	1	t		66.0	2.5	/experiments/knapen_AOT/AOT_stimuli/rescaled_final/0285_rv.mp4	0.0	325.5987401008606	
68	302.4866871833801	pulse	1	t		66.0	2.5	/experiments/knapen_AOT/AOT_stimuli/rescaled_final/0285_rv.mp4	0.0	327.19881319999695	
68	302.60328006744385	fix_post	2		12	66.0	2.5	/experiments/knapen_AOT/AOT_stimuli/rescaled_final/0285_rv.mp4	0.0	327.31540608406067	0.09999704360961914
69	302.70327711105347	fix_pre	0		119	67.0	2.5	/experiments/knapen_AOT/AOT_stimuli/rescaled_final/1901_fw.mp4	0.0	327.4154031276703	0.9918169975280762
69	303.69509410858154	movie	1		245	67.0	2.5	/experiments/knapen_AOT/AOT_stimuli/rescaled_final/1901_fw.mp4	0.0	328.40722012519836	2.5003719329833984
69	304.08713603019714	pulse	1	t		67.0	2.5	/experiments/knapen_AOT/AOT_stimuli/rescaled_final/1901_fw.mp4	0.0	328.79926204681396	
69	305.68727707862854	pulse	1	t		67.0	2.5	/experiments/knapen_AOT/AOT_stimuli/rescaled_final/1901_fw.mp4	0.0	330.39940309524536	
69	306.19546604156494	fix_post	2		12	67.0	2.5	/experiments/knapen_AOT/AOT_stimuli/rescaled_final/1901_fw.mp4	0.0	330.90759205818176	0.10002398490905762
70	306.295490026474	fix_pre	0		120	68.0	2.5	/experiments/knapen_AOT/AOT_stimuli/rescaled_final/1081_fw.mp4	0.0	331.0076160430908	1.0001590251922607
70	307.2875430583954	pulse	0	t		68.0	2.5	/experiments/knapen_AOT/AOT_stimuli/rescaled_final/1081_fw.mp4	0.0	331.9996690750122	
70	307.29564905166626	movie	1		246	68.0	2.5	/experiments/knapen_AOT/AOT_stimuli/rescaled_final/1081_fw.mp4	0.0	332.0077750682831	2.508742094039917
70	308.8884291648865	pulse	1	t		68.0	2.5	/experiments/knapen_AOT/AOT_stimuli/rescaled_final/1081_fw.mp4	0.0	333.6005551815033	
70	309.8043911457062	fix_post	2		12	68.0	2.5	/experiments/knapen_AOT/AOT_stimuli/rescaled_final/1081_fw.mp4	0.0	334.516517162323	0.09996986389160156
71	309.9043610095978	fix_pre	0		120	69.0	2.5	/experiments/knapen_AOT/AOT_stimuli/rescaled_final/1906_fw.mp4	0.0	334.6164870262146	1.000148057937622
71	310.4881181716919	pulse	0	t		69.0	2.5	/experiments/knapen_AOT/AOT_stimuli/rescaled_final/1906_fw.mp4	0.0	335.2002441883087	
71	310.9045090675354	movie	1		247	69.0	2.5	/experiments/knapen_AOT/AOT_stimuli/rescaled_final/1906_fw.mp4	0.0	335.6166350841522	2.5003819465637207
71	312.0883209705353	pulse	1	t		69.0	2.5	/experiments/knapen_AOT/AOT_stimuli/rescaled_final/1906_fw.mp4	0.0	336.8004469871521	
71	313.4048910140991	fix_post	2		12	69.0	2.5	/experiments/knapen_AOT/AOT_stimuli/rescaled_final/1906_fw.mp4	0.0	338.11701703071594	0.10003495216369629
72	313.5049259662628	fix_pre	0		120	70.0	2.5	blank	1.0	338.21705198287964	1.000129222869873
72	313.6884090900421	pulse	0	t		70.0	2.5	blank	1.0	338.40053510665894	
72	314.5050551891327	movie	1		300	70.0	2.5	blank	1.0	339.2171812057495	2.5003819465637207
72	315.2888460159302	pulse	1	t		70.0	2.5	blank	1.0	340.000972032547	
72	316.8889980316162	pulse	1	t		70.0	2.5	blank	1.0	341.60112404823303	
72	317.0054371356964	fix_post	2		12	70.0	2.5	blank	1.0	341.71756315231323	0.10001397132873535
73	317.10545110702515	fix_pre	0		120	71.0	2.5	/experiments/knapen_AOT/AOT_stimuli/rescaled_final/2151_rv.mp4	0.0	341.81757712364197	1.0001299381256104
73	318.10558104515076	movie	1		244	71.0	2.5	/experiments/knapen_AOT/AOT_stimuli/rescaled_final/2151_rv.mp4	0.0	342.8177070617676	2.492013931274414
73	318.4896020889282	pulse	1	t		71.0	2.5	/experiments/knapen_AOT/AOT_stimuli/rescaled_final/2151_rv.mp4	0.0	343.20172810554504	
73	320.0894591808319	pulse	1	t		71.0	2.5	/experiments/knapen_AOT/AOT_stimuli/rescaled_final/2151_rv.mp4	0.0	344.80158519744873	
73	320.59759497642517	fix_post	2		12	71.0	2.5	/experiments/knapen_AOT/AOT_stimuli/rescaled_final/2151_rv.mp4	0.0	345.309720993042	0.10003900527954102
74	320.6976339817047	fix_pre	0		120	72.0	2.5	/experiments/knapen_AOT/AOT_stimuli/rescaled_final/1074_fw.mp4	0.0	345.40975999832153	1.0001912117004395
74	321.68966603279114	pulse	0	t		72.0	2.5	/experiments/knapen_AOT/AOT_stimuli/rescaled_final/1074_fw.mp4	0.0	346.40179204940796	
74	321.69782519340515	movie	1		244	72.0	2.5	/experiments/knapen_AOT/AOT_stimuli/rescaled_final/1074_fw.mp4	0.0	346.409951210022	2.508657932281494
74	323.29111218452454	pulse	1	t		72.0	2.5	/experiments/knapen_AOT/AOT_stimuli/rescaled_final/1074_fw.mp4	0.0	348.00323820114136	
74	324.20648312568665	fix_post	2		12	72.0	2.5	/experiments/knapen_AOT/AOT_stimuli/rescaled_final/1074_fw.mp4	0.0	348.91860914230347	0.10003089904785156
75	324.3065140247345	fix_pre	0		120	73.0	2.5	/experiments/knapen_AOT/AOT_stimuli/rescaled_final/1546_rv.mp4	0.0	349.0186400413513	1.0001890659332275
75	324.89023518562317	pulse	0	t		73.0	2.5	/experiments/knapen_AOT/AOT_stimuli/rescaled_final/1546_rv.mp4	0.0	349.60236120224	
75	325.3067030906677	movie	1		244	73.0	2.5	/experiments/knapen_AOT/AOT_stimuli/rescaled_final/1546_rv.mp4	0.0	350.01882910728455	2.5003249645233154
75	326.4905171394348	pulse	1	t		73.0	2.5	/experiments/knapen_AOT/AOT_stimuli/rescaled_final/1546_rv.mp4	0.0	351.20264315605164	
75	327.80702805519104	fix_post	2		12	73.0	2.5	/experiments/knapen_AOT/AOT_stimuli/rescaled_final/1546_rv.mp4	0.0	352.51915407180786	0.10000896453857422
76	327.9070370197296	fix_pre	0		120	74.0	2.5	/experiments/knapen_AOT/AOT_stimuli/rescaled_final/1299_rv.mp4	0.0	352.61916303634644	1.0002310276031494
76	328.09064197540283	pulse	0	t		74.0	2.5	/experiments/knapen_AOT/AOT_stimuli/rescaled_final/1299_rv.mp4	0.0	352.80276799201965	
76	328.90726804733276	movie	1		244	74.0	2.5	/experiments/knapen_AOT/AOT_stimuli/rescaled_final/1299_rv.mp4	0.0	353.6193940639496	2.500282049179077
76	329.69085597991943	pulse	1	t		74.0	2.5	/experiments/knapen_AOT/AOT_stimuli/rescaled_final/1299_rv.mp4	0.0	354.40298199653625	
76	331.2910840511322	pulse	1	t		74.0	2.5	/experiments/knapen_AOT/AOT_stimuli/rescaled_final/1299_rv.mp4	0.0	356.003210067749	
76	331.40755009651184	fix_post	2		12	74.0	2.5	/experiments/knapen_AOT/AOT_stimuli/rescaled_final/1299_rv.mp4	0.0	356.11967611312866	0.10001993179321289
77	331.50757002830505	fix_pre	0		120	75.0	2.5	/experiments/knapen_AOT/AOT_stimuli/rescaled_final/1546_fw.mp4	0.0	356.2196960449219	1.0001671314239502
77	332.507737159729	movie	1		243	75.0	2.5	/experiments/knapen_AOT/AOT_stimuli/rescaled_final/1546_fw.mp4	0.0	357.2198631763458	2.492053985595703
77	332.8958640098572	pulse	1	t		75.0	2.5	/experiments/knapen_AOT/AOT_stimuli/rescaled_final/1546_fw.mp4	0.0	357.607990026474	
77	334.4915030002594	pulse	1	t		75.0	2.5	/experiments/knapen_AOT/AOT_stimuli/rescaled_final/1546_fw.mp4	0.0	359.2036290168762	
77	334.9997911453247	fix_post	2		12	75.0	2.5	/experiments/knapen_AOT/AOT_stimuli/rescaled_final/1546_fw.mp4	0.0	359.7119171619415	0.10000085830688477
78	335.0997920036316	fix_pre	0		120	76.0	2.5	/experiments/knapen_AOT/AOT_stimuli/rescaled_final/0208_rv.mp4	0.0	359.8119180202484	1.0002000331878662
78	336.09189105033875	pulse	0	t		76.0	2.5	/experiments/knapen_AOT/AOT_stimuli/rescaled_final/0208_rv.mp4	0.0	360.80401706695557	
78	336.09999203681946	movie	1		246	76.0	2.5	/experiments/knapen_AOT/AOT_stimuli/rescaled_final/0208_rv.mp4	0.0	360.8121180534363	2.508657932281494
78	337.69600105285645	pulse	1	t		76.0	2.5	/experiments/knapen_AOT/AOT_stimuli/rescaled_final/0208_rv.mp4	0.0	362.40812706947327	
78	338.60864996910095	fix_post	2		12	76.0	2.5	/experiments/knapen_AOT/AOT_stimuli/rescaled_final/0208_rv.mp4	0.0	363.3207759857178	0.09997820854187012
79	338.7086281776428	fix_pre	0		120	77.0	2.5	blank	1.0	363.42075419425964	1.0001659393310547
79	339.2923321723938	pulse	0	t		77.0	2.5	blank	1.0	364.0044581890106	
79	339.7087941169739	movie	1		300	77.0	2.5	blank	1.0	364.4209201335907	2.5003960132598877
79	340.88504004478455	pulse	1	t		77.0	2.5	blank	1.0	365.59716606140137	
79	342.20919013023376	fix_post	2		12	77.0	2.5	blank	1.0	366.9213161468506	0.10000991821289062
80	342.30920004844666	fix_pre	0		120	78.0	2.5	/experiments/knapen_AOT/AOT_stimuli/rescaled_final/1420_fw.mp4	0.0	367.0213260650635	1.000148057937622
80	342.48522996902466	pulse	0	t		78.0	2.5	/experiments/knapen_AOT/AOT_stimuli/rescaled_final/1420_fw.mp4	0.0	367.1973559856415	
80	343.3093481063843	movie	1		244	78.0	2.5	/experiments/knapen_AOT/AOT_stimuli/rescaled_final/1420_fw.mp4	0.0	368.0214741230011	2.500361919403076
80	344.0855610370636	pulse	1	t		78.0	2.5	/experiments/knapen_AOT/AOT_stimuli/rescaled_final/1420_fw.mp4	0.0	368.7976870536804	
80	345.69324111938477	pulse	1	t		78.0	2.5	/experiments/knapen_AOT/AOT_stimuli/rescaled_final/1420_fw.mp4	0.0	370.4053671360016	
80	345.80971002578735	fix_post	2		12	78.0	2.5	/experiments/knapen_AOT/AOT_stimuli/rescaled_final/1420_fw.mp4	0.0	370.5218360424042	0.10000109672546387
81	345.9097111225128	fix_pre	0		120	79.0	2.5	/experiments/knapen_AOT/AOT_stimuli/rescaled_final/0530_fw.mp4	0.0	370.62183713912964	1.000166893005371
81	346.9098780155182	movie	1		243	79.0	2.5	/experiments/knapen_AOT/AOT_stimuli/rescaled_final/0530_fw.mp4	0.0	371.622004032135	2.492042064666748
81	347.28518199920654	pulse	1	t		79.0	2.5	/experiments/knapen_AOT/AOT_stimuli/rescaled_final/0530_fw.mp4	0.0	371.99730801582336	
81	348.88538098335266	pulse	1	t		79.0	2.5	/experiments/knapen_AOT/AOT_stimuli/rescaled_final/0530_fw.mp4	0.0	373.5975069999695	
81	349.40192008018494	fix_post	2		12	79.0	2.5	/experiments/knapen_AOT/AOT_stimuli/rescaled_final/0530_fw.mp4	0.0	374.11404609680176	0.09999489784240723
82	349.50191497802734	fix_pre	0		119	80.0	2.5	/experiments/knapen_AOT/AOT_stimuli/rescaled_final/1615_rv.mp4	0.0	374.21404099464417	0.9918181896209717
82	350.48560309410095	pulse	0	t		80.0	2.5	/experiments/knapen_AOT/AOT_stimuli/rescaled_final/1615_rv.mp4	0.0	375.1977291107178	
82	350.4937331676483	movie	1		246	80.0	2.5	/experiments/knapen_AOT/AOT_stimuli/rescaled_final/1615_rv.mp4	0.0	375.20585918426514	2.5087149143218994
82	352.0871431827545	pulse	1	t		80.0	2.5	/experiments/knapen_AOT/AOT_stimuli/rescaled_final/1615_rv.mp4	0.0	376.79926919937134	
82	353.0024480819702	fix_post	2		12	80.0	2.5	/experiments/knapen_AOT/AOT_stimuli/rescaled_final/1615_rv.mp4	0.0	377.71457409858704	0.10001611709594727
83	353.10246419906616	fix_pre	0		120	81.0	2.5	/experiments/knapen_AOT/AOT_stimuli/rescaled_final/1639_fw.mp4	0.0	377.814590215683	1.0001368522644043
83	353.6861741542816	pulse	0	t		81.0	2.5	/experiments/knapen_AOT/AOT_stimuli/rescaled_final/1639_fw.mp4	0.0	378.39830017089844	
83	354.10260105133057	movie	1		244	81.0	2.5	/experiments/knapen_AOT/AOT_stimuli/rescaled_final/1639_fw.mp4	0.0	378.8147270679474	2.50046706199646
83	355.28647804260254	pulse	1	t		81.0	2.5	/experiments/knapen_AOT/AOT_stimuli/rescaled_final/1639_fw.mp4	0.0	379.99860405921936	
83	356.603068113327	fix_post	2		12	81.0	2.5	/experiments/knapen_AOT/AOT_stimuli/rescaled_final/1639_fw.mp4	0.0	381.31519412994385	0.09995603561401367
84	356.70302414894104	fix_pre	0		120	82.0	2.5	/experiments/knapen_AOT/AOT_stimuli/rescaled_final/2040_rv.mp4	0.0	381.41515016555786	1.000175952911377
84	356.88657903671265	pulse	0	t		82.0	2.5	/experiments/knapen_AOT/AOT_stimuli/rescaled_final/2040_rv.mp4	0.0	381.59870505332947	
84	357.7032001018524	movie	1		247	82.0	2.5	/experiments/knapen_AOT/AOT_stimuli/rescaled_final/2040_rv.mp4	0.0	382.41532611846924	2.500359058380127
84	358.4867901802063	pulse	1	t		82.0	2.5	/experiments/knapen_AOT/AOT_stimuli/rescaled_final/2040_rv.mp4	0.0	383.1989161968231	
84	360.0871021747589	pulse	1	t		82.0	2.5	/experiments/knapen_AOT/AOT_stimuli/rescaled_final/2040_rv.mp4	0.0	384.79922819137573	
84	360.20355916023254	fix_post	2		12	82.0	2.5	/experiments/knapen_AOT/AOT_stimuli/rescaled_final/2040_rv.mp4	0.0	384.91568517684937	0.0999908447265625
85	360.3035500049591	fix_pre	0		120	83.0	2.5	blank	1.0	385.0156760215759	1.0001280307769775
85	361.3036780357361	movie	1		297	83.0	2.5	blank	1.0	386.0158040523529	2.4920761585235596
85	361.6873230934143	pulse	1	t		83.0	2.5	blank	1.0	386.3994491100311	
85	363.28749108314514	pulse	1	t		83.0	2.5	blank	1.0	387.99961709976196	
85	363.79575419425964	fix_post	2		12	83.0	2.5	blank	1.0	388.50788021087646	0.0999758243560791
87	363.8957300186157	stim	0		1716					388.60785603523254	14.302236080169678
87	364.8878080844879	pulse	0	t						389.59993410110474	
87	366.48797702789307	pulse	0	t						391.2001030445099	
87	368.08817505836487	pulse	0	t						392.8003010749817	
87	369.68843698501587	pulse	0	t						394.4005630016327	
87	371.28874707221985	pulse	0	t						396.00087308883667	
87	372.88890314102173	pulse	0	t						397.60102915763855	
87	374.48915219306946	pulse	0	t						399.2012782096863	
87	376.08934116363525	pulse	0	t						400.8014671802521	
87	377.68969917297363	pulse	0	t						402.40182518959045	
