trial_nr	onset	event_type	phase	response	nr_frames	movie_index	movie_duration	movie_file	blank	onset_abs	duration
0	0.18342089653015137	stim	0		110					130.43482303619385	0.9416811466217041
0	1.1170480251312256	response	0	space						131.36845016479492	
1	1.1251020431518555	stim	0		5069					131.37650418281555	42.24959087371826
1	43.36493992805481	pulse	0	t						173.6163420677185	
1	43.37469291687012	stim	1		1715					173.6260950565338	14.300502061843872
1	44.957725048065186	pulse	1	t						175.20912718772888	
1	46.557985067367554	pulse	1	t						176.80938720703125	
1	48.15798902511597	pulse	1	t						178.40939116477966	
1	49.757537841796875	pulse	1	t						180.00893998146057	
1	51.35770297050476	pulse	1	t						181.60910511016846	
1	52.95803499221802	pulse	1	t						183.2094371318817	
1	54.55816292762756	pulse	1	t						184.80956506729126	
1	56.15843987464905	pulse	1	t						186.40984201431274	
2	57.67519497871399	fix_pre	0		11	0.0	2.5	/experiments/knapen_AOT/AOT_stimuli/rescaled_final/1041_fw.mp4	0.0	187.92659711837769	0.10009098052978516
2	57.75875997543335	pulse	0	t		0.0	2.5	/experiments/knapen_AOT/AOT_stimuli/rescaled_final/1041_fw.mp4	0.0	188.01016211509705	
2	57.775285959243774	movie	1		245	0.0	2.5	/experiments/knapen_AOT/AOT_stimuli/rescaled_final/1041_fw.mp4	0.0	188.02668809890747	2.5003199577331543
2	59.36039185523987	pulse	1	t		0.0	2.5	/experiments/knapen_AOT/AOT_stimuli/rescaled_final/1041_fw.mp4	0.0	189.61179399490356	
2	60.27560591697693	fix_post	2		12	0.0	2.5	/experiments/knapen_AOT/AOT_stimuli/rescaled_final/1041_fw.mp4	0.0	190.52700805664062	0.10000109672546387
3	60.37560701370239	fix_pre	0		120	1.0	2.5	/experiments/knapen_AOT/AOT_stimuli/rescaled_final/1284_fw.mp4	0.0	190.6270091533661	1.0002260208129883
3	60.9592969417572	pulse	0	t		1.0	2.5	/experiments/knapen_AOT/AOT_stimuli/rescaled_final/1284_fw.mp4	0.0	191.2106990814209	
3	61.37583303451538	movie	1		245	1.0	2.5	/experiments/knapen_AOT/AOT_stimuli/rescaled_final/1284_fw.mp4	0.0	191.62723517417908	2.500347852706909
3	62.55955791473389	pulse	1	t		1.0	2.5	/experiments/knapen_AOT/AOT_stimuli/rescaled_final/1284_fw.mp4	0.0	192.81096005439758	
3	63.87618088722229	fix_post	2		12	1.0	2.5	/experiments/knapen_AOT/AOT_stimuli/rescaled_final/1284_fw.mp4	0.0	194.127583026886	0.09995317459106445
4	63.976134061813354	fix_pre	0		120	2.0	2.5	/experiments/knapen_AOT/AOT_stimuli/rescaled_final/0751_rv.mp4	0.0	194.22753620147705	1.0001838207244873
4	64.15982389450073	pulse	0	t		2.0	2.5	/experiments/knapen_AOT/AOT_stimuli/rescaled_final/0751_rv.mp4	0.0	194.41122603416443	
4	64.97631788253784	movie	1		247	2.0	2.5	/experiments/knapen_AOT/AOT_stimuli/rescaled_final/0751_rv.mp4	0.0	195.22772002220154	2.500314950942993
4	65.7599949836731	pulse	1	t		2.0	2.5	/experiments/knapen_AOT/AOT_stimuli/rescaled_final/0751_rv.mp4	0.0	196.0113971233368	
4	67.36028003692627	pulse	1	t		2.0	2.5	/experiments/knapen_AOT/AOT_stimuli/rescaled_final/0751_rv.mp4	0.0	197.61168217658997	
4	67.47663283348083	fix_post	2		12	2.0	2.5	/experiments/knapen_AOT/AOT_stimuli/rescaled_final/0751_rv.mp4	0.0	197.72803497314453	0.10004210472106934
5	67.5766749382019	fix_pre	0		120	3.0	2.5	/experiments/knapen_AOT/AOT_stimuli/rescaled_final/2107_rv.mp4	0.0	197.8280770778656	1.000385046005249
5	68.57705998420715	movie	1		247	3.0	2.5	/experiments/knapen_AOT/AOT_stimuli/rescaled_final/2107_rv.mp4	0.0	198.82846212387085	2.49182391166687
5	68.96108889579773	pulse	1	t		3.0	2.5	/experiments/knapen_AOT/AOT_stimuli/rescaled_final/2107_rv.mp4	0.0	199.21249103546143	
5	70.56076097488403	pulse	1	t		3.0	2.5	/experiments/knapen_AOT/AOT_stimuli/rescaled_final/2107_rv.mp4	0.0	200.81216311454773	
5	71.06888389587402	fix_post	2		12	3.0	2.5	/experiments/knapen_AOT/AOT_stimuli/rescaled_final/2107_rv.mp4	0.0	201.32028603553772	0.09998703002929688
6	71.16887092590332	fix_pre	0		120	4.0	2.5	/experiments/knapen_AOT/AOT_stimuli/rescaled_final/1139_rv.mp4	0.0	201.42027306556702	1.0002129077911377
6	72.16093492507935	pulse	0	t		4.0	2.5	/experiments/knapen_AOT/AOT_stimuli/rescaled_final/1139_rv.mp4	0.0	202.41233706474304	
6	72.16908383369446	movie	1		246	4.0	2.5	/experiments/knapen_AOT/AOT_stimuli/rescaled_final/1139_rv.mp4	0.0	202.42048597335815	2.508725166320801
6	73.76538705825806	pulse	1	t		4.0	2.5	/experiments/knapen_AOT/AOT_stimuli/rescaled_final/1139_rv.mp4	0.0	204.01678919792175	
6	74.67780900001526	fix_post	2		12	4.0	2.5	/experiments/knapen_AOT/AOT_stimuli/rescaled_final/1139_rv.mp4	0.0	204.92921113967896	0.09996795654296875
7	74.77777695655823	fix_pre	0		120	5.0	2.5	/experiments/knapen_AOT/AOT_stimuli/rescaled_final/1027_fw.mp4	0.0	205.02917909622192	1.0002429485321045
7	75.36132597923279	pulse	0	t		5.0	2.5	/experiments/knapen_AOT/AOT_stimuli/rescaled_final/1027_fw.mp4	0.0	205.61272811889648	
7	75.77801990509033	movie	1		246	5.0	2.5	/experiments/knapen_AOT/AOT_stimuli/rescaled_final/1027_fw.mp4	0.0	206.02942204475403	2.500236988067627
7	76.96183586120605	pulse	1	t		5.0	2.5	/experiments/knapen_AOT/AOT_stimuli/rescaled_final/1027_fw.mp4	0.0	207.21323800086975	
7	78.27825689315796	fix_post	2		12	5.0	2.5	/experiments/knapen_AOT/AOT_stimuli/rescaled_final/1027_fw.mp4	0.0	208.52965903282166	0.1000070571899414
8	78.3782639503479	fix_pre	0		120	6.0	2.5	/experiments/knapen_AOT/AOT_stimuli/rescaled_final/0975_fw.mp4	0.0	208.6296660900116	1.0003330707550049
8	78.56188297271729	pulse	0	t		6.0	2.5	/experiments/knapen_AOT/AOT_stimuli/rescaled_final/0975_fw.mp4	0.0	208.81328511238098	
8	79.3785970211029	movie	1		243	6.0	2.5	/experiments/knapen_AOT/AOT_stimuli/rescaled_final/0975_fw.mp4	0.0	209.6299991607666	2.500295877456665
8	80.16213083267212	pulse	1	t		6.0	2.5	/experiments/knapen_AOT/AOT_stimuli/rescaled_final/0975_fw.mp4	0.0	210.41353297233582	
8	81.762197971344	pulse	1	t		6.0	2.5	/experiments/knapen_AOT/AOT_stimuli/rescaled_final/0975_fw.mp4	0.0	212.0136001110077	
8	81.87889289855957	fix_post	2		12	6.0	2.5	/experiments/knapen_AOT/AOT_stimuli/rescaled_final/0975_fw.mp4	0.0	212.13029503822327	0.09992694854736328
9	81.97881984710693	fix_pre	0		120	7.0	2.5	blank	1.0	212.23022198677063	1.0002861022949219
9	82.97910594940186	movie	1		300	7.0	2.5	blank	1.0	213.23050808906555	2.5002388954162598
9	83.36262202262878	pulse	1	t		7.0	2.5	blank	1.0	213.61402416229248	
9	84.9628050327301	pulse	1	t		7.0	2.5	blank	1.0	215.2142071723938	
9	85.47934484481812	fix_post	2		12	7.0	2.5	blank	1.0	215.7307469844818	0.10021209716796875
10	85.57955694198608	fix_pre	0		119	8.0	2.5	/experiments/knapen_AOT/AOT_stimuli/rescaled_final/2155_fw.mp4	0.0	215.83095908164978	0.9916479587554932
10	86.56315588951111	pulse	0	t		8.0	2.5	/experiments/knapen_AOT/AOT_stimuli/rescaled_final/2155_fw.mp4	0.0	216.8145580291748	
10	86.57120490074158	movie	1		246	8.0	2.5	/experiments/knapen_AOT/AOT_stimuli/rescaled_final/2155_fw.mp4	0.0	216.82260704040527	2.5087859630584717
10	88.16390490531921	pulse	1	t		8.0	2.5	/experiments/knapen_AOT/AOT_stimuli/rescaled_final/2155_fw.mp4	0.0	218.4153070449829	
10	89.07999086380005	fix_post	2		12	8.0	2.5	/experiments/knapen_AOT/AOT_stimuli/rescaled_final/2155_fw.mp4	0.0	219.33139300346375	0.09988808631896973
11	89.17987895011902	fix_pre	0		120	9.0	2.5	/experiments/knapen_AOT/AOT_stimuli/rescaled_final/1100_rv.mp4	0.0	219.43128108978271	1.0002410411834717
11	89.76361203193665	pulse	0	t		9.0	2.5	/experiments/knapen_AOT/AOT_stimuli/rescaled_final/1100_rv.mp4	0.0	220.01501417160034	
11	90.18011999130249	movie	1		243	9.0	2.5	/experiments/knapen_AOT/AOT_stimuli/rescaled_final/1100_rv.mp4	0.0	220.4315221309662	2.500417947769165
11	91.35973191261292	pulse	1	t		9.0	2.5	/experiments/knapen_AOT/AOT_stimuli/rescaled_final/1100_rv.mp4	0.0	221.6111340522766	
11	92.68053793907166	fix_post	2		12	9.0	2.5	/experiments/knapen_AOT/AOT_stimuli/rescaled_final/1100_rv.mp4	0.0	222.93194007873535	0.09990406036376953
12	92.78044199943542	fix_pre	0		120	10.0	2.5	/experiments/knapen_AOT/AOT_stimuli/rescaled_final/1573_rv.mp4	0.0	223.03184413909912	1.0002968311309814
12	92.96410489082336	pulse	0	t		10.0	2.5	/experiments/knapen_AOT/AOT_stimuli/rescaled_final/1573_rv.mp4	0.0	223.21550703048706	
12	93.7807388305664	movie	1		244	10.0	2.5	/experiments/knapen_AOT/AOT_stimuli/rescaled_final/1573_rv.mp4	0.0	224.0321409702301	2.5002682209014893
12	94.55692791938782	pulse	1	t		10.0	2.5	/experiments/knapen_AOT/AOT_stimuli/rescaled_final/1573_rv.mp4	0.0	224.8083300590515	
12	96.16195106506348	pulse	1	t		10.0	2.5	/experiments/knapen_AOT/AOT_stimuli/rescaled_final/1573_rv.mp4	0.0	226.41335320472717	
12	96.2810070514679	fix_post	2		12	10.0	2.5	/experiments/knapen_AOT/AOT_stimuli/rescaled_final/1573_rv.mp4	0.0	226.5324091911316	0.09999299049377441
13	96.38100004196167	fix_pre	0		120	11.0	2.5	/experiments/knapen_AOT/AOT_stimuli/rescaled_final/1027_fw.mp4	0.0	226.63240218162537	1.000196933746338
13	97.38119697570801	movie	1		244	11.0	2.5	/experiments/knapen_AOT/AOT_stimuli/rescaled_final/1027_fw.mp4	0.0	227.6325991153717	2.4919588565826416
13	97.76592898368835	pulse	1	t		11.0	2.5	/experiments/knapen_AOT/AOT_stimuli/rescaled_final/1027_fw.mp4	0.0	228.01733112335205	
13	99.35770297050476	pulse	1	t		11.0	2.5	/experiments/knapen_AOT/AOT_stimuli/rescaled_final/1027_fw.mp4	0.0	229.60910511016846	
13	99.87315583229065	fix_post	2		12	11.0	2.5	/experiments/knapen_AOT/AOT_stimuli/rescaled_final/1027_fw.mp4	0.0	230.12455797195435	0.10007619857788086
14	99.97323203086853	fix_pre	0		120	12.0	2.5	/experiments/knapen_AOT/AOT_stimuli/rescaled_final/1433_fw.mp4	0.0	230.22463417053223	1.0002899169921875
14	100.95771884918213	pulse	0	t		12.0	2.5	/experiments/knapen_AOT/AOT_stimuli/rescaled_final/1433_fw.mp4	0.0	231.20912098884583	
14	100.97352194786072	movie	1		245	12.0	2.5	/experiments/knapen_AOT/AOT_stimuli/rescaled_final/1433_fw.mp4	0.0	231.2249240875244	2.508599042892456
14	102.55716586112976	pulse	1	t		12.0	2.5	/experiments/knapen_AOT/AOT_stimuli/rescaled_final/1433_fw.mp4	0.0	232.80856800079346	
14	103.48212099075317	fix_post	2		12	12.0	2.5	/experiments/knapen_AOT/AOT_stimuli/rescaled_final/1433_fw.mp4	0.0	233.73352313041687	0.09991288185119629
15	103.58203387260437	fix_pre	0		120	13.0	2.5	/experiments/knapen_AOT/AOT_stimuli/rescaled_final/0601_rv.mp4	0.0	233.83343601226807	1.0001890659332275
15	104.15730500221252	pulse	0	t		13.0	2.5	/experiments/knapen_AOT/AOT_stimuli/rescaled_final/0601_rv.mp4	0.0	234.40870714187622	
15	104.5822229385376	movie	1		245	13.0	2.5	/experiments/knapen_AOT/AOT_stimuli/rescaled_final/0601_rv.mp4	0.0	234.8336250782013	2.5003530979156494
15	105.75816106796265	pulse	1	t		13.0	2.5	/experiments/knapen_AOT/AOT_stimuli/rescaled_final/0601_rv.mp4	0.0	236.00956320762634	
15	107.08257603645325	fix_post	2		12	13.0	2.5	/experiments/knapen_AOT/AOT_stimuli/rescaled_final/0601_rv.mp4	0.0	237.33397817611694	0.10003185272216797
16	107.18260788917542	fix_pre	0		120	14.0	2.5	blank	1.0	237.4340100288391	1.0003080368041992
16	107.35788583755493	pulse	0	t		14.0	2.5	blank	1.0	237.60928797721863	
16	108.18291592597961	movie	1		300	14.0	2.5	blank	1.0	238.4343180656433	2.500225067138672
16	108.95806288719177	pulse	1	t		14.0	2.5	blank	1.0	239.20946502685547	
16	110.5582230091095	pulse	1	t		14.0	2.5	blank	1.0	240.8096251487732	
16	110.68314099311829	fix_post	2		11	14.0	2.5	blank	1.0	240.93454313278198	0.10001301765441895
17	110.7831540107727	fix_pre	0		119	15.0	2.5	/experiments/knapen_AOT/AOT_stimuli/rescaled_final/0690_fw.mp4	0.0	241.0345561504364	0.9919240474700928
17	111.7750780582428	movie	1		245	15.0	2.5	/experiments/knapen_AOT/AOT_stimuli/rescaled_final/0690_fw.mp4	0.0	242.0264801979065	2.5003278255462646
17	112.15963196754456	pulse	1	t		15.0	2.5	/experiments/knapen_AOT/AOT_stimuli/rescaled_final/0690_fw.mp4	0.0	242.41103410720825	
17	113.75882387161255	pulse	1	t		15.0	2.5	/experiments/knapen_AOT/AOT_stimuli/rescaled_final/0690_fw.mp4	0.0	244.01022601127625	
17	114.27540588378906	fix_post	2		12	15.0	2.5	/experiments/knapen_AOT/AOT_stimuli/rescaled_final/0690_fw.mp4	0.0	244.52680802345276	0.09990215301513672
18	114.3753080368042	fix_pre	0		119	16.0	2.5	/experiments/knapen_AOT/AOT_stimuli/rescaled_final/0411_rv.mp4	0.0	244.6267101764679	0.9918839931488037
18	115.35904383659363	pulse	0	t		16.0	2.5	/experiments/knapen_AOT/AOT_stimuli/rescaled_final/0411_rv.mp4	0.0	245.61044597625732	
18	115.367192029953	movie	1		246	16.0	2.5	/experiments/knapen_AOT/AOT_stimuli/rescaled_final/0411_rv.mp4	0.0	245.6185941696167	2.5087878704071045
18	116.95995688438416	pulse	1	t		16.0	2.5	/experiments/knapen_AOT/AOT_stimuli/rescaled_final/0411_rv.mp4	0.0	247.21135902404785	
18	117.87597990036011	fix_post	2		12	16.0	2.5	/experiments/knapen_AOT/AOT_stimuli/rescaled_final/0411_rv.mp4	0.0	248.1273820400238	0.09991216659545898
19	117.97589206695557	fix_pre	0		120	17.0	2.5	/experiments/knapen_AOT/AOT_stimuli/rescaled_final/2128_rv.mp4	0.0	248.22729420661926	1.0002307891845703
19	118.55946397781372	pulse	0	t		17.0	2.5	/experiments/knapen_AOT/AOT_stimuli/rescaled_final/2128_rv.mp4	0.0	248.81086611747742	
19	118.97612285614014	movie	1		244	17.0	2.5	/experiments/knapen_AOT/AOT_stimuli/rescaled_final/2128_rv.mp4	0.0	249.22752499580383	2.5003750324249268
19	120.15985989570618	pulse	1	t		17.0	2.5	/experiments/knapen_AOT/AOT_stimuli/rescaled_final/2128_rv.mp4	0.0	250.41126203536987	
19	121.47649788856506	fix_post	2		12	17.0	2.5	/experiments/knapen_AOT/AOT_stimuli/rescaled_final/2128_rv.mp4	0.0	251.72790002822876	0.09997797012329102
20	121.57647585868835	fix_pre	0		120	18.0	2.5	/experiments/knapen_AOT/AOT_stimuli/rescaled_final/0073_rv.mp4	0.0	251.82787799835205	1.0002400875091553
20	121.75996494293213	pulse	0	t		18.0	2.5	/experiments/knapen_AOT/AOT_stimuli/rescaled_final/0073_rv.mp4	0.0	252.01136708259583	
20	122.57671594619751	movie	1		244	18.0	2.5	/experiments/knapen_AOT/AOT_stimuli/rescaled_final/0073_rv.mp4	0.0	252.8281180858612	2.500394105911255
20	123.36025404930115	pulse	1	t		18.0	2.5	/experiments/knapen_AOT/AOT_stimuli/rescaled_final/0073_rv.mp4	0.0	253.61165618896484	
20	124.96066284179688	pulse	1	t		18.0	2.5	/experiments/knapen_AOT/AOT_stimuli/rescaled_final/0073_rv.mp4	0.0	255.21206498146057	
20	125.07711005210876	fix_post	2		12	18.0	2.5	/experiments/knapen_AOT/AOT_stimuli/rescaled_final/0073_rv.mp4	0.0	255.32851219177246	0.09989690780639648
21	125.17700695991516	fix_pre	0		120	19.0	2.5	/experiments/knapen_AOT/AOT_stimuli/rescaled_final/1270_fw.mp4	0.0	255.42840909957886	1.0001270771026611
21	126.17713403701782	movie	1		243	19.0	2.5	/experiments/knapen_AOT/AOT_stimuli/rescaled_final/1270_fw.mp4	0.0	256.4285361766815	2.492048978805542
21	126.56103587150574	pulse	1	t		19.0	2.5	/experiments/knapen_AOT/AOT_stimuli/rescaled_final/1270_fw.mp4	0.0	256.81243801116943	
21	128.1609718799591	pulse	1	t		19.0	2.5	/experiments/knapen_AOT/AOT_stimuli/rescaled_final/1270_fw.mp4	0.0	258.4123740196228	
21	128.66918301582336	fix_post	2		12	19.0	2.5	/experiments/knapen_AOT/AOT_stimuli/rescaled_final/1270_fw.mp4	0.0	258.92058515548706	0.0999610424041748
22	128.76914405822754	fix_pre	0		120	20.0	2.5	blank	1.0	259.02054619789124	1.0002319812774658
22	129.76122283935547	pulse	0	t		20.0	2.5	blank	1.0	260.01262497901917	
22	129.769376039505	movie	1		301	20.0	2.5	blank	1.0	260.0207781791687	2.5086538791656494
22	131.36133790016174	pulse	1	t		20.0	2.5	blank	1.0	261.61274003982544	
22	132.27802991867065	fix_post	2		12	20.0	2.5	blank	1.0	262.52943205833435	0.10006308555603027
23	132.37809300422668	fix_pre	0		120	21.0	2.5	/experiments/knapen_AOT/AOT_stimuli/rescaled_final/1433_rv.mp4	0.0	262.6294951438904	1.0001020431518555
23	132.96165299415588	pulse	0	t		21.0	2.5	/experiments/knapen_AOT/AOT_stimuli/rescaled_final/1433_rv.mp4	0.0	263.2130551338196	
23	133.37819504737854	movie	1		245	21.0	2.5	/experiments/knapen_AOT/AOT_stimuli/rescaled_final/1433_rv.mp4	0.0	263.62959718704224	2.50032901763916
23	134.56203389167786	pulse	1	t		21.0	2.5	/experiments/knapen_AOT/AOT_stimuli/rescaled_final/1433_rv.mp4	0.0	264.81343603134155	
23	135.8785240650177	fix_post	2		12	21.0	2.5	/experiments/knapen_AOT/AOT_stimuli/rescaled_final/1433_rv.mp4	0.0	266.1299262046814	0.1000509262084961
24	135.9785749912262	fix_pre	0		120	22.0	2.5	/experiments/knapen_AOT/AOT_stimuli/rescaled_final/0733_fw.mp4	0.0	266.2299771308899	1.0002808570861816
24	136.1623558998108	pulse	0	t		22.0	2.5	/experiments/knapen_AOT/AOT_stimuli/rescaled_final/0733_fw.mp4	0.0	266.4137580394745	
24	136.97885584831238	movie	1		245	22.0	2.5	/experiments/knapen_AOT/AOT_stimuli/rescaled_final/0733_fw.mp4	0.0	267.2302579879761	2.5001862049102783
24	137.76239585876465	pulse	1	t		22.0	2.5	/experiments/knapen_AOT/AOT_stimuli/rescaled_final/0733_fw.mp4	0.0	268.01379799842834	
24	139.36029505729675	pulse	1	t		22.0	2.5	/experiments/knapen_AOT/AOT_stimuli/rescaled_final/0733_fw.mp4	0.0	269.61169719696045	
24	139.47904205322266	fix_post	2		12	22.0	2.5	/experiments/knapen_AOT/AOT_stimuli/rescaled_final/0733_fw.mp4	0.0	269.73044419288635	0.10004091262817383
25	139.57908296585083	fix_pre	0		120	23.0	2.5	/experiments/knapen_AOT/AOT_stimuli/rescaled_final/1047_rv.mp4	0.0	269.8304851055145	1.0002379417419434
25	140.57932090759277	movie	1		243	23.0	2.5	/experiments/knapen_AOT/AOT_stimuli/rescaled_final/1047_rv.mp4	0.0	270.83072304725647	2.4920201301574707
25	140.9635410308838	pulse	1	t		23.0	2.5	/experiments/knapen_AOT/AOT_stimuli/rescaled_final/1047_rv.mp4	0.0	271.2149431705475	
25	142.56314301490784	pulse	1	t		23.0	2.5	/experiments/knapen_AOT/AOT_stimuli/rescaled_final/1047_rv.mp4	0.0	272.81454515457153	
25	143.07134103775024	fix_post	2		12	23.0	2.5	/experiments/knapen_AOT/AOT_stimuli/rescaled_final/1047_rv.mp4	0.0	273.32274317741394	0.09998393058776855
26	143.171324968338	fix_pre	0		120	24.0	2.5	/experiments/knapen_AOT/AOT_stimuli/rescaled_final/1228_rv.mp4	0.0	273.4227271080017	1.0002429485321045
26	144.1632900238037	pulse	0	t		24.0	2.5	/experiments/knapen_AOT/AOT_stimuli/rescaled_final/1228_rv.mp4	0.0	274.4146921634674	
26	144.17156791687012	movie	1		246	24.0	2.5	/experiments/knapen_AOT/AOT_stimuli/rescaled_final/1228_rv.mp4	0.0	274.4229700565338	2.50856614112854
26	145.76427292823792	pulse	1	t		24.0	2.5	/experiments/knapen_AOT/AOT_stimuli/rescaled_final/1228_rv.mp4	0.0	276.0156750679016	
26	146.68013405799866	fix_post	2		12	24.0	2.5	/experiments/knapen_AOT/AOT_stimuli/rescaled_final/1228_rv.mp4	0.0	276.93153619766235	0.10006594657897949
27	146.78020000457764	fix_pre	0		120	25.0	2.5	/experiments/knapen_AOT/AOT_stimuli/rescaled_final/0411_rv.mp4	0.0	277.03160214424133	1.000166893005371
27	147.36378288269043	pulse	0	t		25.0	2.5	/experiments/knapen_AOT/AOT_stimuli/rescaled_final/0411_rv.mp4	0.0	277.6151850223541	
27	147.780366897583	movie	1		246	25.0	2.5	/experiments/knapen_AOT/AOT_stimuli/rescaled_final/0411_rv.mp4	0.0	278.0317690372467	2.5003559589385986
27	148.95975995063782	pulse	1	t		25.0	2.5	/experiments/knapen_AOT/AOT_stimuli/rescaled_final/0411_rv.mp4	0.0	279.2111620903015	
27	150.2807228565216	fix_post	2		12	25.0	2.5	/experiments/knapen_AOT/AOT_stimuli/rescaled_final/0411_rv.mp4	0.0	280.5321249961853	0.10005617141723633
28	150.38077902793884	fix_pre	0		120	26.0	2.5	/experiments/knapen_AOT/AOT_stimuli/rescaled_final/0978_rv.mp4	0.0	280.63218116760254	1.0001459121704102
28	150.5642478466034	pulse	0	t		26.0	2.5	/experiments/knapen_AOT/AOT_stimuli/rescaled_final/0978_rv.mp4	0.0	280.8156499862671	
28	151.38092494010925	movie	1		244	26.0	2.5	/experiments/knapen_AOT/AOT_stimuli/rescaled_final/0978_rv.mp4	0.0	281.63232707977295	2.500356912612915
28	152.15716004371643	pulse	1	t		26.0	2.5	/experiments/knapen_AOT/AOT_stimuli/rescaled_final/0978_rv.mp4	0.0	282.4085621833801	
28	153.76475501060486	pulse	1	t		26.0	2.5	/experiments/knapen_AOT/AOT_stimuli/rescaled_final/0978_rv.mp4	0.0	284.01615715026855	
28	153.88128185272217	fix_post	2		12	26.0	2.5	/experiments/knapen_AOT/AOT_stimuli/rescaled_final/0978_rv.mp4	0.0	284.13268399238586	0.09997415542602539
29	153.9812560081482	fix_pre	0		120	27.0	2.5	/experiments/knapen_AOT/AOT_stimuli/rescaled_final/0887_rv.mp4	0.0	284.2326581478119	1.00034499168396
29	154.98160099983215	movie	1		243	27.0	2.5	/experiments/knapen_AOT/AOT_stimuli/rescaled_final/0887_rv.mp4	0.0	285.23300313949585	2.4918949604034424
29	155.3567979335785	pulse	1	t		27.0	2.5	/experiments/knapen_AOT/AOT_stimuli/rescaled_final/0887_rv.mp4	0.0	285.6082000732422	
29	156.9569058418274	pulse	1	t		27.0	2.5	/experiments/knapen_AOT/AOT_stimuli/rescaled_final/0887_rv.mp4	0.0	287.2083079814911	
29	157.4734959602356	fix_post	2		12	27.0	2.5	/experiments/knapen_AOT/AOT_stimuli/rescaled_final/0887_rv.mp4	0.0	287.7248980998993	0.10000991821289062
30	157.5735058784485	fix_pre	0		119	28.0	2.5	blank	1.0	287.8249080181122	0.9918651580810547
30	158.55713891983032	pulse	0	t		28.0	2.5	blank	1.0	288.808541059494	
30	158.56537103652954	movie	1		301	28.0	2.5	blank	1.0	288.81677317619324	2.5086028575897217
30	160.15730595588684	pulse	1	t		28.0	2.5	blank	1.0	290.40870809555054	
30	161.07397389411926	fix_post	2		12	28.0	2.5	blank	1.0	291.32537603378296	0.10013294219970703
31	161.17410683631897	fix_pre	0		120	29.0	2.5	/experiments/knapen_AOT/AOT_stimuli/rescaled_final/0068_rv.mp4	0.0	291.42550897598267	1.0000691413879395
31	161.75772500038147	pulse	0	t		29.0	2.5	/experiments/knapen_AOT/AOT_stimuli/rescaled_final/0068_rv.mp4	0.0	292.00912714004517	
31	162.1741759777069	movie	1		245	29.0	2.5	/experiments/knapen_AOT/AOT_stimuli/rescaled_final/0068_rv.mp4	0.0	292.4255781173706	2.500455856323242
31	163.35802102088928	pulse	1	t		29.0	2.5	/experiments/knapen_AOT/AOT_stimuli/rescaled_final/0068_rv.mp4	0.0	293.609423160553	
31	164.67463183403015	fix_post	2		12	29.0	2.5	/experiments/knapen_AOT/AOT_stimuli/rescaled_final/0068_rv.mp4	0.0	294.92603397369385	0.09995007514953613
32	164.7745819091797	fix_pre	0		120	30.0	2.5	/experiments/knapen_AOT/AOT_stimuli/rescaled_final/1573_fw.mp4	0.0	295.0259840488434	1.00022292137146
32	164.95806694030762	pulse	0	t		30.0	2.5	/experiments/knapen_AOT/AOT_stimuli/rescaled_final/1573_fw.mp4	0.0	295.2094690799713	
32	165.77480483055115	movie	1		242	30.0	2.5	/experiments/knapen_AOT/AOT_stimuli/rescaled_final/1573_fw.mp4	0.0	296.02620697021484	2.5002710819244385
32	166.5582718849182	pulse	1	t		30.0	2.5	/experiments/knapen_AOT/AOT_stimuli/rescaled_final/1573_fw.mp4	0.0	296.8096740245819	
32	168.15858387947083	pulse	1	t		30.0	2.5	/experiments/knapen_AOT/AOT_stimuli/rescaled_final/1573_fw.mp4	0.0	298.4099860191345	
32	168.2750759124756	fix_post	2		12	30.0	2.5	/experiments/knapen_AOT/AOT_stimuli/rescaled_final/1573_fw.mp4	0.0	298.5264780521393	0.09998607635498047
33	168.37506198883057	fix_pre	0		120	31.0	2.5	/experiments/knapen_AOT/AOT_stimuli/rescaled_final/1275_rv.mp4	0.0	298.62646412849426	1.0001649856567383
33	169.3752269744873	movie	1		243	31.0	2.5	/experiments/knapen_AOT/AOT_stimuli/rescaled_final/1275_rv.mp4	0.0	299.626629114151	2.49208402633667
33	169.7592740058899	pulse	1	t		31.0	2.5	/experiments/knapen_AOT/AOT_stimuli/rescaled_final/1275_rv.mp4	0.0	300.0106761455536	
33	171.35908198356628	pulse	1	t		31.0	2.5	/experiments/knapen_AOT/AOT_stimuli/rescaled_final/1275_rv.mp4	0.0	301.61048412323	
33	171.86731100082397	fix_post	2		12	31.0	2.5	/experiments/knapen_AOT/AOT_stimuli/rescaled_final/1275_rv.mp4	0.0	302.11871314048767	0.10000395774841309
34	171.9673149585724	fix_pre	0		120	32.0	2.5	/experiments/knapen_AOT/AOT_stimuli/rescaled_final/1314_rv.mp4	0.0	302.2187170982361	1.0001890659332275
34	172.95926594734192	pulse	0	t		32.0	2.5	/experiments/knapen_AOT/AOT_stimuli/rescaled_final/1314_rv.mp4	0.0	303.2106680870056	
34	172.96750402450562	movie	1		245	32.0	2.5	/experiments/knapen_AOT/AOT_stimuli/rescaled_final/1314_rv.mp4	0.0	303.2189061641693	2.5086538791656494
34	174.56348490715027	pulse	1	t		32.0	2.5	/experiments/knapen_AOT/AOT_stimuli/rescaled_final/1314_rv.mp4	0.0	304.81488704681396	
34	175.47615790367126	fix_post	2		12	32.0	2.5	/experiments/knapen_AOT/AOT_stimuli/rescaled_final/1314_rv.mp4	0.0	305.72756004333496	0.09997916221618652
35	175.57613706588745	fix_pre	0		120	33.0	2.5	/experiments/knapen_AOT/AOT_stimuli/rescaled_final/1988_fw.mp4	0.0	305.82753920555115	1.0002398490905762
35	176.15986490249634	pulse	0	t		33.0	2.5	/experiments/knapen_AOT/AOT_stimuli/rescaled_final/1988_fw.mp4	0.0	306.41126704216003	
35	176.57637691497803	movie	1		245	33.0	2.5	/experiments/knapen_AOT/AOT_stimuli/rescaled_final/1988_fw.mp4	0.0	306.8277790546417	2.5004029273986816
35	177.7600929737091	pulse	1	t		33.0	2.5	/experiments/knapen_AOT/AOT_stimuli/rescaled_final/1988_fw.mp4	0.0	308.0114951133728	
35	179.0767798423767	fix_post	2		12	33.0	2.5	/experiments/knapen_AOT/AOT_stimuli/rescaled_final/1988_fw.mp4	0.0	309.3281819820404	0.09991312026977539
36	179.17669296264648	fix_pre	0		120	34.0	2.5	blank	1.0	309.4280951023102	1.0001530647277832
36	179.3601939678192	pulse	0	t		34.0	2.5	blank	1.0	309.6115961074829	
36	180.17684602737427	movie	1		300	34.0	2.5	blank	1.0	310.42824816703796	2.500365972518921
36	180.96054196357727	pulse	1	t		34.0	2.5	blank	1.0	311.21194410324097	
36	182.56072902679443	pulse	1	t		34.0	2.5	blank	1.0	312.81213116645813	
36	182.6772119998932	fix_post	2		12	34.0	2.5	blank	1.0	312.9286141395569	0.10004091262817383
37	182.77725291252136	fix_pre	0		120	35.0	2.5	/experiments/knapen_AOT/AOT_stimuli/rescaled_final/1965_rv.mp4	0.0	313.02865505218506	1.0001461505889893
37	183.77739906311035	movie	1		245	35.0	2.5	/experiments/knapen_AOT/AOT_stimuli/rescaled_final/1965_rv.mp4	0.0	314.02880120277405	2.4919779300689697
37	184.1655240058899	pulse	1	t		35.0	2.5	/experiments/knapen_AOT/AOT_stimuli/rescaled_final/1965_rv.mp4	0.0	314.4169261455536	
37	185.76119804382324	pulse	1	t		35.0	2.5	/experiments/knapen_AOT/AOT_stimuli/rescaled_final/1965_rv.mp4	0.0	316.01260018348694	
37	186.26937699317932	fix_post	2		12	35.0	2.5	/experiments/knapen_AOT/AOT_stimuli/rescaled_final/1965_rv.mp4	0.0	316.520779132843	0.1000509262084961
38	186.36942791938782	fix_pre	0		120	36.0	2.5	/experiments/knapen_AOT/AOT_stimuli/rescaled_final/0689_rv.mp4	0.0	316.6208300590515	1.0001471042633057
38	187.36140084266663	pulse	0	t		36.0	2.5	/experiments/knapen_AOT/AOT_stimuli/rescaled_final/0689_rv.mp4	0.0	317.6128029823303	
38	187.36957502365112	movie	1		245	36.0	2.5	/experiments/knapen_AOT/AOT_stimuli/rescaled_final/0689_rv.mp4	0.0	317.6209771633148	2.5086898803710938
38	188.96222186088562	pulse	1	t		36.0	2.5	/experiments/knapen_AOT/AOT_stimuli/rescaled_final/0689_rv.mp4	0.0	319.2136240005493	
38	189.87826490402222	fix_post	2		12	36.0	2.5	/experiments/knapen_AOT/AOT_stimuli/rescaled_final/0689_rv.mp4	0.0	320.1296670436859	0.09999799728393555
39	189.97826290130615	fix_pre	0		120	37.0	2.5	/experiments/knapen_AOT/AOT_stimuli/rescaled_final/1786_fw.mp4	0.0	320.22966504096985	1.0002379417419434
39	190.56197905540466	pulse	0	t		37.0	2.5	/experiments/knapen_AOT/AOT_stimuli/rescaled_final/1786_fw.mp4	0.0	320.81338119506836	
39	190.9785008430481	movie	1		247	37.0	2.5	/experiments/knapen_AOT/AOT_stimuli/rescaled_final/1786_fw.mp4	0.0	321.2299029827118	2.500277042388916
39	192.16223001480103	pulse	1	t		37.0	2.5	/experiments/knapen_AOT/AOT_stimuli/rescaled_final/1786_fw.mp4	0.0	322.4136321544647	
39	193.478777885437	fix_post	2		12	37.0	2.5	/experiments/knapen_AOT/AOT_stimuli/rescaled_final/1786_fw.mp4	0.0	323.7301800251007	0.10010099411010742
40	193.57887887954712	fix_pre	0		120	38.0	2.5	/experiments/knapen_AOT/AOT_stimuli/rescaled_final/1296_fw.mp4	0.0	323.8302810192108	1.000087022781372
40	193.7623028755188	pulse	0	t		38.0	2.5	/experiments/knapen_AOT/AOT_stimuli/rescaled_final/1296_fw.mp4	0.0	324.0137050151825	
40	194.5789659023285	movie	1		246	38.0	2.5	/experiments/knapen_AOT/AOT_stimuli/rescaled_final/1296_fw.mp4	0.0	324.8303680419922	2.5004820823669434
40	195.36265802383423	pulse	1	t		38.0	2.5	/experiments/knapen_AOT/AOT_stimuli/rescaled_final/1296_fw.mp4	0.0	325.6140601634979	
40	196.96311283111572	pulse	1	t		38.0	2.5	/experiments/knapen_AOT/AOT_stimuli/rescaled_final/1296_fw.mp4	0.0	327.2145149707794	
40	197.07944798469543	fix_post	2		12	38.0	2.5	/experiments/knapen_AOT/AOT_stimuli/rescaled_final/1296_fw.mp4	0.0	327.33085012435913	0.09990692138671875
41	197.17935490608215	fix_pre	0		119	39.0	2.5	/experiments/knapen_AOT/AOT_stimuli/rescaled_final/1467_fw.mp4	0.0	327.43075704574585	0.9918200969696045
41	198.17117500305176	movie	1		257	39.0	2.5	/experiments/knapen_AOT/AOT_stimuli/rescaled_final/1467_fw.mp4	0.0	328.42257714271545	2.500393867492676
41	198.56323099136353	pulse	1	t		39.0	2.5	/experiments/knapen_AOT/AOT_stimuli/rescaled_final/1467_fw.mp4	0.0	328.8146331310272	
41	200.16331100463867	pulse	1	t		39.0	2.5	/experiments/knapen_AOT/AOT_stimuli/rescaled_final/1467_fw.mp4	0.0	330.41471314430237	
41	200.67156887054443	fix_post	2		12	39.0	2.5	/experiments/knapen_AOT/AOT_stimuli/rescaled_final/1467_fw.mp4	0.0	330.92297101020813	0.10006117820739746
42	200.77163004875183	fix_pre	0		120	40.0	2.5	/experiments/knapen_AOT/AOT_stimuli/rescaled_final/2104_rv.mp4	0.0	331.0230321884155	1.0000958442687988
42	201.7635989189148	pulse	0	t		40.0	2.5	/experiments/knapen_AOT/AOT_stimuli/rescaled_final/2104_rv.mp4	0.0	332.0150010585785	
42	201.77172589302063	movie	1		247	40.0	2.5	/experiments/knapen_AOT/AOT_stimuli/rescaled_final/2104_rv.mp4	0.0	332.0231280326843	2.5086750984191895
42	203.36438298225403	pulse	1	t		40.0	2.5	/experiments/knapen_AOT/AOT_stimuli/rescaled_final/2104_rv.mp4	0.0	333.6157851219177	
42	204.28040099143982	fix_post	2		12	40.0	2.5	/experiments/knapen_AOT/AOT_stimuli/rescaled_final/2104_rv.mp4	0.0	334.5318031311035	0.10001492500305176
43	204.38041591644287	fix_pre	0		120	41.0	2.5	/experiments/knapen_AOT/AOT_stimuli/rescaled_final/0231_rv.mp4	0.0	334.63181805610657	1.0001530647277832
43	204.96417093276978	pulse	0	t		41.0	2.5	/experiments/knapen_AOT/AOT_stimuli/rescaled_final/0231_rv.mp4	0.0	335.2155730724335	
43	205.38056898117065	movie	1		245	41.0	2.5	/experiments/knapen_AOT/AOT_stimuli/rescaled_final/0231_rv.mp4	0.0	335.63197112083435	2.500380039215088
43	206.5644588470459	pulse	1	t		41.0	2.5	/experiments/knapen_AOT/AOT_stimuli/rescaled_final/0231_rv.mp4	0.0	336.8158609867096	
43	207.88094902038574	fix_post	2		12	41.0	2.5	/experiments/knapen_AOT/AOT_stimuli/rescaled_final/0231_rv.mp4	0.0	338.13235116004944	0.10011696815490723
44	207.98106598854065	fix_pre	0		120	42.0	2.5	blank	1.0	338.23246812820435	1.000053882598877
44	208.16457390785217	pulse	0	t		42.0	2.5	blank	1.0	338.41597604751587	
44	208.98111987113953	movie	1		300	42.0	2.5	blank	1.0	339.2325220108032	2.5004220008850098
44	209.7572820186615	pulse	1	t		42.0	2.5	blank	1.0	340.0086841583252	
44	211.35765385627747	pulse	1	t		42.0	2.5	blank	1.0	341.60905599594116	
44	211.48154187202454	fix_post	2		12	42.0	2.5	blank	1.0	341.73294401168823	0.09997010231018066
45	211.58151197433472	fix_pre	0		119	43.0	2.5	/experiments/knapen_AOT/AOT_stimuli/rescaled_final/2001_fw.mp4	0.0	341.8329141139984	0.9918370246887207
45	212.57334899902344	movie	1		245	43.0	2.5	/experiments/knapen_AOT/AOT_stimuli/rescaled_final/2001_fw.mp4	0.0	342.82475113868713	2.50032901763916
45	212.96532797813416	pulse	1	t		43.0	2.5	/experiments/knapen_AOT/AOT_stimuli/rescaled_final/2001_fw.mp4	0.0	343.21673011779785	
45	214.55808091163635	pulse	1	t		43.0	2.5	/experiments/knapen_AOT/AOT_stimuli/rescaled_final/2001_fw.mp4	0.0	344.80948305130005	
45	215.0736780166626	fix_post	2		12	43.0	2.5	/experiments/knapen_AOT/AOT_stimuli/rescaled_final/2001_fw.mp4	0.0	345.3250801563263	0.10001683235168457
46	215.17369484901428	fix_pre	0		119	44.0	2.5	/experiments/knapen_AOT/AOT_stimuli/rescaled_final/1824_fw.mp4	0.0	345.425096988678	0.9918251037597656
46	216.15752506256104	pulse	0	t		44.0	2.5	/experiments/knapen_AOT/AOT_stimuli/rescaled_final/1824_fw.mp4	0.0	346.40892720222473	
46	216.16551995277405	movie	1		247	44.0	2.5	/experiments/knapen_AOT/AOT_stimuli/rescaled_final/1824_fw.mp4	0.0	346.41692209243774	2.508697986602783
46	217.7582709789276	pulse	1	t		44.0	2.5	/experiments/knapen_AOT/AOT_stimuli/rescaled_final/1824_fw.mp4	0.0	348.0096731185913	
46	218.67421793937683	fix_post	2		12	44.0	2.5	/experiments/knapen_AOT/AOT_stimuli/rescaled_final/1824_fw.mp4	0.0	348.9256200790405	0.10006189346313477
47	218.77427983283997	fix_pre	0		120	45.0	2.5	/experiments/knapen_AOT/AOT_stimuli/rescaled_final/0975_rv.mp4	0.0	349.02568197250366	1.0001540184020996
47	219.35783195495605	pulse	0	t		45.0	2.5	/experiments/knapen_AOT/AOT_stimuli/rescaled_final/0975_rv.mp4	0.0	349.60923409461975	
47	219.77443385124207	movie	1		245	45.0	2.5	/experiments/knapen_AOT/AOT_stimuli/rescaled_final/0975_rv.mp4	0.0	350.02583599090576	2.5003600120544434
47	220.958233833313	pulse	1	t		45.0	2.5	/experiments/knapen_AOT/AOT_stimuli/rescaled_final/0975_rv.mp4	0.0	351.2096359729767	
47	222.2747938632965	fix_post	2		12	45.0	2.5	/experiments/knapen_AOT/AOT_stimuli/rescaled_final/0975_rv.mp4	0.0	352.5261960029602	0.09999299049377441
48	222.37478685379028	fix_pre	0		120	46.0	2.5	/experiments/knapen_AOT/AOT_stimuli/rescaled_final/2171_rv.mp4	0.0	352.626188993454	1.000157117843628
48	222.5582799911499	pulse	0	t		46.0	2.5	/experiments/knapen_AOT/AOT_stimuli/rescaled_final/2171_rv.mp4	0.0	352.8096821308136	
48	223.3749439716339	movie	1		250	46.0	2.5	/experiments/knapen_AOT/AOT_stimuli/rescaled_final/2171_rv.mp4	0.0	353.6263461112976	2.5003819465637207
48	224.15860104560852	pulse	1	t		46.0	2.5	/experiments/knapen_AOT/AOT_stimuli/rescaled_final/2171_rv.mp4	0.0	354.4100031852722	
48	225.75874090194702	pulse	1	t		46.0	2.5	/experiments/knapen_AOT/AOT_stimuli/rescaled_final/2171_rv.mp4	0.0	356.0101430416107	
48	225.87532591819763	fix_post	2		12	46.0	2.5	/experiments/knapen_AOT/AOT_stimuli/rescaled_final/2171_rv.mp4	0.0	356.1267280578613	0.10000801086425781
49	225.9753339290619	fix_pre	0		120	47.0	2.5	/experiments/knapen_AOT/AOT_stimuli/rescaled_final/0411_fw.mp4	0.0	356.2267360687256	1.000128984451294
49	226.97546291351318	movie	1		258	47.0	2.5	/experiments/knapen_AOT/AOT_stimuli/rescaled_final/0411_fw.mp4	0.0	357.2268650531769	2.4920520782470703
49	227.35949993133545	pulse	1	t		47.0	2.5	/experiments/knapen_AOT/AOT_stimuli/rescaled_final/0411_fw.mp4	0.0	357.61090207099915	
49	228.95925283432007	pulse	1	t		47.0	2.5	/experiments/knapen_AOT/AOT_stimuli/rescaled_final/0411_fw.mp4	0.0	359.21065497398376	
49	229.46751499176025	fix_post	2		12	47.0	2.5	/experiments/knapen_AOT/AOT_stimuli/rescaled_final/0411_fw.mp4	0.0	359.71891713142395	0.09996199607849121
50	229.56747698783875	fix_pre	0		120	48.0	2.5	/experiments/knapen_AOT/AOT_stimuli/rescaled_final/0722_fw.mp4	0.0	359.81887912750244	1.0001928806304932
50	230.55959796905518	pulse	0	t		48.0	2.5	/experiments/knapen_AOT/AOT_stimuli/rescaled_final/0722_fw.mp4	0.0	360.8110001087189	
50	230.56766986846924	movie	1		267	48.0	2.5	/experiments/knapen_AOT/AOT_stimuli/rescaled_final/0722_fw.mp4	0.0	360.81907200813293	2.5087361335754395
50	232.159765958786	pulse	1	t		48.0	2.5	/experiments/knapen_AOT/AOT_stimuli/rescaled_final/0722_fw.mp4	0.0	362.4111680984497	
50	233.07640600204468	fix_post	2		12	48.0	2.5	/experiments/knapen_AOT/AOT_stimuli/rescaled_final/0722_fw.mp4	0.0	363.3278081417084	0.09998798370361328
51	233.1763939857483	fix_pre	0		120	49.0	2.5	blank	1.0	363.427796125412	1.0002129077911377
51	233.75998091697693	pulse	0	t		49.0	2.5	blank	1.0	364.0113830566406	
51	234.17660689353943	movie	1		300	49.0	2.5	blank	1.0	364.4280090332031	2.500309944152832
51	235.36022400856018	pulse	1	t		49.0	2.5	blank	1.0	365.6116261482239	
51	236.67691683769226	fix_post	2		12	49.0	2.5	blank	1.0	366.92831897735596	0.1000220775604248
52	236.77693891525269	fix_pre	0		120	50.0	2.5	/experiments/knapen_AOT/AOT_stimuli/rescaled_final/0424_rv.mp4	0.0	367.0283410549164	1.0001499652862549
52	236.96055698394775	pulse	0	t		50.0	2.5	/experiments/knapen_AOT/AOT_stimuli/rescaled_final/0424_rv.mp4	0.0	367.21195912361145	
52	237.77708888053894	movie	1		250	50.0	2.5	/experiments/knapen_AOT/AOT_stimuli/rescaled_final/0424_rv.mp4	0.0	368.02849102020264	2.5003609657287598
52	238.56082606315613	pulse	1	t		50.0	2.5	/experiments/knapen_AOT/AOT_stimuli/rescaled_final/0424_rv.mp4	0.0	368.8122282028198	
52	240.16095805168152	pulse	1	t		50.0	2.5	/experiments/knapen_AOT/AOT_stimuli/rescaled_final/0424_rv.mp4	0.0	370.4123601913452	
52	240.2774498462677	fix_post	2		12	50.0	2.5	/experiments/knapen_AOT/AOT_stimuli/rescaled_final/0424_rv.mp4	0.0	370.5288519859314	0.10003519058227539
53	240.37748503684998	fix_pre	0		120	51.0	2.5	/experiments/knapen_AOT/AOT_stimuli/rescaled_final/1432_fw.mp4	0.0	370.6288871765137	1.000135898590088
53	241.37762093544006	movie	1		250	51.0	2.5	/experiments/knapen_AOT/AOT_stimuli/rescaled_final/1432_fw.mp4	0.0	371.62902307510376	2.4920520782470703
53	241.76282691955566	pulse	1	t		51.0	2.5	/experiments/knapen_AOT/AOT_stimuli/rescaled_final/1432_fw.mp4	0.0	372.01422905921936	
53	243.36143684387207	pulse	1	t		51.0	2.5	/experiments/knapen_AOT/AOT_stimuli/rescaled_final/1432_fw.mp4	0.0	373.61283898353577	
53	243.86967301368713	fix_post	2		12	51.0	2.5	/experiments/knapen_AOT/AOT_stimuli/rescaled_final/1432_fw.mp4	0.0	374.12107515335083	0.1000058650970459
54	243.96967887878418	fix_pre	0		120	52.0	2.5	/experiments/knapen_AOT/AOT_stimuli/rescaled_final/0935_fw.mp4	0.0	374.2210810184479	1.0001540184020996
54	244.96171188354492	pulse	0	t		52.0	2.5	/experiments/knapen_AOT/AOT_stimuli/rescaled_final/0935_fw.mp4	0.0	375.2131140232086	
54	244.96983289718628	movie	1		249	52.0	2.5	/experiments/knapen_AOT/AOT_stimuli/rescaled_final/0935_fw.mp4	0.0	375.22123503685	2.508681058883667
54	246.56326699256897	pulse	1	t		52.0	2.5	/experiments/knapen_AOT/AOT_stimuli/rescaled_final/0935_fw.mp4	0.0	376.81466913223267	
54	247.47851395606995	fix_post	2		12	52.0	2.5	/experiments/knapen_AOT/AOT_stimuli/rescaled_final/0935_fw.mp4	0.0	377.72991609573364	0.10012292861938477
55	247.57863688468933	fix_pre	0		120	53.0	2.5	/experiments/knapen_AOT/AOT_stimuli/rescaled_final/0887_fw.mp4	0.0	377.830039024353	1.0000460147857666
55	248.162250995636	pulse	0	t		53.0	2.5	/experiments/knapen_AOT/AOT_stimuli/rescaled_final/0887_fw.mp4	0.0	378.4136531352997	
55	248.5786828994751	movie	1		246	53.0	2.5	/experiments/knapen_AOT/AOT_stimuli/rescaled_final/0887_fw.mp4	0.0	378.8300850391388	2.5003790855407715
55	249.76247000694275	pulse	1	t		53.0	2.5	/experiments/knapen_AOT/AOT_stimuli/rescaled_final/0887_fw.mp4	0.0	380.01387214660645	
55	251.07906198501587	fix_post	2		12	53.0	2.5	/experiments/knapen_AOT/AOT_stimuli/rescaled_final/0887_fw.mp4	0.0	381.33046412467957	0.10003304481506348
56	251.17909502983093	fix_pre	0		120	54.0	2.5	/experiments/knapen_AOT/AOT_stimuli/rescaled_final/1084_rv.mp4	0.0	381.43049716949463	1.0001468658447266
56	251.3626880645752	pulse	0	t		54.0	2.5	/experiments/knapen_AOT/AOT_stimuli/rescaled_final/1084_rv.mp4	0.0	381.6140902042389	
56	252.17924189567566	movie	1		246	54.0	2.5	/experiments/knapen_AOT/AOT_stimuli/rescaled_final/1084_rv.mp4	0.0	382.43064403533936	2.5003530979156494
56	252.96286797523499	pulse	1	t		54.0	2.5	/experiments/knapen_AOT/AOT_stimuli/rescaled_final/1084_rv.mp4	0.0	383.2142701148987	
56	254.56311893463135	pulse	1	t		54.0	2.5	/experiments/knapen_AOT/AOT_stimuli/rescaled_final/1084_rv.mp4	0.0	384.81452107429504	
56	254.6795949935913	fix_post	2		12	54.0	2.5	/experiments/knapen_AOT/AOT_stimuli/rescaled_final/1084_rv.mp4	0.0	384.930997133255	0.10006093978881836
57	254.77965593338013	fix_pre	0		120	55.0	2.5	/experiments/knapen_AOT/AOT_stimuli/rescaled_final/1420_rv.mp4	0.0	385.0310580730438	1.0000889301300049
57	255.77974486351013	movie	1		244	55.0	2.5	/experiments/knapen_AOT/AOT_stimuli/rescaled_final/1420_rv.mp4	0.0	386.0311470031738	2.4920120239257812
57	256.16404390335083	pulse	1	t		55.0	2.5	/experiments/knapen_AOT/AOT_stimuli/rescaled_final/1420_rv.mp4	0.0	386.4154460430145	
57	257.7636709213257	pulse	1	t		55.0	2.5	/experiments/knapen_AOT/AOT_stimuli/rescaled_final/1420_rv.mp4	0.0	388.0150730609894	
57	258.2717568874359	fix_post	2		12	55.0	2.5	/experiments/knapen_AOT/AOT_stimuli/rescaled_final/1420_rv.mp4	0.0	388.5231590270996	0.10007095336914062
58	258.37182784080505	fix_pre	0		120	56.0	2.5	blank	1.0	388.62322998046875	1.0001521110534668
58	259.3638958930969	pulse	0	t		56.0	2.5	blank	1.0	389.6152980327606	
58	259.3719799518585	movie	1		301	56.0	2.5	blank	1.0	389.6233820915222	2.508697986602783
58	260.96411395072937	pulse	1	t		56.0	2.5	blank	1.0	391.21551609039307	
58	261.8806779384613	fix_post	2		12	56.0	2.5	blank	1.0	392.132080078125	0.10004591941833496
59	261.98072385787964	fix_pre	0		120	57.0	2.5	/experiments/knapen_AOT/AOT_stimuli/rescaled_final/0206_fw.mp4	0.0	392.23212599754333	1.0001320838928223
59	262.55690693855286	pulse	0	t		57.0	2.5	/experiments/knapen_AOT/AOT_stimuli/rescaled_final/0206_fw.mp4	0.0	392.80830907821655	
59	262.98085594177246	movie	1		247	57.0	2.5	/experiments/knapen_AOT/AOT_stimuli/rescaled_final/0206_fw.mp4	0.0	393.23225808143616	2.500351905822754
59	264.1574728488922	pulse	1	t		57.0	2.5	/experiments/knapen_AOT/AOT_stimuli/rescaled_final/0206_fw.mp4	0.0	394.4088749885559	
59	265.4812078475952	fix_post	2		12	57.0	2.5	/experiments/knapen_AOT/AOT_stimuli/rescaled_final/0206_fw.mp4	0.0	395.7326099872589	0.10001921653747559
60	265.5812270641327	fix_pre	0		120	58.0	2.5	/experiments/knapen_AOT/AOT_stimuli/rescaled_final/0080_fw.mp4	0.0	395.8326292037964	1.0002689361572266
60	265.7573149204254	pulse	0	t		58.0	2.5	/experiments/knapen_AOT/AOT_stimuli/rescaled_final/0080_fw.mp4	0.0	396.0087170600891	
60	266.5814960002899	movie	1		251	58.0	2.5	/experiments/knapen_AOT/AOT_stimuli/rescaled_final/0080_fw.mp4	0.0	396.8328981399536	2.500278949737549
60	267.35778403282166	pulse	1	t		58.0	2.5	/experiments/knapen_AOT/AOT_stimuli/rescaled_final/0080_fw.mp4	0.0	397.60918617248535	
60	268.95777583122253	pulse	1	t		58.0	2.5	/experiments/knapen_AOT/AOT_stimuli/rescaled_final/0080_fw.mp4	0.0	399.20917797088623	
60	269.08177495002747	fix_post	2		12	58.0	2.5	/experiments/knapen_AOT/AOT_stimuli/rescaled_final/0080_fw.mp4	0.0	399.33317708969116	0.10004901885986328
61	269.18182396888733	fix_pre	0		120	59.0	2.5	/experiments/knapen_AOT/AOT_stimuli/rescaled_final/1789_fw.mp4	0.0	399.433226108551	1.000148057937622
61	270.18197202682495	movie	1		251	59.0	2.5	/experiments/knapen_AOT/AOT_stimuli/rescaled_final/1789_fw.mp4	0.0	400.43337416648865	2.4920108318328857
61	270.5573568344116	pulse	1	t		59.0	2.5	/experiments/knapen_AOT/AOT_stimuli/rescaled_final/1789_fw.mp4	0.0	400.8087589740753	
61	272.1575758457184	pulse	1	t		59.0	2.5	/experiments/knapen_AOT/AOT_stimuli/rescaled_final/1789_fw.mp4	0.0	402.4089779853821	
61	272.67398285865784	fix_post	2		12	59.0	2.5	/experiments/knapen_AOT/AOT_stimuli/rescaled_final/1789_fw.mp4	0.0	402.92538499832153	0.1000051498413086
62	272.77398800849915	fix_pre	0		119	60.0	2.5	/experiments/knapen_AOT/AOT_stimuli/rescaled_final/0607_rv.mp4	0.0	403.02539014816284	0.991804838180542
62	273.75771403312683	pulse	0	t		60.0	2.5	/experiments/knapen_AOT/AOT_stimuli/rescaled_final/0607_rv.mp4	0.0	404.0091161727905	
62	273.7657928466797	movie	1		247	60.0	2.5	/experiments/knapen_AOT/AOT_stimuli/rescaled_final/0607_rv.mp4	0.0	404.0171949863434	2.5087080001831055
62	275.3585350513458	pulse	1	t		60.0	2.5	/experiments/knapen_AOT/AOT_stimuli/rescaled_final/0607_rv.mp4	0.0	405.6099371910095	
62	276.2745008468628	fix_post	2		12	60.0	2.5	/experiments/knapen_AOT/AOT_stimuli/rescaled_final/0607_rv.mp4	0.0	406.5259029865265	0.09997010231018066
63	276.374470949173	fix_pre	0		120	61.0	2.5	blank	1.0	406.62587308883667	1.0002169609069824
63	276.9581370353699	pulse	0	t		61.0	2.5	blank	1.0	407.20953917503357	
63	277.37468791007996	movie	1		300	61.0	2.5	blank	1.0	407.62609004974365	2.5003480911254883
63	278.55831599235535	pulse	1	t		61.0	2.5	blank	1.0	408.80971813201904	
63	279.87503600120544	fix_post	2		12	61.0	2.5	blank	1.0	410.12643814086914	0.1000058650970459
64	279.9750418663025	fix_pre	0		120	62.0	2.5	/experiments/knapen_AOT/AOT_stimuli/rescaled_final/0703_fw.mp4	0.0	410.2264440059662	1.0001451969146729
64	280.1585988998413	pulse	0	t		62.0	2.5	/experiments/knapen_AOT/AOT_stimuli/rescaled_final/0703_fw.mp4	0.0	410.410001039505	
64	280.97518706321716	movie	1		244	62.0	2.5	/experiments/knapen_AOT/AOT_stimuli/rescaled_final/0703_fw.mp4	0.0	411.22658920288086	2.5003957748413086
64	281.758887052536	pulse	1	t		62.0	2.5	/experiments/knapen_AOT/AOT_stimuli/rescaled_final/0703_fw.mp4	0.0	412.0102891921997	
64	283.35910296440125	pulse	1	t		62.0	2.5	/experiments/knapen_AOT/AOT_stimuli/rescaled_final/0703_fw.mp4	0.0	413.61050510406494	
64	283.4755828380585	fix_post	2		12	62.0	2.5	/experiments/knapen_AOT/AOT_stimuli/rescaled_final/0703_fw.mp4	0.0	413.72698497772217	0.10001921653747559
65	283.57560205459595	fix_pre	0		120	63.0	2.5	/experiments/knapen_AOT/AOT_stimuli/rescaled_final/1600_rv.mp4	0.0	413.82700419425964	1.0001227855682373
65	284.5757248401642	movie	1		242	63.0	2.5	/experiments/knapen_AOT/AOT_stimuli/rescaled_final/1600_rv.mp4	0.0	414.8271269798279	2.500383138656616
65	284.9601378440857	pulse	1	t		63.0	2.5	/experiments/knapen_AOT/AOT_stimuli/rescaled_final/1600_rv.mp4	0.0	415.2115399837494	
65	286.55958890914917	pulse	1	t		63.0	2.5	/experiments/knapen_AOT/AOT_stimuli/rescaled_final/1600_rv.mp4	0.0	416.81099104881287	
65	287.0761079788208	fix_post	2		11	63.0	2.5	/experiments/knapen_AOT/AOT_stimuli/rescaled_final/1600_rv.mp4	0.0	417.3275101184845	0.09167695045471191
66	287.1677849292755	fix_pre	0		120	64.0	2.5	/experiments/knapen_AOT/AOT_stimuli/rescaled_final/1567_rv.mp4	0.0	417.4191870689392	1.0001680850982666
66	288.1598858833313	pulse	0	t		64.0	2.5	/experiments/knapen_AOT/AOT_stimuli/rescaled_final/1567_rv.mp4	0.0	418.411288022995	
66	288.1679530143738	movie	1		247	64.0	2.5	/experiments/knapen_AOT/AOT_stimuli/rescaled_final/1567_rv.mp4	0.0	418.4193551540375	2.5086889266967773
66	289.7605400085449	pulse	1	t		64.0	2.5	/experiments/knapen_AOT/AOT_stimuli/rescaled_final/1567_rv.mp4	0.0	420.0119421482086	
66	290.67664194107056	fix_post	2		12	64.0	2.5	/experiments/knapen_AOT/AOT_stimuli/rescaled_final/1567_rv.mp4	0.0	420.92804408073425	0.10003209114074707
67	290.7766740322113	fix_pre	0		120	65.0	2.5	/experiments/knapen_AOT/AOT_stimuli/rescaled_final/0530_rv.mp4	0.0	421.028076171875	1.0001490116119385
67	291.36026883125305	pulse	0	t		65.0	2.5	/experiments/knapen_AOT/AOT_stimuli/rescaled_final/0530_rv.mp4	0.0	421.61167097091675	
67	291.77682304382324	movie	1		245	65.0	2.5	/experiments/knapen_AOT/AOT_stimuli/rescaled_final/0530_rv.mp4	0.0	422.02822518348694	2.5003809928894043
67	292.9605598449707	pulse	1	t		65.0	2.5	/experiments/knapen_AOT/AOT_stimuli/rescaled_final/0530_rv.mp4	0.0	423.2119619846344	
67	294.27720403671265	fix_post	2		12	65.0	2.5	/experiments/knapen_AOT/AOT_stimuli/rescaled_final/0530_rv.mp4	0.0	424.52860617637634	0.09999895095825195
68	294.3772029876709	fix_pre	0		120	66.0	2.5	/experiments/knapen_AOT/AOT_stimuli/rescaled_final/2149_fw.mp4	0.0	424.6286051273346	1.000143051147461
68	294.5608580112457	pulse	0	t		66.0	2.5	/experiments/knapen_AOT/AOT_stimuli/rescaled_final/2149_fw.mp4	0.0	424.8122601509094	
68	295.37734603881836	movie	1		246	66.0	2.5	/experiments/knapen_AOT/AOT_stimuli/rescaled_final/2149_fw.mp4	0.0	425.62874817848206	2.5003888607025146
68	296.1611359119415	pulse	1	t		66.0	2.5	/experiments/knapen_AOT/AOT_stimuli/rescaled_final/2149_fw.mp4	0.0	426.4125380516052	
68	297.76124000549316	pulse	1	t		66.0	2.5	/experiments/knapen_AOT/AOT_stimuli/rescaled_final/2149_fw.mp4	0.0	428.01264214515686	
68	297.8777348995209	fix_post	2		12	66.0	2.5	/experiments/knapen_AOT/AOT_stimuli/rescaled_final/2149_fw.mp4	0.0	428.12913703918457	0.10000395774841309
69	297.9777388572693	fix_pre	0		120	67.0	2.5	/experiments/knapen_AOT/AOT_stimuli/rescaled_final/1047_fw.mp4	0.0	428.229140996933	1.0001590251922607
69	298.97789788246155	movie	1		270	67.0	2.5	/experiments/knapen_AOT/AOT_stimuli/rescaled_final/1047_fw.mp4	0.0	429.22930002212524	2.4920411109924316
69	299.36208486557007	pulse	1	t		67.0	2.5	/experiments/knapen_AOT/AOT_stimuli/rescaled_final/1047_fw.mp4	0.0	429.61348700523376	
69	300.96181893348694	pulse	1	t		67.0	2.5	/experiments/knapen_AOT/AOT_stimuli/rescaled_final/1047_fw.mp4	0.0	431.21322107315063	
69	301.469938993454	fix_post	2		12	67.0	2.5	/experiments/knapen_AOT/AOT_stimuli/rescaled_final/1047_fw.mp4	0.0	431.7213411331177	0.10001993179321289
70	301.5699589252472	fix_pre	0		120	68.0	2.5	/experiments/knapen_AOT/AOT_stimuli/rescaled_final/0569_fw.mp4	0.0	431.8213610649109	1.0001399517059326
70	302.56207394599915	pulse	0	t		68.0	2.5	/experiments/knapen_AOT/AOT_stimuli/rescaled_final/0569_fw.mp4	0.0	432.81347608566284	
70	302.5700988769531	movie	1		248	68.0	2.5	/experiments/knapen_AOT/AOT_stimuli/rescaled_final/0569_fw.mp4	0.0	432.8215010166168	2.508692979812622
70	304.1631188392639	pulse	1	t		68.0	2.5	/experiments/knapen_AOT/AOT_stimuli/rescaled_final/0569_fw.mp4	0.0	434.4145209789276	
70	305.07879185676575	fix_post	2		12	68.0	2.5	/experiments/knapen_AOT/AOT_stimuli/rescaled_final/0569_fw.mp4	0.0	435.33019399642944	0.10001802444458008
71	305.1788098812103	fix_pre	0		120	69.0	2.5	blank	1.0	435.430212020874	1.0001859664916992
71	305.76235604286194	pulse	0	t		69.0	2.5	blank	1.0	436.01375818252563	
71	306.178995847702	movie	1		300	69.0	2.5	blank	1.0	436.4303979873657	2.500349998474121
71	307.3626198768616	pulse	1	t		69.0	2.5	blank	1.0	437.61402201652527	
71	308.67934584617615	fix_post	2		12	69.0	2.5	blank	1.0	438.93074798583984	0.10000419616699219
72	308.77935004234314	fix_pre	0		120	70.0	2.5	/experiments/knapen_AOT/AOT_stimuli/rescaled_final/0978_fw.mp4	0.0	439.03075218200684	1.00022292137146
72	308.96304297447205	pulse	0	t		70.0	2.5	/experiments/knapen_AOT/AOT_stimuli/rescaled_final/0978_fw.mp4	0.0	439.21444511413574	
72	309.7795729637146	movie	1		246	70.0	2.5	/experiments/knapen_AOT/AOT_stimuli/rescaled_final/0978_fw.mp4	0.0	440.0309751033783	2.500288963317871
72	310.56319403648376	pulse	1	t		70.0	2.5	/experiments/knapen_AOT/AOT_stimuli/rescaled_final/0978_fw.mp4	0.0	440.81459617614746	
72	312.16334891319275	pulse	1	t		70.0	2.5	/experiments/knapen_AOT/AOT_stimuli/rescaled_final/0978_fw.mp4	0.0	442.41475105285645	
72	312.27986192703247	fix_post	2		12	70.0	2.5	/experiments/knapen_AOT/AOT_stimuli/rescaled_final/0978_fw.mp4	0.0	442.53126406669617	0.10001707077026367
73	312.37987899780273	fix_pre	0		120	71.0	2.5	/experiments/knapen_AOT/AOT_stimuli/rescaled_final/2107_rv.mp4	0.0	442.63128113746643	1.0001449584960938
73	313.3800239562988	movie	1		249	71.0	2.5	/experiments/knapen_AOT/AOT_stimuli/rescaled_final/2107_rv.mp4	0.0	443.6314260959625	2.492072105407715
73	313.7640450000763	pulse	1	t		71.0	2.5	/experiments/knapen_AOT/AOT_stimuli/rescaled_final/2107_rv.mp4	0.0	444.01544713974	
73	315.36391401290894	pulse	1	t		71.0	2.5	/experiments/knapen_AOT/AOT_stimuli/rescaled_final/2107_rv.mp4	0.0	445.61531615257263	
73	315.87209606170654	fix_post	2		12	71.0	2.5	/experiments/knapen_AOT/AOT_stimuli/rescaled_final/2107_rv.mp4	0.0	446.12349820137024	0.10003185272216797
74	315.9721279144287	fix_pre	0		120	72.0	2.5	/experiments/knapen_AOT/AOT_stimuli/rescaled_final/1015_rv.mp4	0.0	446.2235300540924	1.0001230239868164
74	316.96416091918945	pulse	0	t		72.0	2.5	/experiments/knapen_AOT/AOT_stimuli/rescaled_final/1015_rv.mp4	0.0	447.21556305885315	
74	316.9722509384155	movie	1		247	72.0	2.5	/experiments/knapen_AOT/AOT_stimuli/rescaled_final/1015_rv.mp4	0.0	447.2236530780792	2.5087249279022217
74	318.56520891189575	pulse	1	t		72.0	2.5	/experiments/knapen_AOT/AOT_stimuli/rescaled_final/1015_rv.mp4	0.0	448.81661105155945	
74	319.48097586631775	fix_post	2		12	72.0	2.5	/experiments/knapen_AOT/AOT_stimuli/rescaled_final/1015_rv.mp4	0.0	449.73237800598145	0.09998703002929688
75	319.58096289634705	fix_pre	0		120	73.0	2.5	/experiments/knapen_AOT/AOT_stimuli/rescaled_final/1781_fw.mp4	0.0	449.83236503601074	1.0001511573791504
75	320.1646728515625	pulse	0	t		73.0	2.5	/experiments/knapen_AOT/AOT_stimuli/rescaled_final/1781_fw.mp4	0.0	450.4160749912262	
75	320.5811140537262	movie	1		279	73.0	2.5	/experiments/knapen_AOT/AOT_stimuli/rescaled_final/1781_fw.mp4	0.0	450.8325161933899	2.500370979309082
75	321.7648138999939	pulse	1	t		73.0	2.5	/experiments/knapen_AOT/AOT_stimuli/rescaled_final/1781_fw.mp4	0.0	452.0162160396576	
75	323.0814850330353	fix_post	2		12	73.0	2.5	/experiments/knapen_AOT/AOT_stimuli/rescaled_final/1781_fw.mp4	0.0	453.332887172699	0.10003185272216797
76	323.18151688575745	fix_pre	0		120	74.0	2.5	/experiments/knapen_AOT/AOT_stimuli/rescaled_final/1551_fw.mp4	0.0	453.43291902542114	1.0001521110534668
76	323.3651239871979	pulse	0	t		74.0	2.5	/experiments/knapen_AOT/AOT_stimuli/rescaled_final/1551_fw.mp4	0.0	453.6165261268616	
76	324.1816689968109	movie	1		246	74.0	2.5	/experiments/knapen_AOT/AOT_stimuli/rescaled_final/1551_fw.mp4	0.0	454.4330711364746	2.500393867492676
76	324.95794796943665	pulse	1	t		74.0	2.5	/experiments/knapen_AOT/AOT_stimuli/rescaled_final/1551_fw.mp4	0.0	455.20935010910034	
76	326.5580949783325	pulse	1	t		74.0	2.5	/experiments/knapen_AOT/AOT_stimuli/rescaled_final/1551_fw.mp4	0.0	456.8094971179962	
76	326.6820628643036	fix_post	2		12	74.0	2.5	/experiments/knapen_AOT/AOT_stimuli/rescaled_final/1551_fw.mp4	0.0	456.9334650039673	0.09997415542602539
77	326.7820370197296	fix_pre	0		120	75.0	2.5	/experiments/knapen_AOT/AOT_stimuli/rescaled_final/0723_rv.mp4	0.0	457.0334391593933	1.000140905380249
77	327.78217792510986	movie	1		246	75.0	2.5	/experiments/knapen_AOT/AOT_stimuli/rescaled_final/0723_rv.mp4	0.0	458.03358006477356	2.4920461177825928
77	328.16643595695496	pulse	1	t		75.0	2.5	/experiments/knapen_AOT/AOT_stimuli/rescaled_final/0723_rv.mp4	0.0	458.41783809661865	
77	329.7587330341339	pulse	1	t		75.0	2.5	/experiments/knapen_AOT/AOT_stimuli/rescaled_final/0723_rv.mp4	0.0	460.0101351737976	
77	330.27422404289246	fix_post	2		12	75.0	2.5	/experiments/knapen_AOT/AOT_stimuli/rescaled_final/0723_rv.mp4	0.0	460.52562618255615	0.1000509262084961
78	330.37427496910095	fix_pre	0		119	76.0	2.5	blank	1.0	460.62567710876465	0.991786003112793
78	331.35792088508606	pulse	0	t		76.0	2.5	blank	1.0	461.60932302474976	
78	331.36606097221375	movie	1		301	76.0	2.5	blank	1.0	461.61746311187744	2.508697032928467
78	332.95811796188354	pulse	1	t		76.0	2.5	blank	1.0	463.20952010154724	
78	333.8747580051422	fix_post	2		12	76.0	2.5	blank	1.0	464.1261601448059	0.10002994537353516
79	333.97478795051575	fix_pre	0		120	77.0	2.5	/experiments/knapen_AOT/AOT_stimuli/rescaled_final/1965_fw.mp4	0.0	464.22619009017944	1.000148057937622
79	334.5583539009094	pulse	0	t		77.0	2.5	/experiments/knapen_AOT/AOT_stimuli/rescaled_final/1965_fw.mp4	0.0	464.8097560405731	
79	334.97493600845337	movie	1		246	77.0	2.5	/experiments/knapen_AOT/AOT_stimuli/rescaled_final/1965_fw.mp4	0.0	465.22633814811707	2.5003390312194824
79	336.15871596336365	pulse	1	t		77.0	2.5	/experiments/knapen_AOT/AOT_stimuli/rescaled_final/1965_fw.mp4	0.0	466.41011810302734	
79	337.47527503967285	fix_post	2		12	77.0	2.5	/experiments/knapen_AOT/AOT_stimuli/rescaled_final/1965_fw.mp4	0.0	467.72667717933655	0.10005688667297363
80	337.5753319263458	fix_pre	0		120	78.0	2.5	/experiments/knapen_AOT/AOT_stimuli/rescaled_final/1204_rv.mp4	0.0	467.8267340660095	1.0001780986785889
80	337.7589519023895	pulse	0	t		78.0	2.5	/experiments/knapen_AOT/AOT_stimuli/rescaled_final/1204_rv.mp4	0.0	468.0103540420532	
80	338.5755100250244	movie	1		247	78.0	2.5	/experiments/knapen_AOT/AOT_stimuli/rescaled_final/1204_rv.mp4	0.0	468.8269121646881	2.500985860824585
80	339.35913491249084	pulse	1	t		78.0	2.5	/experiments/knapen_AOT/AOT_stimuli/rescaled_final/1204_rv.mp4	0.0	469.61053705215454	
80	340.95933985710144	pulse	1	t		78.0	2.5	/experiments/knapen_AOT/AOT_stimuli/rescaled_final/1204_rv.mp4	0.0	471.21074199676514	
80	341.076495885849	fix_post	2		10	78.0	2.5	/experiments/knapen_AOT/AOT_stimuli/rescaled_final/1204_rv.mp4	0.0	471.3278980255127	0.09938216209411621
81	341.1758780479431	fix_pre	0		119	79.0	2.5	/experiments/knapen_AOT/AOT_stimuli/rescaled_final/0073_fw.mp4	0.0	471.4272801876068	0.9917888641357422
81	342.16766691207886	movie	1		245	79.0	2.5	/experiments/knapen_AOT/AOT_stimuli/rescaled_final/0073_fw.mp4	0.0	472.41906905174255	2.500399112701416
81	342.55966997146606	pulse	1	t		79.0	2.5	/experiments/knapen_AOT/AOT_stimuli/rescaled_final/0073_fw.mp4	0.0	472.81107211112976	
81	344.15992498397827	pulse	1	t		79.0	2.5	/experiments/knapen_AOT/AOT_stimuli/rescaled_final/0073_fw.mp4	0.0	474.41132712364197	
81	344.6680660247803	fix_post	2		12	79.0	2.5	/experiments/knapen_AOT/AOT_stimuli/rescaled_final/0073_fw.mp4	0.0	474.91946816444397	0.09999990463256836
82	344.76806592941284	fix_pre	0		120	80.0	2.5	/experiments/knapen_AOT/AOT_stimuli/rescaled_final/1282_fw.mp4	0.0	475.01946806907654	1.0001349449157715
82	345.76007294654846	pulse	0	t		80.0	2.5	/experiments/knapen_AOT/AOT_stimuli/rescaled_final/1282_fw.mp4	0.0	476.01147508621216	
82	345.7682008743286	movie	1		247	80.0	2.5	/experiments/knapen_AOT/AOT_stimuli/rescaled_final/1282_fw.mp4	0.0	476.0196030139923	2.5087320804595947
82	347.364825963974	pulse	1	t		80.0	2.5	/experiments/knapen_AOT/AOT_stimuli/rescaled_final/1282_fw.mp4	0.0	477.6162281036377	
82	348.2769329547882	fix_post	2		12	80.0	2.5	/experiments/knapen_AOT/AOT_stimuli/rescaled_final/1282_fw.mp4	0.0	478.5283350944519	0.10001206398010254
83	348.3769450187683	fix_pre	0		120	81.0	2.5	/experiments/knapen_AOT/AOT_stimuli/rescaled_final/1016_rv.mp4	0.0	478.628347158432	1.0001449584960938
83	348.96067094802856	pulse	0	t		81.0	2.5	/experiments/knapen_AOT/AOT_stimuli/rescaled_final/1016_rv.mp4	0.0	479.21207308769226	
83	349.3770899772644	movie	1		246	81.0	2.5	/experiments/knapen_AOT/AOT_stimuli/rescaled_final/1016_rv.mp4	0.0	479.6284921169281	2.500364065170288
83	350.56101298332214	pulse	1	t		81.0	2.5	/experiments/knapen_AOT/AOT_stimuli/rescaled_final/1016_rv.mp4	0.0	480.81241512298584	
83	351.8774540424347	fix_post	2		12	81.0	2.5	/experiments/knapen_AOT/AOT_stimuli/rescaled_final/1016_rv.mp4	0.0	482.1288561820984	0.10011887550354004
84	351.97757291793823	fix_pre	0		120	82.0	2.5	/experiments/knapen_AOT/AOT_stimuli/rescaled_final/1421_rv.mp4	0.0	482.22897505760193	1.0000500679016113
84	352.1610498428345	pulse	0	t		82.0	2.5	/experiments/knapen_AOT/AOT_stimuli/rescaled_final/1421_rv.mp4	0.0	482.41245198249817	
84	352.97762298583984	movie	1		246	82.0	2.5	/experiments/knapen_AOT/AOT_stimuli/rescaled_final/1421_rv.mp4	0.0	483.22902512550354	2.500380039215088
84	353.76123094558716	pulse	1	t		82.0	2.5	/experiments/knapen_AOT/AOT_stimuli/rescaled_final/1421_rv.mp4	0.0	484.01263308525085	
84	355.3616199493408	pulse	1	t		82.0	2.5	/experiments/knapen_AOT/AOT_stimuli/rescaled_final/1421_rv.mp4	0.0	485.6130220890045	
84	355.47800302505493	fix_post	2		12	82.0	2.5	/experiments/knapen_AOT/AOT_stimuli/rescaled_final/1421_rv.mp4	0.0	485.7294051647186	0.09999680519104004
85	355.577999830246	fix_pre	0		120	83.0	2.5	blank	1.0	485.82940196990967	1.000162124633789
85	356.57816195487976	movie	1		299	83.0	2.5	blank	1.0	486.82956409454346	2.4920549392700195
85	356.9618399143219	pulse	1	t		83.0	2.5	blank	1.0	487.2132420539856	
85	358.5619969367981	pulse	1	t		83.0	2.5	blank	1.0	488.8133990764618	
85	359.0702168941498	fix_post	2		12	83.0	2.5	blank	1.0	489.3216190338135	0.09999608993530273
87	359.1702129840851	stim	0		1716					489.4216151237488	14.302226066589355
87	360.1621980667114	pulse	0	t						490.4136002063751	
87	361.7624590396881	pulse	0	t						492.0138611793518	
87	363.3627679347992	pulse	0	t						493.6141700744629	
87	364.96299505233765	pulse	0	t						495.21439719200134	
87	366.5631470680237	pulse	0	t						496.8145492076874	
87	368.163409948349	pulse	0	t						498.4148120880127	
87	369.7636749744415	pulse	0	t						500.0150771141052	
87	371.3639769554138	pulse	0	t						501.6153790950775	
87	372.9641418457031	pulse	0	t						503.2155439853668	
