blank	-1
0001_fw.mp4	0
0001_rv.mp4	1
0002_fw.mp4	2
0002_rv.mp4	3
0003_fw.mp4	4
0003_rv.mp4	5
0004_fw.mp4	6
0004_rv.mp4	7
0005_fw.mp4	8
0005_rv.mp4	9
0006_fw.mp4	10
0006_rv.mp4	11
0007_fw.mp4	12
0007_rv.mp4	13
0008_fw.mp4	14
0008_rv.mp4	15
0009_fw.mp4	16
0009_rv.mp4	17
0010_fw.mp4	18
0010_rv.mp4	19
0011_fw.mp4	20
0011_rv.mp4	21
0012_fw.mp4	22
0012_rv.mp4	23
0013_fw.mp4	24
0013_rv.mp4	25
0014_fw.mp4	26
0014_rv.mp4	27
0015_fw.mp4	28
0015_rv.mp4	29
0016_fw.mp4	30
0016_rv.mp4	31
0017_fw.mp4	32
0017_rv.mp4	33
0018_fw.mp4	34
0018_rv.mp4	35
0019_fw.mp4	36
0019_rv.mp4	37
0020_fw.mp4	38
0020_rv.mp4	39
0021_fw.mp4	40
0021_rv.mp4	41
0022_fw.mp4	42
0022_rv.mp4	43
0023_fw.mp4	44
0023_rv.mp4	45
0024_fw.mp4	46
0024_rv.mp4	47
0025_fw.mp4	48
0025_rv.mp4	49
0026_fw.mp4	50
0026_rv.mp4	51
0027_fw.mp4	52
0027_rv.mp4	53
0028_fw.mp4	54
0028_rv.mp4	55
0029_fw.mp4	56
0029_rv.mp4	57
0030_fw.mp4	58
0030_rv.mp4	59
0031_fw.mp4	60
0031_rv.mp4	61
0032_fw.mp4	62
0032_rv.mp4	63
0033_fw.mp4	64
0033_rv.mp4	65
0034_fw.mp4	66
0034_rv.mp4	67
0035_fw.mp4	68
0035_rv.mp4	69
0036_fw.mp4	70
0036_rv.mp4	71
0037_fw.mp4	72
0037_rv.mp4	73
0038_fw.mp4	74
0038_rv.mp4	75
0039_fw.mp4	76
0039_rv.mp4	77
0040_fw.mp4	78
0040_rv.mp4	79
0041_fw.mp4	80
0041_rv.mp4	81
0042_fw.mp4	82
0042_rv.mp4	83
0043_fw.mp4	84
0043_rv.mp4	85
0044_fw.mp4	86
0044_rv.mp4	87
0045_fw.mp4	88
0045_rv.mp4	89
0046_fw.mp4	90
0046_rv.mp4	91
0047_fw.mp4	92
0047_rv.mp4	93
0048_fw.mp4	94
0048_rv.mp4	95
0049_fw.mp4	96
0049_rv.mp4	97
0050_fw.mp4	98
0050_rv.mp4	99
0051_fw.mp4	100
0051_rv.mp4	101
0052_fw.mp4	102
0052_rv.mp4	103
0053_fw.mp4	104
0053_rv.mp4	105
0054_fw.mp4	106
0054_rv.mp4	107
0055_fw.mp4	108
0055_rv.mp4	109
0056_fw.mp4	110
0056_rv.mp4	111
0057_fw.mp4	112
0057_rv.mp4	113
0058_fw.mp4	114
0058_rv.mp4	115
0059_fw.mp4	116
0059_rv.mp4	117
0060_fw.mp4	118
0060_rv.mp4	119
0061_fw.mp4	120
0061_rv.mp4	121
0062_fw.mp4	122
0062_rv.mp4	123
0063_fw.mp4	124
0063_rv.mp4	125
0064_fw.mp4	126
0064_rv.mp4	127
0065_fw.mp4	128
0065_rv.mp4	129
0066_fw.mp4	130
0066_rv.mp4	131
0067_fw.mp4	132
0067_rv.mp4	133
0068_fw.mp4	134
0068_rv.mp4	135
0069_fw.mp4	136
0069_rv.mp4	137
0070_fw.mp4	138
0070_rv.mp4	139
0071_fw.mp4	140
0071_rv.mp4	141
0072_fw.mp4	142
0072_rv.mp4	143
0073_fw.mp4	144
0073_rv.mp4	145
0074_fw.mp4	146
0074_rv.mp4	147
0075_fw.mp4	148
0075_rv.mp4	149
0076_fw.mp4	150
0076_rv.mp4	151
0077_fw.mp4	152
0077_rv.mp4	153
0078_fw.mp4	154
0078_rv.mp4	155
0079_fw.mp4	156
0079_rv.mp4	157
0080_fw.mp4	158
0080_rv.mp4	159
0081_fw.mp4	160
0081_rv.mp4	161
0082_fw.mp4	162
0082_rv.mp4	163
0083_fw.mp4	164
0083_rv.mp4	165
0084_fw.mp4	166
0084_rv.mp4	167
0085_fw.mp4	168
0085_rv.mp4	169
0086_fw.mp4	170
0086_rv.mp4	171
0087_fw.mp4	172
0087_rv.mp4	173
0088_fw.mp4	174
0088_rv.mp4	175
0089_fw.mp4	176
0089_rv.mp4	177
0090_fw.mp4	178
0090_rv.mp4	179
0091_fw.mp4	180
0091_rv.mp4	181
0092_fw.mp4	182
0092_rv.mp4	183
0093_fw.mp4	184
0093_rv.mp4	185
0094_fw.mp4	186
0094_rv.mp4	187
0095_fw.mp4	188
0095_rv.mp4	189
0096_fw.mp4	190
0096_rv.mp4	191
0097_fw.mp4	192
0097_rv.mp4	193
0098_fw.mp4	194
0098_rv.mp4	195
0099_fw.mp4	196
0099_rv.mp4	197
0100_fw.mp4	198
0100_rv.mp4	199
0101_fw.mp4	200
0101_rv.mp4	201
0102_fw.mp4	202
0102_rv.mp4	203
0103_fw.mp4	204
0103_rv.mp4	205
0104_fw.mp4	206
0104_rv.mp4	207
0105_fw.mp4	208
0105_rv.mp4	209
0106_fw.mp4	210
0106_rv.mp4	211
0107_fw.mp4	212
0107_rv.mp4	213
0108_fw.mp4	214
0108_rv.mp4	215
0109_fw.mp4	216
0109_rv.mp4	217
0110_fw.mp4	218
0110_rv.mp4	219
0111_fw.mp4	220
0111_rv.mp4	221
0112_fw.mp4	222
0112_rv.mp4	223
0113_fw.mp4	224
0113_rv.mp4	225
0114_fw.mp4	226
0114_rv.mp4	227
0115_fw.mp4	228
0115_rv.mp4	229
0116_fw.mp4	230
0116_rv.mp4	231
0117_fw.mp4	232
0117_rv.mp4	233
0118_fw.mp4	234
0118_rv.mp4	235
0119_fw.mp4	236
0119_rv.mp4	237
0120_fw.mp4	238
0120_rv.mp4	239
0121_fw.mp4	240
0121_rv.mp4	241
0122_fw.mp4	242
0122_rv.mp4	243
0123_fw.mp4	244
0123_rv.mp4	245
0124_fw.mp4	246
0124_rv.mp4	247
0125_fw.mp4	248
0125_rv.mp4	249
0126_fw.mp4	250
0126_rv.mp4	251
0127_fw.mp4	252
0127_rv.mp4	253
0128_fw.mp4	254
0128_rv.mp4	255
0129_fw.mp4	256
0129_rv.mp4	257
0130_fw.mp4	258
0130_rv.mp4	259
0131_fw.mp4	260
0131_rv.mp4	261
0132_fw.mp4	262
0132_rv.mp4	263
0133_fw.mp4	264
0133_rv.mp4	265
0134_fw.mp4	266
0134_rv.mp4	267
0135_fw.mp4	268
0135_rv.mp4	269
0136_fw.mp4	270
0136_rv.mp4	271
0137_fw.mp4	272
0137_rv.mp4	273
0138_fw.mp4	274
0138_rv.mp4	275
0139_fw.mp4	276
0139_rv.mp4	277
0140_fw.mp4	278
0140_rv.mp4	279
0141_fw.mp4	280
0141_rv.mp4	281
0142_fw.mp4	282
0142_rv.mp4	283
0143_fw.mp4	284
0143_rv.mp4	285
0144_fw.mp4	286
0144_rv.mp4	287
0145_fw.mp4	288
0145_rv.mp4	289
0146_fw.mp4	290
0146_rv.mp4	291
0147_fw.mp4	292
0147_rv.mp4	293
0148_fw.mp4	294
0148_rv.mp4	295
0149_fw.mp4	296
0149_rv.mp4	297
0150_fw.mp4	298
0150_rv.mp4	299
0151_fw.mp4	300
0151_rv.mp4	301
0152_fw.mp4	302
0152_rv.mp4	303
0153_fw.mp4	304
0153_rv.mp4	305
0154_fw.mp4	306
0154_rv.mp4	307
0155_fw.mp4	308
0155_rv.mp4	309
0156_fw.mp4	310
0156_rv.mp4	311
0157_fw.mp4	312
0157_rv.mp4	313
0158_fw.mp4	314
0158_rv.mp4	315
0159_fw.mp4	316
0159_rv.mp4	317
0160_fw.mp4	318
0160_rv.mp4	319
0161_fw.mp4	320
0161_rv.mp4	321
0162_fw.mp4	322
0162_rv.mp4	323
0163_fw.mp4	324
0163_rv.mp4	325
0164_fw.mp4	326
0164_rv.mp4	327
0165_fw.mp4	328
0165_rv.mp4	329
0166_fw.mp4	330
0166_rv.mp4	331
0167_fw.mp4	332
0167_rv.mp4	333
0168_fw.mp4	334
0168_rv.mp4	335
0169_fw.mp4	336
0169_rv.mp4	337
0170_fw.mp4	338
0170_rv.mp4	339
0171_fw.mp4	340
0171_rv.mp4	341
0172_fw.mp4	342
0172_rv.mp4	343
0173_fw.mp4	344
0173_rv.mp4	345
0174_fw.mp4	346
0174_rv.mp4	347
0175_fw.mp4	348
0175_rv.mp4	349
0176_fw.mp4	350
0176_rv.mp4	351
0177_fw.mp4	352
0177_rv.mp4	353
0178_fw.mp4	354
0178_rv.mp4	355
0179_fw.mp4	356
0179_rv.mp4	357
0180_fw.mp4	358
0180_rv.mp4	359
0181_fw.mp4	360
0181_rv.mp4	361
0182_fw.mp4	362
0182_rv.mp4	363
0183_fw.mp4	364
0183_rv.mp4	365
0184_fw.mp4	366
0184_rv.mp4	367
0185_fw.mp4	368
0185_rv.mp4	369
0186_fw.mp4	370
0186_rv.mp4	371
0187_fw.mp4	372
0187_rv.mp4	373
0188_fw.mp4	374
0188_rv.mp4	375
0189_fw.mp4	376
0189_rv.mp4	377
0190_fw.mp4	378
0190_rv.mp4	379
0191_fw.mp4	380
0191_rv.mp4	381
0192_fw.mp4	382
0192_rv.mp4	383
0193_fw.mp4	384
0193_rv.mp4	385
0194_fw.mp4	386
0194_rv.mp4	387
0195_fw.mp4	388
0195_rv.mp4	389
0196_fw.mp4	390
0196_rv.mp4	391
0197_fw.mp4	392
0197_rv.mp4	393
0198_fw.mp4	394
0198_rv.mp4	395
0199_fw.mp4	396
0199_rv.mp4	397
0200_fw.mp4	398
0200_rv.mp4	399
0201_fw.mp4	400
0201_rv.mp4	401
0202_fw.mp4	402
0202_rv.mp4	403
0203_fw.mp4	404
0203_rv.mp4	405
0204_fw.mp4	406
0204_rv.mp4	407
0205_fw.mp4	408
0205_rv.mp4	409
0206_fw.mp4	410
0206_rv.mp4	411
0207_fw.mp4	412
0207_rv.mp4	413
0208_fw.mp4	414
0208_rv.mp4	415
0209_fw.mp4	416
0209_rv.mp4	417
0210_fw.mp4	418
0210_rv.mp4	419
0211_fw.mp4	420
0211_rv.mp4	421
0212_fw.mp4	422
0212_rv.mp4	423
0213_fw.mp4	424
0213_rv.mp4	425
0214_fw.mp4	426
0214_rv.mp4	427
0215_fw.mp4	428
0215_rv.mp4	429
0216_fw.mp4	430
0216_rv.mp4	431
0217_fw.mp4	432
0217_rv.mp4	433
0218_fw.mp4	434
0218_rv.mp4	435
0219_fw.mp4	436
0219_rv.mp4	437
0220_fw.mp4	438
0220_rv.mp4	439
0221_fw.mp4	440
0221_rv.mp4	441
0222_fw.mp4	442
0222_rv.mp4	443
0223_fw.mp4	444
0223_rv.mp4	445
0224_fw.mp4	446
0224_rv.mp4	447
0225_fw.mp4	448
0225_rv.mp4	449
0226_fw.mp4	450
0226_rv.mp4	451
0227_fw.mp4	452
0227_rv.mp4	453
0228_fw.mp4	454
0228_rv.mp4	455
0229_fw.mp4	456
0229_rv.mp4	457
0230_fw.mp4	458
0230_rv.mp4	459
0231_fw.mp4	460
0231_rv.mp4	461
0232_fw.mp4	462
0232_rv.mp4	463
0233_fw.mp4	464
0233_rv.mp4	465
0234_fw.mp4	466
0234_rv.mp4	467
0235_fw.mp4	468
0235_rv.mp4	469
0236_fw.mp4	470
0236_rv.mp4	471
0237_fw.mp4	472
0237_rv.mp4	473
0238_fw.mp4	474
0238_rv.mp4	475
0239_fw.mp4	476
0239_rv.mp4	477
0240_fw.mp4	478
0240_rv.mp4	479
0241_fw.mp4	480
0241_rv.mp4	481
0242_fw.mp4	482
0242_rv.mp4	483
0243_fw.mp4	484
0243_rv.mp4	485
0244_fw.mp4	486
0244_rv.mp4	487
0245_fw.mp4	488
0245_rv.mp4	489
0246_fw.mp4	490
0246_rv.mp4	491
0247_fw.mp4	492
0247_rv.mp4	493
0248_fw.mp4	494
0248_rv.mp4	495
0249_fw.mp4	496
0249_rv.mp4	497
0250_fw.mp4	498
0250_rv.mp4	499
0251_fw.mp4	500
0251_rv.mp4	501
0252_fw.mp4	502
0252_rv.mp4	503
0253_fw.mp4	504
0253_rv.mp4	505
0254_fw.mp4	506
0254_rv.mp4	507
0255_fw.mp4	508
0255_rv.mp4	509
0256_fw.mp4	510
0256_rv.mp4	511
0257_fw.mp4	512
0257_rv.mp4	513
0258_fw.mp4	514
0258_rv.mp4	515
0259_fw.mp4	516
0259_rv.mp4	517
0260_fw.mp4	518
0260_rv.mp4	519
0261_fw.mp4	520
0261_rv.mp4	521
0262_fw.mp4	522
0262_rv.mp4	523
0263_fw.mp4	524
0263_rv.mp4	525
0264_fw.mp4	526
0264_rv.mp4	527
0265_fw.mp4	528
0265_rv.mp4	529
0266_fw.mp4	530
0266_rv.mp4	531
0267_fw.mp4	532
0267_rv.mp4	533
0268_fw.mp4	534
0268_rv.mp4	535
0269_fw.mp4	536
0269_rv.mp4	537
0270_fw.mp4	538
0270_rv.mp4	539
0271_fw.mp4	540
0271_rv.mp4	541
0272_fw.mp4	542
0272_rv.mp4	543
0273_fw.mp4	544
0273_rv.mp4	545
0274_fw.mp4	546
0274_rv.mp4	547
0275_fw.mp4	548
0275_rv.mp4	549
0276_fw.mp4	550
0276_rv.mp4	551
0277_fw.mp4	552
0277_rv.mp4	553
0278_fw.mp4	554
0278_rv.mp4	555
0279_fw.mp4	556
0279_rv.mp4	557
0280_fw.mp4	558
0280_rv.mp4	559
0281_fw.mp4	560
0281_rv.mp4	561
0282_fw.mp4	562
0282_rv.mp4	563
0283_fw.mp4	564
0283_rv.mp4	565
0284_fw.mp4	566
0284_rv.mp4	567
0285_fw.mp4	568
0285_rv.mp4	569
0286_fw.mp4	570
0286_rv.mp4	571
0287_fw.mp4	572
0287_rv.mp4	573
0288_fw.mp4	574
0288_rv.mp4	575
0289_fw.mp4	576
0289_rv.mp4	577
0290_fw.mp4	578
0290_rv.mp4	579
0291_fw.mp4	580
0291_rv.mp4	581
0292_fw.mp4	582
0292_rv.mp4	583
0293_fw.mp4	584
0293_rv.mp4	585
0294_fw.mp4	586
0294_rv.mp4	587
0295_fw.mp4	588
0295_rv.mp4	589
0296_fw.mp4	590
0296_rv.mp4	591
0297_fw.mp4	592
0297_rv.mp4	593
0298_fw.mp4	594
0298_rv.mp4	595
0299_fw.mp4	596
0299_rv.mp4	597
0300_fw.mp4	598
0300_rv.mp4	599
0301_fw.mp4	600
0301_rv.mp4	601
0302_fw.mp4	602
0302_rv.mp4	603
0303_fw.mp4	604
0303_rv.mp4	605
0304_fw.mp4	606
0304_rv.mp4	607
0305_fw.mp4	608
0305_rv.mp4	609
0306_fw.mp4	610
0306_rv.mp4	611
0307_fw.mp4	612
0307_rv.mp4	613
0308_fw.mp4	614
0308_rv.mp4	615
0309_fw.mp4	616
0309_rv.mp4	617
0310_fw.mp4	618
0310_rv.mp4	619
0311_fw.mp4	620
0311_rv.mp4	621
0312_fw.mp4	622
0312_rv.mp4	623
0313_fw.mp4	624
0313_rv.mp4	625
0314_fw.mp4	626
0314_rv.mp4	627
0315_fw.mp4	628
0315_rv.mp4	629
0316_fw.mp4	630
0316_rv.mp4	631
0317_fw.mp4	632
0317_rv.mp4	633
0318_fw.mp4	634
0318_rv.mp4	635
0319_fw.mp4	636
0319_rv.mp4	637
0320_fw.mp4	638
0320_rv.mp4	639
0321_fw.mp4	640
0321_rv.mp4	641
0322_fw.mp4	642
0322_rv.mp4	643
0323_fw.mp4	644
0323_rv.mp4	645
0324_fw.mp4	646
0324_rv.mp4	647
0325_fw.mp4	648
0325_rv.mp4	649
0326_fw.mp4	650
0326_rv.mp4	651
0327_fw.mp4	652
0327_rv.mp4	653
0328_fw.mp4	654
0328_rv.mp4	655
0329_fw.mp4	656
0329_rv.mp4	657
0330_fw.mp4	658
0330_rv.mp4	659
0331_fw.mp4	660
0331_rv.mp4	661
0332_fw.mp4	662
0332_rv.mp4	663
0333_fw.mp4	664
0333_rv.mp4	665
0334_fw.mp4	666
0334_rv.mp4	667
0335_fw.mp4	668
0335_rv.mp4	669
0336_fw.mp4	670
0336_rv.mp4	671
0337_fw.mp4	672
0337_rv.mp4	673
0338_fw.mp4	674
0338_rv.mp4	675
0339_fw.mp4	676
0339_rv.mp4	677
0340_fw.mp4	678
0340_rv.mp4	679
0341_fw.mp4	680
0341_rv.mp4	681
0342_fw.mp4	682
0342_rv.mp4	683
0343_fw.mp4	684
0343_rv.mp4	685
0344_fw.mp4	686
0344_rv.mp4	687
0345_fw.mp4	688
0345_rv.mp4	689
0346_fw.mp4	690
0346_rv.mp4	691
0347_fw.mp4	692
0347_rv.mp4	693
0348_fw.mp4	694
0348_rv.mp4	695
0349_fw.mp4	696
0349_rv.mp4	697
0350_fw.mp4	698
0350_rv.mp4	699
0351_fw.mp4	700
0351_rv.mp4	701
0352_fw.mp4	702
0352_rv.mp4	703
0353_fw.mp4	704
0353_rv.mp4	705
0354_fw.mp4	706
0354_rv.mp4	707
0355_fw.mp4	708
0355_rv.mp4	709
0356_fw.mp4	710
0356_rv.mp4	711
0357_fw.mp4	712
0357_rv.mp4	713
0358_fw.mp4	714
0358_rv.mp4	715
0359_fw.mp4	716
0359_rv.mp4	717
0360_fw.mp4	718
0360_rv.mp4	719
0361_fw.mp4	720
0361_rv.mp4	721
0362_fw.mp4	722
0362_rv.mp4	723
0363_fw.mp4	724
0363_rv.mp4	725
0364_fw.mp4	726
0364_rv.mp4	727
0365_fw.mp4	728
0365_rv.mp4	729
0366_fw.mp4	730
0366_rv.mp4	731
0367_fw.mp4	732
0367_rv.mp4	733
0368_fw.mp4	734
0368_rv.mp4	735
0369_fw.mp4	736
0369_rv.mp4	737
0370_fw.mp4	738
0370_rv.mp4	739
0371_fw.mp4	740
0371_rv.mp4	741
0372_fw.mp4	742
0372_rv.mp4	743
0373_fw.mp4	744
0373_rv.mp4	745
0374_fw.mp4	746
0374_rv.mp4	747
0375_fw.mp4	748
0375_rv.mp4	749
0376_fw.mp4	750
0376_rv.mp4	751
0377_fw.mp4	752
0377_rv.mp4	753
0378_fw.mp4	754
0378_rv.mp4	755
0379_fw.mp4	756
0379_rv.mp4	757
0380_fw.mp4	758
0380_rv.mp4	759
0381_fw.mp4	760
0381_rv.mp4	761
0382_fw.mp4	762
0382_rv.mp4	763
0383_fw.mp4	764
0383_rv.mp4	765
0384_fw.mp4	766
0384_rv.mp4	767
0385_fw.mp4	768
0385_rv.mp4	769
0386_fw.mp4	770
0386_rv.mp4	771
0387_fw.mp4	772
0387_rv.mp4	773
0388_fw.mp4	774
0388_rv.mp4	775
0389_fw.mp4	776
0389_rv.mp4	777
0390_fw.mp4	778
0390_rv.mp4	779
0391_fw.mp4	780
0391_rv.mp4	781
0392_fw.mp4	782
0392_rv.mp4	783
0393_fw.mp4	784
0393_rv.mp4	785
0394_fw.mp4	786
0394_rv.mp4	787
0395_fw.mp4	788
0395_rv.mp4	789
0396_fw.mp4	790
0396_rv.mp4	791
0397_fw.mp4	792
0397_rv.mp4	793
0398_fw.mp4	794
0398_rv.mp4	795
0399_fw.mp4	796
0399_rv.mp4	797
0400_fw.mp4	798
0400_rv.mp4	799
0401_fw.mp4	800
0401_rv.mp4	801
0402_fw.mp4	802
0402_rv.mp4	803
0403_fw.mp4	804
0403_rv.mp4	805
0404_fw.mp4	806
0404_rv.mp4	807
0405_fw.mp4	808
0405_rv.mp4	809
0406_fw.mp4	810
0406_rv.mp4	811
0407_fw.mp4	812
0407_rv.mp4	813
0408_fw.mp4	814
0408_rv.mp4	815
0409_fw.mp4	816
0409_rv.mp4	817
0410_fw.mp4	818
0410_rv.mp4	819
0411_fw.mp4	820
0411_rv.mp4	821
0412_fw.mp4	822
0412_rv.mp4	823
0413_fw.mp4	824
0413_rv.mp4	825
0414_fw.mp4	826
0414_rv.mp4	827
0415_fw.mp4	828
0415_rv.mp4	829
0416_fw.mp4	830
0416_rv.mp4	831
0417_fw.mp4	832
0417_rv.mp4	833
0418_fw.mp4	834
0418_rv.mp4	835
0419_fw.mp4	836
0419_rv.mp4	837
0420_fw.mp4	838
0420_rv.mp4	839
0421_fw.mp4	840
0421_rv.mp4	841
0422_fw.mp4	842
0422_rv.mp4	843
0423_fw.mp4	844
0423_rv.mp4	845
0424_fw.mp4	846
0424_rv.mp4	847
0425_fw.mp4	848
0425_rv.mp4	849
0426_fw.mp4	850
0426_rv.mp4	851
0427_fw.mp4	852
0427_rv.mp4	853
0428_fw.mp4	854
0428_rv.mp4	855
0429_fw.mp4	856
0429_rv.mp4	857
0430_fw.mp4	858
0430_rv.mp4	859
0431_fw.mp4	860
0431_rv.mp4	861
0432_fw.mp4	862
0432_rv.mp4	863
0433_fw.mp4	864
0433_rv.mp4	865
0434_fw.mp4	866
0434_rv.mp4	867
0435_fw.mp4	868
0435_rv.mp4	869
0436_fw.mp4	870
0436_rv.mp4	871
0437_fw.mp4	872
0437_rv.mp4	873
0438_fw.mp4	874
0438_rv.mp4	875
0439_fw.mp4	876
0439_rv.mp4	877
0440_fw.mp4	878
0440_rv.mp4	879
0441_fw.mp4	880
0441_rv.mp4	881
0442_fw.mp4	882
0442_rv.mp4	883
0443_fw.mp4	884
0443_rv.mp4	885
0444_fw.mp4	886
0444_rv.mp4	887
0445_fw.mp4	888
0445_rv.mp4	889
0446_fw.mp4	890
0446_rv.mp4	891
0447_fw.mp4	892
0447_rv.mp4	893
0448_fw.mp4	894
0448_rv.mp4	895
0449_fw.mp4	896
0449_rv.mp4	897
0450_fw.mp4	898
0450_rv.mp4	899
0451_fw.mp4	900
0451_rv.mp4	901
0452_fw.mp4	902
0452_rv.mp4	903
0453_fw.mp4	904
0453_rv.mp4	905
0454_fw.mp4	906
0454_rv.mp4	907
0455_fw.mp4	908
0455_rv.mp4	909
0456_fw.mp4	910
0456_rv.mp4	911
0457_fw.mp4	912
0457_rv.mp4	913
0458_fw.mp4	914
0458_rv.mp4	915
0459_fw.mp4	916
0459_rv.mp4	917
0460_fw.mp4	918
0460_rv.mp4	919
0461_fw.mp4	920
0461_rv.mp4	921
0462_fw.mp4	922
0462_rv.mp4	923
0463_fw.mp4	924
0463_rv.mp4	925
0464_fw.mp4	926
0464_rv.mp4	927
0465_fw.mp4	928
0465_rv.mp4	929
0466_fw.mp4	930
0466_rv.mp4	931
0467_fw.mp4	932
0467_rv.mp4	933
0468_fw.mp4	934
0468_rv.mp4	935
0469_fw.mp4	936
0469_rv.mp4	937
0470_fw.mp4	938
0470_rv.mp4	939
0471_fw.mp4	940
0471_rv.mp4	941
0472_fw.mp4	942
0472_rv.mp4	943
0473_fw.mp4	944
0473_rv.mp4	945
0474_fw.mp4	946
0474_rv.mp4	947
0475_fw.mp4	948
0475_rv.mp4	949
0476_fw.mp4	950
0476_rv.mp4	951
0477_fw.mp4	952
0477_rv.mp4	953
0478_fw.mp4	954
0478_rv.mp4	955
0479_fw.mp4	956
0479_rv.mp4	957
0480_fw.mp4	958
0480_rv.mp4	959
0481_fw.mp4	960
0481_rv.mp4	961
0482_fw.mp4	962
0482_rv.mp4	963
0483_fw.mp4	964
0483_rv.mp4	965
0484_fw.mp4	966
0484_rv.mp4	967
0485_fw.mp4	968
0485_rv.mp4	969
0486_fw.mp4	970
0486_rv.mp4	971
0487_fw.mp4	972
0487_rv.mp4	973
0488_fw.mp4	974
0488_rv.mp4	975
0489_fw.mp4	976
0489_rv.mp4	977
0490_fw.mp4	978
0490_rv.mp4	979
0491_fw.mp4	980
0491_rv.mp4	981
0492_fw.mp4	982
0492_rv.mp4	983
0493_fw.mp4	984
0493_rv.mp4	985
0494_fw.mp4	986
0494_rv.mp4	987
0495_fw.mp4	988
0495_rv.mp4	989
0496_fw.mp4	990
0496_rv.mp4	991
0497_fw.mp4	992
0497_rv.mp4	993
0498_fw.mp4	994
0498_rv.mp4	995
0499_fw.mp4	996
0499_rv.mp4	997
0500_fw.mp4	998
0500_rv.mp4	999
0501_fw.mp4	1000
0501_rv.mp4	1001
0502_fw.mp4	1002
0502_rv.mp4	1003
0503_fw.mp4	1004
0503_rv.mp4	1005
0504_fw.mp4	1006
0504_rv.mp4	1007
0505_fw.mp4	1008
0505_rv.mp4	1009
0506_fw.mp4	1010
0506_rv.mp4	1011
0507_fw.mp4	1012
0507_rv.mp4	1013
0508_fw.mp4	1014
0508_rv.mp4	1015
0509_fw.mp4	1016
0509_rv.mp4	1017
0510_fw.mp4	1018
0510_rv.mp4	1019
0511_fw.mp4	1020
0511_rv.mp4	1021
0512_fw.mp4	1022
0512_rv.mp4	1023
0513_fw.mp4	1024
0513_rv.mp4	1025
0514_fw.mp4	1026
0514_rv.mp4	1027
0515_fw.mp4	1028
0515_rv.mp4	1029
0516_fw.mp4	1030
0516_rv.mp4	1031
0517_fw.mp4	1032
0517_rv.mp4	1033
0518_fw.mp4	1034
0518_rv.mp4	1035
0519_fw.mp4	1036
0519_rv.mp4	1037
0520_fw.mp4	1038
0520_rv.mp4	1039
0521_fw.mp4	1040
0521_rv.mp4	1041
0522_fw.mp4	1042
0522_rv.mp4	1043
0523_fw.mp4	1044
0523_rv.mp4	1045
0524_fw.mp4	1046
0524_rv.mp4	1047
0525_fw.mp4	1048
0525_rv.mp4	1049
0526_fw.mp4	1050
0526_rv.mp4	1051
0527_fw.mp4	1052
0527_rv.mp4	1053
0528_fw.mp4	1054
0528_rv.mp4	1055
0529_fw.mp4	1056
0529_rv.mp4	1057
0530_fw.mp4	1058
0530_rv.mp4	1059
0531_fw.mp4	1060
0531_rv.mp4	1061
0532_fw.mp4	1062
0532_rv.mp4	1063
0533_fw.mp4	1064
0533_rv.mp4	1065
0534_fw.mp4	1066
0534_rv.mp4	1067
0535_fw.mp4	1068
0535_rv.mp4	1069
0536_fw.mp4	1070
0536_rv.mp4	1071
0537_fw.mp4	1072
0537_rv.mp4	1073
0538_fw.mp4	1074
0538_rv.mp4	1075
0539_fw.mp4	1076
0539_rv.mp4	1077
0540_fw.mp4	1078
0540_rv.mp4	1079
0541_fw.mp4	1080
0541_rv.mp4	1081
0542_fw.mp4	1082
0542_rv.mp4	1083
0543_fw.mp4	1084
0543_rv.mp4	1085
0544_fw.mp4	1086
0544_rv.mp4	1087
0545_fw.mp4	1088
0545_rv.mp4	1089
0546_fw.mp4	1090
0546_rv.mp4	1091
0547_fw.mp4	1092
0547_rv.mp4	1093
0548_fw.mp4	1094
0548_rv.mp4	1095
0549_fw.mp4	1096
0549_rv.mp4	1097
0550_fw.mp4	1098
0550_rv.mp4	1099
0551_fw.mp4	1100
0551_rv.mp4	1101
0552_fw.mp4	1102
0552_rv.mp4	1103
0553_fw.mp4	1104
0553_rv.mp4	1105
0554_fw.mp4	1106
0554_rv.mp4	1107
0555_fw.mp4	1108
0555_rv.mp4	1109
0556_fw.mp4	1110
0556_rv.mp4	1111
0557_fw.mp4	1112
0557_rv.mp4	1113
0558_fw.mp4	1114
0558_rv.mp4	1115
0559_fw.mp4	1116
0559_rv.mp4	1117
0560_fw.mp4	1118
0560_rv.mp4	1119
0561_fw.mp4	1120
0561_rv.mp4	1121
0562_fw.mp4	1122
0562_rv.mp4	1123
0563_fw.mp4	1124
0563_rv.mp4	1125
0564_fw.mp4	1126
0564_rv.mp4	1127
0565_fw.mp4	1128
0565_rv.mp4	1129
0566_fw.mp4	1130
0566_rv.mp4	1131
0567_fw.mp4	1132
0567_rv.mp4	1133
0568_fw.mp4	1134
0568_rv.mp4	1135
0569_fw.mp4	1136
0569_rv.mp4	1137
0570_fw.mp4	1138
0570_rv.mp4	1139
0571_fw.mp4	1140
0571_rv.mp4	1141
0572_fw.mp4	1142
0572_rv.mp4	1143
0573_fw.mp4	1144
0573_rv.mp4	1145
0574_fw.mp4	1146
0574_rv.mp4	1147
0575_fw.mp4	1148
0575_rv.mp4	1149
0576_fw.mp4	1150
0576_rv.mp4	1151
0577_fw.mp4	1152
0577_rv.mp4	1153
0578_fw.mp4	1154
0578_rv.mp4	1155
0579_fw.mp4	1156
0579_rv.mp4	1157
0580_fw.mp4	1158
0580_rv.mp4	1159
0581_fw.mp4	1160
0581_rv.mp4	1161
0582_fw.mp4	1162
0582_rv.mp4	1163
0583_fw.mp4	1164
0583_rv.mp4	1165
0584_fw.mp4	1166
0584_rv.mp4	1167
0585_fw.mp4	1168
0585_rv.mp4	1169
0586_fw.mp4	1170
0586_rv.mp4	1171
0587_fw.mp4	1172
0587_rv.mp4	1173
0588_fw.mp4	1174
0588_rv.mp4	1175
0589_fw.mp4	1176
0589_rv.mp4	1177
0590_fw.mp4	1178
0590_rv.mp4	1179
0591_fw.mp4	1180
0591_rv.mp4	1181
0592_fw.mp4	1182
0592_rv.mp4	1183
0593_fw.mp4	1184
0593_rv.mp4	1185
0594_fw.mp4	1186
0594_rv.mp4	1187
0595_fw.mp4	1188
0595_rv.mp4	1189
0596_fw.mp4	1190
0596_rv.mp4	1191
0597_fw.mp4	1192
0597_rv.mp4	1193
0598_fw.mp4	1194
0598_rv.mp4	1195
0599_fw.mp4	1196
0599_rv.mp4	1197
0600_fw.mp4	1198
0600_rv.mp4	1199
0601_fw.mp4	1200
0601_rv.mp4	1201
0602_fw.mp4	1202
0602_rv.mp4	1203
0603_fw.mp4	1204
0603_rv.mp4	1205
0604_fw.mp4	1206
0604_rv.mp4	1207
0605_fw.mp4	1208
0605_rv.mp4	1209
0606_fw.mp4	1210
0606_rv.mp4	1211
0607_fw.mp4	1212
0607_rv.mp4	1213
0608_fw.mp4	1214
0608_rv.mp4	1215
0609_fw.mp4	1216
0609_rv.mp4	1217
0610_fw.mp4	1218
0610_rv.mp4	1219
0611_fw.mp4	1220
0611_rv.mp4	1221
0612_fw.mp4	1222
0612_rv.mp4	1223
0613_fw.mp4	1224
0613_rv.mp4	1225
0614_fw.mp4	1226
0614_rv.mp4	1227
0615_fw.mp4	1228
0615_rv.mp4	1229
0616_fw.mp4	1230
0616_rv.mp4	1231
0617_fw.mp4	1232
0617_rv.mp4	1233
0618_fw.mp4	1234
0618_rv.mp4	1235
0619_fw.mp4	1236
0619_rv.mp4	1237
0620_fw.mp4	1238
0620_rv.mp4	1239
0621_fw.mp4	1240
0621_rv.mp4	1241
0622_fw.mp4	1242
0622_rv.mp4	1243
0623_fw.mp4	1244
0623_rv.mp4	1245
0624_fw.mp4	1246
0624_rv.mp4	1247
0625_fw.mp4	1248
0625_rv.mp4	1249
0626_fw.mp4	1250
0626_rv.mp4	1251
0627_fw.mp4	1252
0627_rv.mp4	1253
0628_fw.mp4	1254
0628_rv.mp4	1255
0629_fw.mp4	1256
0629_rv.mp4	1257
0630_fw.mp4	1258
0630_rv.mp4	1259
0631_fw.mp4	1260
0631_rv.mp4	1261
0632_fw.mp4	1262
0632_rv.mp4	1263
0633_fw.mp4	1264
0633_rv.mp4	1265
0634_fw.mp4	1266
0634_rv.mp4	1267
0635_fw.mp4	1268
0635_rv.mp4	1269
0636_fw.mp4	1270
0636_rv.mp4	1271
0637_fw.mp4	1272
0637_rv.mp4	1273
0638_fw.mp4	1274
0638_rv.mp4	1275
0639_fw.mp4	1276
0639_rv.mp4	1277
0640_fw.mp4	1278
0640_rv.mp4	1279
0641_fw.mp4	1280
0641_rv.mp4	1281
0642_fw.mp4	1282
0642_rv.mp4	1283
0643_fw.mp4	1284
0643_rv.mp4	1285
0644_fw.mp4	1286
0644_rv.mp4	1287
0645_fw.mp4	1288
0645_rv.mp4	1289
0646_fw.mp4	1290
0646_rv.mp4	1291
0647_fw.mp4	1292
0647_rv.mp4	1293
0648_fw.mp4	1294
0648_rv.mp4	1295
0649_fw.mp4	1296
0649_rv.mp4	1297
0650_fw.mp4	1298
0650_rv.mp4	1299
0651_fw.mp4	1300
0651_rv.mp4	1301
0652_fw.mp4	1302
0652_rv.mp4	1303
0653_fw.mp4	1304
0653_rv.mp4	1305
0654_fw.mp4	1306
0654_rv.mp4	1307
0655_fw.mp4	1308
0655_rv.mp4	1309
0656_fw.mp4	1310
0656_rv.mp4	1311
0657_fw.mp4	1312
0657_rv.mp4	1313
0658_fw.mp4	1314
0658_rv.mp4	1315
0659_fw.mp4	1316
0659_rv.mp4	1317
0660_fw.mp4	1318
0660_rv.mp4	1319
0661_fw.mp4	1320
0661_rv.mp4	1321
0662_fw.mp4	1322
0662_rv.mp4	1323
0663_fw.mp4	1324
0663_rv.mp4	1325
0664_fw.mp4	1326
0664_rv.mp4	1327
0665_fw.mp4	1328
0665_rv.mp4	1329
0666_fw.mp4	1330
0666_rv.mp4	1331
0667_fw.mp4	1332
0667_rv.mp4	1333
0668_fw.mp4	1334
0668_rv.mp4	1335
0669_fw.mp4	1336
0669_rv.mp4	1337
0670_fw.mp4	1338
0670_rv.mp4	1339
0671_fw.mp4	1340
0671_rv.mp4	1341
0672_fw.mp4	1342
0672_rv.mp4	1343
0673_fw.mp4	1344
0673_rv.mp4	1345
0674_fw.mp4	1346
0674_rv.mp4	1347
0675_fw.mp4	1348
0675_rv.mp4	1349
0676_fw.mp4	1350
0676_rv.mp4	1351
0677_fw.mp4	1352
0677_rv.mp4	1353
0678_fw.mp4	1354
0678_rv.mp4	1355
0679_fw.mp4	1356
0679_rv.mp4	1357
0680_fw.mp4	1358
0680_rv.mp4	1359
0681_fw.mp4	1360
0681_rv.mp4	1361
0682_fw.mp4	1362
0682_rv.mp4	1363
0683_fw.mp4	1364
0683_rv.mp4	1365
0684_fw.mp4	1366
0684_rv.mp4	1367
0685_fw.mp4	1368
0685_rv.mp4	1369
0686_fw.mp4	1370
0686_rv.mp4	1371
0687_fw.mp4	1372
0687_rv.mp4	1373
0688_fw.mp4	1374
0688_rv.mp4	1375
0689_fw.mp4	1376
0689_rv.mp4	1377
0690_fw.mp4	1378
0690_rv.mp4	1379
0691_fw.mp4	1380
0691_rv.mp4	1381
0692_fw.mp4	1382
0692_rv.mp4	1383
0693_fw.mp4	1384
0693_rv.mp4	1385
0694_fw.mp4	1386
0694_rv.mp4	1387
0695_fw.mp4	1388
0695_rv.mp4	1389
0696_fw.mp4	1390
0696_rv.mp4	1391
0697_fw.mp4	1392
0697_rv.mp4	1393
0698_fw.mp4	1394
0698_rv.mp4	1395
0699_fw.mp4	1396
0699_rv.mp4	1397
0700_fw.mp4	1398
0700_rv.mp4	1399
0701_fw.mp4	1400
0701_rv.mp4	1401
0702_fw.mp4	1402
0702_rv.mp4	1403
0703_fw.mp4	1404
0703_rv.mp4	1405
0704_fw.mp4	1406
0704_rv.mp4	1407
0705_fw.mp4	1408
0705_rv.mp4	1409
0706_fw.mp4	1410
0706_rv.mp4	1411
0707_fw.mp4	1412
0707_rv.mp4	1413
0708_fw.mp4	1414
0708_rv.mp4	1415
0709_fw.mp4	1416
0709_rv.mp4	1417
0710_fw.mp4	1418
0710_rv.mp4	1419
0711_fw.mp4	1420
0711_rv.mp4	1421
0712_fw.mp4	1422
0712_rv.mp4	1423
0713_fw.mp4	1424
0713_rv.mp4	1425
0714_fw.mp4	1426
0714_rv.mp4	1427
0715_fw.mp4	1428
0715_rv.mp4	1429
0716_fw.mp4	1430
0716_rv.mp4	1431
0717_fw.mp4	1432
0717_rv.mp4	1433
0718_fw.mp4	1434
0718_rv.mp4	1435
0719_fw.mp4	1436
0719_rv.mp4	1437
0720_fw.mp4	1438
0720_rv.mp4	1439
0721_fw.mp4	1440
0721_rv.mp4	1441
0722_fw.mp4	1442
0722_rv.mp4	1443
0723_fw.mp4	1444
0723_rv.mp4	1445
0724_fw.mp4	1446
0724_rv.mp4	1447
0725_fw.mp4	1448
0725_rv.mp4	1449
0726_fw.mp4	1450
0726_rv.mp4	1451
0727_fw.mp4	1452
0727_rv.mp4	1453
0728_fw.mp4	1454
0728_rv.mp4	1455
0729_fw.mp4	1456
0729_rv.mp4	1457
0730_fw.mp4	1458
0730_rv.mp4	1459
0731_fw.mp4	1460
0731_rv.mp4	1461
0732_fw.mp4	1462
0732_rv.mp4	1463
0733_fw.mp4	1464
0733_rv.mp4	1465
0734_fw.mp4	1466
0734_rv.mp4	1467
0735_fw.mp4	1468
0735_rv.mp4	1469
0736_fw.mp4	1470
0736_rv.mp4	1471
0737_fw.mp4	1472
0737_rv.mp4	1473
0738_fw.mp4	1474
0738_rv.mp4	1475
0739_fw.mp4	1476
0739_rv.mp4	1477
0740_fw.mp4	1478
0740_rv.mp4	1479
0741_fw.mp4	1480
0741_rv.mp4	1481
0742_fw.mp4	1482
0742_rv.mp4	1483
0743_fw.mp4	1484
0743_rv.mp4	1485
0744_fw.mp4	1486
0744_rv.mp4	1487
0745_fw.mp4	1488
0745_rv.mp4	1489
0746_fw.mp4	1490
0746_rv.mp4	1491
0747_fw.mp4	1492
0747_rv.mp4	1493
0748_fw.mp4	1494
0748_rv.mp4	1495
0749_fw.mp4	1496
0749_rv.mp4	1497
0750_fw.mp4	1498
0750_rv.mp4	1499
0751_fw.mp4	1500
0751_rv.mp4	1501
0752_fw.mp4	1502
0752_rv.mp4	1503
0753_fw.mp4	1504
0753_rv.mp4	1505
0754_fw.mp4	1506
0754_rv.mp4	1507
0755_fw.mp4	1508
0755_rv.mp4	1509
0756_fw.mp4	1510
0756_rv.mp4	1511
0757_fw.mp4	1512
0757_rv.mp4	1513
0758_fw.mp4	1514
0758_rv.mp4	1515
0759_fw.mp4	1516
0759_rv.mp4	1517
0760_fw.mp4	1518
0760_rv.mp4	1519
0761_fw.mp4	1520
0761_rv.mp4	1521
0762_fw.mp4	1522
0762_rv.mp4	1523
0763_fw.mp4	1524
0763_rv.mp4	1525
0764_fw.mp4	1526
0764_rv.mp4	1527
0765_fw.mp4	1528
0765_rv.mp4	1529
0766_fw.mp4	1530
0766_rv.mp4	1531
0767_fw.mp4	1532
0767_rv.mp4	1533
0768_fw.mp4	1534
0768_rv.mp4	1535
0769_fw.mp4	1536
0769_rv.mp4	1537
0770_fw.mp4	1538
0770_rv.mp4	1539
0771_fw.mp4	1540
0771_rv.mp4	1541
0772_fw.mp4	1542
0772_rv.mp4	1543
0773_fw.mp4	1544
0773_rv.mp4	1545
0774_fw.mp4	1546
0774_rv.mp4	1547
0775_fw.mp4	1548
0775_rv.mp4	1549
0776_fw.mp4	1550
0776_rv.mp4	1551
0777_fw.mp4	1552
0777_rv.mp4	1553
0778_fw.mp4	1554
0778_rv.mp4	1555
0779_fw.mp4	1556
0779_rv.mp4	1557
0780_fw.mp4	1558
0780_rv.mp4	1559
0781_fw.mp4	1560
0781_rv.mp4	1561
0782_fw.mp4	1562
0782_rv.mp4	1563
0783_fw.mp4	1564
0783_rv.mp4	1565
0784_fw.mp4	1566
0784_rv.mp4	1567
0785_fw.mp4	1568
0785_rv.mp4	1569
0786_fw.mp4	1570
0786_rv.mp4	1571
0787_fw.mp4	1572
0787_rv.mp4	1573
0788_fw.mp4	1574
0788_rv.mp4	1575
0789_fw.mp4	1576
0789_rv.mp4	1577
0790_fw.mp4	1578
0790_rv.mp4	1579
0791_fw.mp4	1580
0791_rv.mp4	1581
0792_fw.mp4	1582
0792_rv.mp4	1583
0793_fw.mp4	1584
0793_rv.mp4	1585
0794_fw.mp4	1586
0794_rv.mp4	1587
0795_fw.mp4	1588
0795_rv.mp4	1589
0796_fw.mp4	1590
0796_rv.mp4	1591
0797_fw.mp4	1592
0797_rv.mp4	1593
0798_fw.mp4	1594
0798_rv.mp4	1595
0799_fw.mp4	1596
0799_rv.mp4	1597
0800_fw.mp4	1598
0800_rv.mp4	1599
0801_fw.mp4	1600
0801_rv.mp4	1601
0802_fw.mp4	1602
0802_rv.mp4	1603
0803_fw.mp4	1604
0803_rv.mp4	1605
0804_fw.mp4	1606
0804_rv.mp4	1607
0805_fw.mp4	1608
0805_rv.mp4	1609
0806_fw.mp4	1610
0806_rv.mp4	1611
0807_fw.mp4	1612
0807_rv.mp4	1613
0808_fw.mp4	1614
0808_rv.mp4	1615
0809_fw.mp4	1616
0809_rv.mp4	1617
0810_fw.mp4	1618
0810_rv.mp4	1619
0811_fw.mp4	1620
0811_rv.mp4	1621
0812_fw.mp4	1622
0812_rv.mp4	1623
0813_fw.mp4	1624
0813_rv.mp4	1625
0814_fw.mp4	1626
0814_rv.mp4	1627
0815_fw.mp4	1628
0815_rv.mp4	1629
0816_fw.mp4	1630
0816_rv.mp4	1631
0817_fw.mp4	1632
0817_rv.mp4	1633
0818_fw.mp4	1634
0818_rv.mp4	1635
0819_fw.mp4	1636
0819_rv.mp4	1637
0820_fw.mp4	1638
0820_rv.mp4	1639
0821_fw.mp4	1640
0821_rv.mp4	1641
0822_fw.mp4	1642
0822_rv.mp4	1643
0823_fw.mp4	1644
0823_rv.mp4	1645
0824_fw.mp4	1646
0824_rv.mp4	1647
0825_fw.mp4	1648
0825_rv.mp4	1649
0826_fw.mp4	1650
0826_rv.mp4	1651
0827_fw.mp4	1652
0827_rv.mp4	1653
0828_fw.mp4	1654
0828_rv.mp4	1655
0829_fw.mp4	1656
0829_rv.mp4	1657
0830_fw.mp4	1658
0830_rv.mp4	1659
0831_fw.mp4	1660
0831_rv.mp4	1661
0832_fw.mp4	1662
0832_rv.mp4	1663
0833_fw.mp4	1664
0833_rv.mp4	1665
0834_fw.mp4	1666
0834_rv.mp4	1667
0835_fw.mp4	1668
0835_rv.mp4	1669
0836_fw.mp4	1670
0836_rv.mp4	1671
0837_fw.mp4	1672
0837_rv.mp4	1673
0838_fw.mp4	1674
0838_rv.mp4	1675
0839_fw.mp4	1676
0839_rv.mp4	1677
0840_fw.mp4	1678
0840_rv.mp4	1679
0841_fw.mp4	1680
0841_rv.mp4	1681
0842_fw.mp4	1682
0842_rv.mp4	1683
0843_fw.mp4	1684
0843_rv.mp4	1685
0844_fw.mp4	1686
0844_rv.mp4	1687
0845_fw.mp4	1688
0845_rv.mp4	1689
0846_fw.mp4	1690
0846_rv.mp4	1691
0847_fw.mp4	1692
0847_rv.mp4	1693
0848_fw.mp4	1694
0848_rv.mp4	1695
0849_fw.mp4	1696
0849_rv.mp4	1697
0850_fw.mp4	1698
0850_rv.mp4	1699
0851_fw.mp4	1700
0851_rv.mp4	1701
0852_fw.mp4	1702
0852_rv.mp4	1703
0853_fw.mp4	1704
0853_rv.mp4	1705
0854_fw.mp4	1706
0854_rv.mp4	1707
0855_fw.mp4	1708
0855_rv.mp4	1709
0856_fw.mp4	1710
0856_rv.mp4	1711
0857_fw.mp4	1712
0857_rv.mp4	1713
0858_fw.mp4	1714
0858_rv.mp4	1715
0859_fw.mp4	1716
0859_rv.mp4	1717
0860_fw.mp4	1718
0860_rv.mp4	1719
0861_fw.mp4	1720
0861_rv.mp4	1721
0862_fw.mp4	1722
0862_rv.mp4	1723
0863_fw.mp4	1724
0863_rv.mp4	1725
0864_fw.mp4	1726
0864_rv.mp4	1727
0865_fw.mp4	1728
0865_rv.mp4	1729
0866_fw.mp4	1730
0866_rv.mp4	1731
0867_fw.mp4	1732
0867_rv.mp4	1733
0868_fw.mp4	1734
0868_rv.mp4	1735
0869_fw.mp4	1736
0869_rv.mp4	1737
0870_fw.mp4	1738
0870_rv.mp4	1739
0871_fw.mp4	1740
0871_rv.mp4	1741
0872_fw.mp4	1742
0872_rv.mp4	1743
0873_fw.mp4	1744
0873_rv.mp4	1745
0874_fw.mp4	1746
0874_rv.mp4	1747
0875_fw.mp4	1748
0875_rv.mp4	1749
0876_fw.mp4	1750
0876_rv.mp4	1751
0877_fw.mp4	1752
0877_rv.mp4	1753
0878_fw.mp4	1754
0878_rv.mp4	1755
0879_fw.mp4	1756
0879_rv.mp4	1757
0880_fw.mp4	1758
0880_rv.mp4	1759
0881_fw.mp4	1760
0881_rv.mp4	1761
0882_fw.mp4	1762
0882_rv.mp4	1763
0883_fw.mp4	1764
0883_rv.mp4	1765
0884_fw.mp4	1766
0884_rv.mp4	1767
0885_fw.mp4	1768
0885_rv.mp4	1769
0886_fw.mp4	1770
0886_rv.mp4	1771
0887_fw.mp4	1772
0887_rv.mp4	1773
0888_fw.mp4	1774
0888_rv.mp4	1775
0889_fw.mp4	1776
0889_rv.mp4	1777
0890_fw.mp4	1778
0890_rv.mp4	1779
0891_fw.mp4	1780
0891_rv.mp4	1781
0892_fw.mp4	1782
0892_rv.mp4	1783
0893_fw.mp4	1784
0893_rv.mp4	1785
0894_fw.mp4	1786
0894_rv.mp4	1787
0895_fw.mp4	1788
0895_rv.mp4	1789
0896_fw.mp4	1790
0896_rv.mp4	1791
0897_fw.mp4	1792
0897_rv.mp4	1793
0898_fw.mp4	1794
0898_rv.mp4	1795
0899_fw.mp4	1796
0899_rv.mp4	1797
0900_fw.mp4	1798
0900_rv.mp4	1799
0901_fw.mp4	1800
0901_rv.mp4	1801
0902_fw.mp4	1802
0902_rv.mp4	1803
0903_fw.mp4	1804
0903_rv.mp4	1805
0904_fw.mp4	1806
0904_rv.mp4	1807
0905_fw.mp4	1808
0905_rv.mp4	1809
0906_fw.mp4	1810
0906_rv.mp4	1811
0907_fw.mp4	1812
0907_rv.mp4	1813
0908_fw.mp4	1814
0908_rv.mp4	1815
0909_fw.mp4	1816
0909_rv.mp4	1817
0910_fw.mp4	1818
0910_rv.mp4	1819
0911_fw.mp4	1820
0911_rv.mp4	1821
0912_fw.mp4	1822
0912_rv.mp4	1823
0913_fw.mp4	1824
0913_rv.mp4	1825
0914_fw.mp4	1826
0914_rv.mp4	1827
0915_fw.mp4	1828
0915_rv.mp4	1829
0916_fw.mp4	1830
0916_rv.mp4	1831
0917_fw.mp4	1832
0917_rv.mp4	1833
0918_fw.mp4	1834
0918_rv.mp4	1835
0919_fw.mp4	1836
0919_rv.mp4	1837
0920_fw.mp4	1838
0920_rv.mp4	1839
0921_fw.mp4	1840
0921_rv.mp4	1841
0922_fw.mp4	1842
0922_rv.mp4	1843
0923_fw.mp4	1844
0923_rv.mp4	1845
0924_fw.mp4	1846
0924_rv.mp4	1847
0925_fw.mp4	1848
0925_rv.mp4	1849
0926_fw.mp4	1850
0926_rv.mp4	1851
0927_fw.mp4	1852
0927_rv.mp4	1853
0928_fw.mp4	1854
0928_rv.mp4	1855
0929_fw.mp4	1856
0929_rv.mp4	1857
0930_fw.mp4	1858
0930_rv.mp4	1859
0931_fw.mp4	1860
0931_rv.mp4	1861
0932_fw.mp4	1862
0932_rv.mp4	1863
0933_fw.mp4	1864
0933_rv.mp4	1865
0934_fw.mp4	1866
0934_rv.mp4	1867
0935_fw.mp4	1868
0935_rv.mp4	1869
0936_fw.mp4	1870
0936_rv.mp4	1871
0937_fw.mp4	1872
0937_rv.mp4	1873
0938_fw.mp4	1874
0938_rv.mp4	1875
0939_fw.mp4	1876
0939_rv.mp4	1877
0940_fw.mp4	1878
0940_rv.mp4	1879
0941_fw.mp4	1880
0941_rv.mp4	1881
0942_fw.mp4	1882
0942_rv.mp4	1883
0943_fw.mp4	1884
0943_rv.mp4	1885
0944_fw.mp4	1886
0944_rv.mp4	1887
0945_fw.mp4	1888
0945_rv.mp4	1889
0946_fw.mp4	1890
0946_rv.mp4	1891
0947_fw.mp4	1892
0947_rv.mp4	1893
0948_fw.mp4	1894
0948_rv.mp4	1895
0949_fw.mp4	1896
0949_rv.mp4	1897
0950_fw.mp4	1898
0950_rv.mp4	1899
0951_fw.mp4	1900
0951_rv.mp4	1901
0952_fw.mp4	1902
0952_rv.mp4	1903
0953_fw.mp4	1904
0953_rv.mp4	1905
0954_fw.mp4	1906
0954_rv.mp4	1907
0955_fw.mp4	1908
0955_rv.mp4	1909
0956_fw.mp4	1910
0956_rv.mp4	1911
0957_fw.mp4	1912
0957_rv.mp4	1913
0958_fw.mp4	1914
0958_rv.mp4	1915
0959_fw.mp4	1916
0959_rv.mp4	1917
0960_fw.mp4	1918
0960_rv.mp4	1919
0961_fw.mp4	1920
0961_rv.mp4	1921
0962_fw.mp4	1922
0962_rv.mp4	1923
0963_fw.mp4	1924
0963_rv.mp4	1925
0964_fw.mp4	1926
0964_rv.mp4	1927
0965_fw.mp4	1928
0965_rv.mp4	1929
0966_fw.mp4	1930
0966_rv.mp4	1931
0967_fw.mp4	1932
0967_rv.mp4	1933
0968_fw.mp4	1934
0968_rv.mp4	1935
0969_fw.mp4	1936
0969_rv.mp4	1937
0970_fw.mp4	1938
0970_rv.mp4	1939
0971_fw.mp4	1940
0971_rv.mp4	1941
0972_fw.mp4	1942
0972_rv.mp4	1943
0973_fw.mp4	1944
0973_rv.mp4	1945
0974_fw.mp4	1946
0974_rv.mp4	1947
0975_fw.mp4	1948
0975_rv.mp4	1949
0976_fw.mp4	1950
0976_rv.mp4	1951
0977_fw.mp4	1952
0977_rv.mp4	1953
0978_fw.mp4	1954
0978_rv.mp4	1955
0979_fw.mp4	1956
0979_rv.mp4	1957
0980_fw.mp4	1958
0980_rv.mp4	1959
0981_fw.mp4	1960
0981_rv.mp4	1961
0982_fw.mp4	1962
0982_rv.mp4	1963
0983_fw.mp4	1964
0983_rv.mp4	1965
0984_fw.mp4	1966
0984_rv.mp4	1967
0985_fw.mp4	1968
0985_rv.mp4	1969
0986_fw.mp4	1970
0986_rv.mp4	1971
0987_fw.mp4	1972
0987_rv.mp4	1973
0988_fw.mp4	1974
0988_rv.mp4	1975
0989_fw.mp4	1976
0989_rv.mp4	1977
0990_fw.mp4	1978
0990_rv.mp4	1979
0991_fw.mp4	1980
0991_rv.mp4	1981
0992_fw.mp4	1982
0992_rv.mp4	1983
0993_fw.mp4	1984
0993_rv.mp4	1985
0994_fw.mp4	1986
0994_rv.mp4	1987
0995_fw.mp4	1988
0995_rv.mp4	1989
0996_fw.mp4	1990
0996_rv.mp4	1991
0997_fw.mp4	1992
0997_rv.mp4	1993
0998_fw.mp4	1994
0998_rv.mp4	1995
0999_fw.mp4	1996
0999_rv.mp4	1997
1000_fw.mp4	1998
1000_rv.mp4	1999
1001_fw.mp4	2000
1001_rv.mp4	2001
1002_fw.mp4	2002
1002_rv.mp4	2003
1003_fw.mp4	2004
1003_rv.mp4	2005
1004_fw.mp4	2006
1004_rv.mp4	2007
1005_fw.mp4	2008
1005_rv.mp4	2009
1006_fw.mp4	2010
1006_rv.mp4	2011
1007_fw.mp4	2012
1007_rv.mp4	2013
1008_fw.mp4	2014
1008_rv.mp4	2015
1009_fw.mp4	2016
1009_rv.mp4	2017
1010_fw.mp4	2018
1010_rv.mp4	2019
1011_fw.mp4	2020
1011_rv.mp4	2021
1012_fw.mp4	2022
1012_rv.mp4	2023
1013_fw.mp4	2024
1013_rv.mp4	2025
1014_fw.mp4	2026
1014_rv.mp4	2027
1015_fw.mp4	2028
1015_rv.mp4	2029
1016_fw.mp4	2030
1016_rv.mp4	2031
1017_fw.mp4	2032
1017_rv.mp4	2033
1018_fw.mp4	2034
1018_rv.mp4	2035
1019_fw.mp4	2036
1019_rv.mp4	2037
1020_fw.mp4	2038
1020_rv.mp4	2039
1021_fw.mp4	2040
1021_rv.mp4	2041
1022_fw.mp4	2042
1022_rv.mp4	2043
1023_fw.mp4	2044
1023_rv.mp4	2045
1024_fw.mp4	2046
1024_rv.mp4	2047
1025_fw.mp4	2048
1025_rv.mp4	2049
1026_fw.mp4	2050
1026_rv.mp4	2051
1027_fw.mp4	2052
1027_rv.mp4	2053
1028_fw.mp4	2054
1028_rv.mp4	2055
1029_fw.mp4	2056
1029_rv.mp4	2057
1030_fw.mp4	2058
1030_rv.mp4	2059
1031_fw.mp4	2060
1031_rv.mp4	2061
1032_fw.mp4	2062
1032_rv.mp4	2063
1033_fw.mp4	2064
1033_rv.mp4	2065
1034_fw.mp4	2066
1034_rv.mp4	2067
1035_fw.mp4	2068
1035_rv.mp4	2069
1036_fw.mp4	2070
1036_rv.mp4	2071
1037_fw.mp4	2072
1037_rv.mp4	2073
1038_fw.mp4	2074
1038_rv.mp4	2075
1039_fw.mp4	2076
1039_rv.mp4	2077
1040_fw.mp4	2078
1040_rv.mp4	2079
1041_fw.mp4	2080
1041_rv.mp4	2081
1042_fw.mp4	2082
1042_rv.mp4	2083
1043_fw.mp4	2084
1043_rv.mp4	2085
1044_fw.mp4	2086
1044_rv.mp4	2087
1045_fw.mp4	2088
1045_rv.mp4	2089
1046_fw.mp4	2090
1046_rv.mp4	2091
1047_fw.mp4	2092
1047_rv.mp4	2093
1048_fw.mp4	2094
1048_rv.mp4	2095
1049_fw.mp4	2096
1049_rv.mp4	2097
1050_fw.mp4	2098
1050_rv.mp4	2099
1051_fw.mp4	2100
1051_rv.mp4	2101
1052_fw.mp4	2102
1052_rv.mp4	2103
1053_fw.mp4	2104
1053_rv.mp4	2105
1054_fw.mp4	2106
1054_rv.mp4	2107
1055_fw.mp4	2108
1055_rv.mp4	2109
1056_fw.mp4	2110
1056_rv.mp4	2111
1057_fw.mp4	2112
1057_rv.mp4	2113
1058_fw.mp4	2114
1058_rv.mp4	2115
1059_fw.mp4	2116
1059_rv.mp4	2117
1060_fw.mp4	2118
1060_rv.mp4	2119
1061_fw.mp4	2120
1061_rv.mp4	2121
1062_fw.mp4	2122
1062_rv.mp4	2123
1063_fw.mp4	2124
1063_rv.mp4	2125
1064_fw.mp4	2126
1064_rv.mp4	2127
1065_fw.mp4	2128
1065_rv.mp4	2129
1066_fw.mp4	2130
1066_rv.mp4	2131
1067_fw.mp4	2132
1067_rv.mp4	2133
1068_fw.mp4	2134
1068_rv.mp4	2135
1069_fw.mp4	2136
1069_rv.mp4	2137
1070_fw.mp4	2138
1070_rv.mp4	2139
1071_fw.mp4	2140
1071_rv.mp4	2141
1072_fw.mp4	2142
1072_rv.mp4	2143
1073_fw.mp4	2144
1073_rv.mp4	2145
1074_fw.mp4	2146
1074_rv.mp4	2147
1075_fw.mp4	2148
1075_rv.mp4	2149
1076_fw.mp4	2150
1076_rv.mp4	2151
1077_fw.mp4	2152
1077_rv.mp4	2153
1078_fw.mp4	2154
1078_rv.mp4	2155
1079_fw.mp4	2156
1079_rv.mp4	2157
1080_fw.mp4	2158
1080_rv.mp4	2159
1081_fw.mp4	2160
1081_rv.mp4	2161
1082_fw.mp4	2162
1082_rv.mp4	2163
1083_fw.mp4	2164
1083_rv.mp4	2165
1084_fw.mp4	2166
1084_rv.mp4	2167
1085_fw.mp4	2168
1085_rv.mp4	2169
1086_fw.mp4	2170
1086_rv.mp4	2171
1087_fw.mp4	2172
1087_rv.mp4	2173
1088_fw.mp4	2174
1088_rv.mp4	2175
1089_fw.mp4	2176
1089_rv.mp4	2177
1090_fw.mp4	2178
1090_rv.mp4	2179
1091_fw.mp4	2180
1091_rv.mp4	2181
1092_fw.mp4	2182
1092_rv.mp4	2183
1093_fw.mp4	2184
1093_rv.mp4	2185
1094_fw.mp4	2186
1094_rv.mp4	2187
1095_fw.mp4	2188
1095_rv.mp4	2189
1096_fw.mp4	2190
1096_rv.mp4	2191
1097_fw.mp4	2192
1097_rv.mp4	2193
1098_fw.mp4	2194
1098_rv.mp4	2195
1099_fw.mp4	2196
1099_rv.mp4	2197
1100_fw.mp4	2198
1100_rv.mp4	2199
1101_fw.mp4	2200
1101_rv.mp4	2201
1102_fw.mp4	2202
1102_rv.mp4	2203
1103_fw.mp4	2204
1103_rv.mp4	2205
1104_fw.mp4	2206
1104_rv.mp4	2207
1105_fw.mp4	2208
1105_rv.mp4	2209
1106_fw.mp4	2210
1106_rv.mp4	2211
1107_fw.mp4	2212
1107_rv.mp4	2213
1108_fw.mp4	2214
1108_rv.mp4	2215
1109_fw.mp4	2216
1109_rv.mp4	2217
1110_fw.mp4	2218
1110_rv.mp4	2219
1111_fw.mp4	2220
1111_rv.mp4	2221
1112_fw.mp4	2222
1112_rv.mp4	2223
1113_fw.mp4	2224
1113_rv.mp4	2225
1114_fw.mp4	2226
1114_rv.mp4	2227
1115_fw.mp4	2228
1115_rv.mp4	2229
1116_fw.mp4	2230
1116_rv.mp4	2231
1117_fw.mp4	2232
1117_rv.mp4	2233
1118_fw.mp4	2234
1118_rv.mp4	2235
1119_fw.mp4	2236
1119_rv.mp4	2237
1120_fw.mp4	2238
1120_rv.mp4	2239
1121_fw.mp4	2240
1121_rv.mp4	2241
1122_fw.mp4	2242
1122_rv.mp4	2243
1123_fw.mp4	2244
1123_rv.mp4	2245
1124_fw.mp4	2246
1124_rv.mp4	2247
1125_fw.mp4	2248
1125_rv.mp4	2249
1126_fw.mp4	2250
1126_rv.mp4	2251
1127_fw.mp4	2252
1127_rv.mp4	2253
1128_fw.mp4	2254
1128_rv.mp4	2255
1129_fw.mp4	2256
1129_rv.mp4	2257
1130_fw.mp4	2258
1130_rv.mp4	2259
1131_fw.mp4	2260
1131_rv.mp4	2261
1132_fw.mp4	2262
1132_rv.mp4	2263
1133_fw.mp4	2264
1133_rv.mp4	2265
1134_fw.mp4	2266
1134_rv.mp4	2267
1135_fw.mp4	2268
1135_rv.mp4	2269
1136_fw.mp4	2270
1136_rv.mp4	2271
1137_fw.mp4	2272
1137_rv.mp4	2273
1138_fw.mp4	2274
1138_rv.mp4	2275
1139_fw.mp4	2276
1139_rv.mp4	2277
1140_fw.mp4	2278
1140_rv.mp4	2279
1141_fw.mp4	2280
1141_rv.mp4	2281
1142_fw.mp4	2282
1142_rv.mp4	2283
1143_fw.mp4	2284
1143_rv.mp4	2285
1144_fw.mp4	2286
1144_rv.mp4	2287
1145_fw.mp4	2288
1145_rv.mp4	2289
1146_fw.mp4	2290
1146_rv.mp4	2291
1147_fw.mp4	2292
1147_rv.mp4	2293
1148_fw.mp4	2294
1148_rv.mp4	2295
1149_fw.mp4	2296
1149_rv.mp4	2297
1150_fw.mp4	2298
1150_rv.mp4	2299
1151_fw.mp4	2300
1151_rv.mp4	2301
1152_fw.mp4	2302
1152_rv.mp4	2303
1153_fw.mp4	2304
1153_rv.mp4	2305
1154_fw.mp4	2306
1154_rv.mp4	2307
1155_fw.mp4	2308
1155_rv.mp4	2309
1156_fw.mp4	2310
1156_rv.mp4	2311
1157_fw.mp4	2312
1157_rv.mp4	2313
1158_fw.mp4	2314
1158_rv.mp4	2315
1159_fw.mp4	2316
1159_rv.mp4	2317
1160_fw.mp4	2318
1160_rv.mp4	2319
1161_fw.mp4	2320
1161_rv.mp4	2321
1162_fw.mp4	2322
1162_rv.mp4	2323
1163_fw.mp4	2324
1163_rv.mp4	2325
1164_fw.mp4	2326
1164_rv.mp4	2327
1165_fw.mp4	2328
1165_rv.mp4	2329
1166_fw.mp4	2330
1166_rv.mp4	2331
1167_fw.mp4	2332
1167_rv.mp4	2333
1168_fw.mp4	2334
1168_rv.mp4	2335
1169_fw.mp4	2336
1169_rv.mp4	2337
1170_fw.mp4	2338
1170_rv.mp4	2339
1171_fw.mp4	2340
1171_rv.mp4	2341
1172_fw.mp4	2342
1172_rv.mp4	2343
1173_fw.mp4	2344
1173_rv.mp4	2345
1174_fw.mp4	2346
1174_rv.mp4	2347
1175_fw.mp4	2348
1175_rv.mp4	2349
1176_fw.mp4	2350
1176_rv.mp4	2351
1177_fw.mp4	2352
1177_rv.mp4	2353
1178_fw.mp4	2354
1178_rv.mp4	2355
1179_fw.mp4	2356
1179_rv.mp4	2357
1180_fw.mp4	2358
1180_rv.mp4	2359
1181_fw.mp4	2360
1181_rv.mp4	2361
1182_fw.mp4	2362
1182_rv.mp4	2363
1183_fw.mp4	2364
1183_rv.mp4	2365
1184_fw.mp4	2366
1184_rv.mp4	2367
1185_fw.mp4	2368
1185_rv.mp4	2369
1186_fw.mp4	2370
1186_rv.mp4	2371
1187_fw.mp4	2372
1187_rv.mp4	2373
1188_fw.mp4	2374
1188_rv.mp4	2375
1189_fw.mp4	2376
1189_rv.mp4	2377
1190_fw.mp4	2378
1190_rv.mp4	2379
1191_fw.mp4	2380
1191_rv.mp4	2381
1192_fw.mp4	2382
1192_rv.mp4	2383
1193_fw.mp4	2384
1193_rv.mp4	2385
1194_fw.mp4	2386
1194_rv.mp4	2387
1195_fw.mp4	2388
1195_rv.mp4	2389
1196_fw.mp4	2390
1196_rv.mp4	2391
1197_fw.mp4	2392
1197_rv.mp4	2393
1198_fw.mp4	2394
1198_rv.mp4	2395
1199_fw.mp4	2396
1199_rv.mp4	2397
1200_fw.mp4	2398
1200_rv.mp4	2399
1201_fw.mp4	2400
1201_rv.mp4	2401
1202_fw.mp4	2402
1202_rv.mp4	2403
1203_fw.mp4	2404
1203_rv.mp4	2405
1204_fw.mp4	2406
1204_rv.mp4	2407
1205_fw.mp4	2408
1205_rv.mp4	2409
1206_fw.mp4	2410
1206_rv.mp4	2411
1207_fw.mp4	2412
1207_rv.mp4	2413
1208_fw.mp4	2414
1208_rv.mp4	2415
1209_fw.mp4	2416
1209_rv.mp4	2417
1210_fw.mp4	2418
1210_rv.mp4	2419
1211_fw.mp4	2420
1211_rv.mp4	2421
1212_fw.mp4	2422
1212_rv.mp4	2423
1213_fw.mp4	2424
1213_rv.mp4	2425
1214_fw.mp4	2426
1214_rv.mp4	2427
1215_fw.mp4	2428
1215_rv.mp4	2429
1216_fw.mp4	2430
1216_rv.mp4	2431
1217_fw.mp4	2432
1217_rv.mp4	2433
1218_fw.mp4	2434
1218_rv.mp4	2435
1219_fw.mp4	2436
1219_rv.mp4	2437
1220_fw.mp4	2438
1220_rv.mp4	2439
1221_fw.mp4	2440
1221_rv.mp4	2441
1222_fw.mp4	2442
1222_rv.mp4	2443
1223_fw.mp4	2444
1223_rv.mp4	2445
1224_fw.mp4	2446
1224_rv.mp4	2447
1225_fw.mp4	2448
1225_rv.mp4	2449
1226_fw.mp4	2450
1226_rv.mp4	2451
1227_fw.mp4	2452
1227_rv.mp4	2453
1228_fw.mp4	2454
1228_rv.mp4	2455
1229_fw.mp4	2456
1229_rv.mp4	2457
1230_fw.mp4	2458
1230_rv.mp4	2459
1231_fw.mp4	2460
1231_rv.mp4	2461
1232_fw.mp4	2462
1232_rv.mp4	2463
1233_fw.mp4	2464
1233_rv.mp4	2465
1234_fw.mp4	2466
1234_rv.mp4	2467
1235_fw.mp4	2468
1235_rv.mp4	2469
1236_fw.mp4	2470
1236_rv.mp4	2471
1237_fw.mp4	2472
1237_rv.mp4	2473
1238_fw.mp4	2474
1238_rv.mp4	2475
1239_fw.mp4	2476
1239_rv.mp4	2477
1240_fw.mp4	2478
1240_rv.mp4	2479
1241_fw.mp4	2480
1241_rv.mp4	2481
1242_fw.mp4	2482
1242_rv.mp4	2483
1243_fw.mp4	2484
1243_rv.mp4	2485
1244_fw.mp4	2486
1244_rv.mp4	2487
1245_fw.mp4	2488
1245_rv.mp4	2489
1246_fw.mp4	2490
1246_rv.mp4	2491
1247_fw.mp4	2492
1247_rv.mp4	2493
1248_fw.mp4	2494
1248_rv.mp4	2495
1249_fw.mp4	2496
1249_rv.mp4	2497
1250_fw.mp4	2498
1250_rv.mp4	2499
1251_fw.mp4	2500
1251_rv.mp4	2501
1252_fw.mp4	2502
1252_rv.mp4	2503
1253_fw.mp4	2504
1253_rv.mp4	2505
1254_fw.mp4	2506
1254_rv.mp4	2507
1255_fw.mp4	2508
1255_rv.mp4	2509
1256_fw.mp4	2510
1256_rv.mp4	2511
1257_fw.mp4	2512
1257_rv.mp4	2513
1258_fw.mp4	2514
1258_rv.mp4	2515
1259_fw.mp4	2516
1259_rv.mp4	2517
1260_fw.mp4	2518
1260_rv.mp4	2519
1261_fw.mp4	2520
1261_rv.mp4	2521
1262_fw.mp4	2522
1262_rv.mp4	2523
1263_fw.mp4	2524
1263_rv.mp4	2525
1264_fw.mp4	2526
1264_rv.mp4	2527
1265_fw.mp4	2528
1265_rv.mp4	2529
1266_fw.mp4	2530
1266_rv.mp4	2531
1267_fw.mp4	2532
1267_rv.mp4	2533
1268_fw.mp4	2534
1268_rv.mp4	2535
1269_fw.mp4	2536
1269_rv.mp4	2537
1270_fw.mp4	2538
1270_rv.mp4	2539
1271_fw.mp4	2540
1271_rv.mp4	2541
1272_fw.mp4	2542
1272_rv.mp4	2543
1273_fw.mp4	2544
1273_rv.mp4	2545
1274_fw.mp4	2546
1274_rv.mp4	2547
1275_fw.mp4	2548
1275_rv.mp4	2549
1276_fw.mp4	2550
1276_rv.mp4	2551
1277_fw.mp4	2552
1277_rv.mp4	2553
1278_fw.mp4	2554
1278_rv.mp4	2555
1279_fw.mp4	2556
1279_rv.mp4	2557
1280_fw.mp4	2558
1280_rv.mp4	2559
1281_fw.mp4	2560
1281_rv.mp4	2561
1282_fw.mp4	2562
1282_rv.mp4	2563
1283_fw.mp4	2564
1283_rv.mp4	2565
1284_fw.mp4	2566
1284_rv.mp4	2567
1285_fw.mp4	2568
1285_rv.mp4	2569
1286_fw.mp4	2570
1286_rv.mp4	2571
1287_fw.mp4	2572
1287_rv.mp4	2573
1288_fw.mp4	2574
1288_rv.mp4	2575
1289_fw.mp4	2576
1289_rv.mp4	2577
1290_fw.mp4	2578
1290_rv.mp4	2579
1291_fw.mp4	2580
1291_rv.mp4	2581
1292_fw.mp4	2582
1292_rv.mp4	2583
1293_fw.mp4	2584
1293_rv.mp4	2585
1294_fw.mp4	2586
1294_rv.mp4	2587
1295_fw.mp4	2588
1295_rv.mp4	2589
1296_fw.mp4	2590
1296_rv.mp4	2591
1297_fw.mp4	2592
1297_rv.mp4	2593
1298_fw.mp4	2594
1298_rv.mp4	2595
1299_fw.mp4	2596
1299_rv.mp4	2597
1300_fw.mp4	2598
1300_rv.mp4	2599
1301_fw.mp4	2600
1301_rv.mp4	2601
1302_fw.mp4	2602
1302_rv.mp4	2603
1303_fw.mp4	2604
1303_rv.mp4	2605
1304_fw.mp4	2606
1304_rv.mp4	2607
1305_fw.mp4	2608
1305_rv.mp4	2609
1306_fw.mp4	2610
1306_rv.mp4	2611
1307_fw.mp4	2612
1307_rv.mp4	2613
1308_fw.mp4	2614
1308_rv.mp4	2615
1309_fw.mp4	2616
1309_rv.mp4	2617
1310_fw.mp4	2618
1310_rv.mp4	2619
1311_fw.mp4	2620
1311_rv.mp4	2621
1312_fw.mp4	2622
1312_rv.mp4	2623
1313_fw.mp4	2624
1313_rv.mp4	2625
1314_fw.mp4	2626
1314_rv.mp4	2627
1315_fw.mp4	2628
1315_rv.mp4	2629
1316_fw.mp4	2630
1316_rv.mp4	2631
1317_fw.mp4	2632
1317_rv.mp4	2633
1318_fw.mp4	2634
1318_rv.mp4	2635
1319_fw.mp4	2636
1319_rv.mp4	2637
1320_fw.mp4	2638
1320_rv.mp4	2639
1321_fw.mp4	2640
1321_rv.mp4	2641
1322_fw.mp4	2642
1322_rv.mp4	2643
1323_fw.mp4	2644
1323_rv.mp4	2645
1324_fw.mp4	2646
1324_rv.mp4	2647
1325_fw.mp4	2648
1325_rv.mp4	2649
1326_fw.mp4	2650
1326_rv.mp4	2651
1327_fw.mp4	2652
1327_rv.mp4	2653
1328_fw.mp4	2654
1328_rv.mp4	2655
1329_fw.mp4	2656
1329_rv.mp4	2657
1330_fw.mp4	2658
1330_rv.mp4	2659
1331_fw.mp4	2660
1331_rv.mp4	2661
1332_fw.mp4	2662
1332_rv.mp4	2663
1333_fw.mp4	2664
1333_rv.mp4	2665
1334_fw.mp4	2666
1334_rv.mp4	2667
1335_fw.mp4	2668
1335_rv.mp4	2669
1336_fw.mp4	2670
1336_rv.mp4	2671
1337_fw.mp4	2672
1337_rv.mp4	2673
1338_fw.mp4	2674
1338_rv.mp4	2675
1339_fw.mp4	2676
1339_rv.mp4	2677
1340_fw.mp4	2678
1340_rv.mp4	2679
1341_fw.mp4	2680
1341_rv.mp4	2681
1342_fw.mp4	2682
1342_rv.mp4	2683
1343_fw.mp4	2684
1343_rv.mp4	2685
1344_fw.mp4	2686
1344_rv.mp4	2687
1345_fw.mp4	2688
1345_rv.mp4	2689
1346_fw.mp4	2690
1346_rv.mp4	2691
1347_fw.mp4	2692
1347_rv.mp4	2693
1348_fw.mp4	2694
1348_rv.mp4	2695
1349_fw.mp4	2696
1349_rv.mp4	2697
1350_fw.mp4	2698
1350_rv.mp4	2699
1351_fw.mp4	2700
1351_rv.mp4	2701
1352_fw.mp4	2702
1352_rv.mp4	2703
1353_fw.mp4	2704
1353_rv.mp4	2705
1354_fw.mp4	2706
1354_rv.mp4	2707
1355_fw.mp4	2708
1355_rv.mp4	2709
1356_fw.mp4	2710
1356_rv.mp4	2711
1357_fw.mp4	2712
1357_rv.mp4	2713
1358_fw.mp4	2714
1358_rv.mp4	2715
1359_fw.mp4	2716
1359_rv.mp4	2717
1360_fw.mp4	2718
1360_rv.mp4	2719
1361_fw.mp4	2720
1361_rv.mp4	2721
1362_fw.mp4	2722
1362_rv.mp4	2723
1363_fw.mp4	2724
1363_rv.mp4	2725
1364_fw.mp4	2726
1364_rv.mp4	2727
1365_fw.mp4	2728
1365_rv.mp4	2729
1366_fw.mp4	2730
1366_rv.mp4	2731
1367_fw.mp4	2732
1367_rv.mp4	2733
1368_fw.mp4	2734
1368_rv.mp4	2735
1369_fw.mp4	2736
1369_rv.mp4	2737
1370_fw.mp4	2738
1370_rv.mp4	2739
1371_fw.mp4	2740
1371_rv.mp4	2741
1372_fw.mp4	2742
1372_rv.mp4	2743
1373_fw.mp4	2744
1373_rv.mp4	2745
1374_fw.mp4	2746
1374_rv.mp4	2747
1375_fw.mp4	2748
1375_rv.mp4	2749
1376_fw.mp4	2750
1376_rv.mp4	2751
1377_fw.mp4	2752
1377_rv.mp4	2753
1378_fw.mp4	2754
1378_rv.mp4	2755
1379_fw.mp4	2756
1379_rv.mp4	2757
1380_fw.mp4	2758
1380_rv.mp4	2759
1381_fw.mp4	2760
1381_rv.mp4	2761
1382_fw.mp4	2762
1382_rv.mp4	2763
1383_fw.mp4	2764
1383_rv.mp4	2765
1384_fw.mp4	2766
1384_rv.mp4	2767
1385_fw.mp4	2768
1385_rv.mp4	2769
1386_fw.mp4	2770
1386_rv.mp4	2771
1387_fw.mp4	2772
1387_rv.mp4	2773
1388_fw.mp4	2774
1388_rv.mp4	2775
1389_fw.mp4	2776
1389_rv.mp4	2777
1390_fw.mp4	2778
1390_rv.mp4	2779
1391_fw.mp4	2780
1391_rv.mp4	2781
1392_fw.mp4	2782
1392_rv.mp4	2783
1393_fw.mp4	2784
1393_rv.mp4	2785
1394_fw.mp4	2786
1394_rv.mp4	2787
1395_fw.mp4	2788
1395_rv.mp4	2789
1396_fw.mp4	2790
1396_rv.mp4	2791
1397_fw.mp4	2792
1397_rv.mp4	2793
1398_fw.mp4	2794
1398_rv.mp4	2795
1399_fw.mp4	2796
1399_rv.mp4	2797
1400_fw.mp4	2798
1400_rv.mp4	2799
1401_fw.mp4	2800
1401_rv.mp4	2801
1402_fw.mp4	2802
1402_rv.mp4	2803
1403_fw.mp4	2804
1403_rv.mp4	2805
1404_fw.mp4	2806
1404_rv.mp4	2807
1405_fw.mp4	2808
1405_rv.mp4	2809
1406_fw.mp4	2810
1406_rv.mp4	2811
1407_fw.mp4	2812
1407_rv.mp4	2813
1408_fw.mp4	2814
1408_rv.mp4	2815
1409_fw.mp4	2816
1409_rv.mp4	2817
1410_fw.mp4	2818
1410_rv.mp4	2819
1411_fw.mp4	2820
1411_rv.mp4	2821
1412_fw.mp4	2822
1412_rv.mp4	2823
1413_fw.mp4	2824
1413_rv.mp4	2825
1414_fw.mp4	2826
1414_rv.mp4	2827
1415_fw.mp4	2828
1415_rv.mp4	2829
1416_fw.mp4	2830
1416_rv.mp4	2831
1417_fw.mp4	2832
1417_rv.mp4	2833
1418_fw.mp4	2834
1418_rv.mp4	2835
1419_fw.mp4	2836
1419_rv.mp4	2837
1420_fw.mp4	2838
1420_rv.mp4	2839
1421_fw.mp4	2840
1421_rv.mp4	2841
1422_fw.mp4	2842
1422_rv.mp4	2843
1423_fw.mp4	2844
1423_rv.mp4	2845
1424_fw.mp4	2846
1424_rv.mp4	2847
1425_fw.mp4	2848
1425_rv.mp4	2849
1426_fw.mp4	2850
1426_rv.mp4	2851
1427_fw.mp4	2852
1427_rv.mp4	2853
1428_fw.mp4	2854
1428_rv.mp4	2855
1429_fw.mp4	2856
1429_rv.mp4	2857
1430_fw.mp4	2858
1430_rv.mp4	2859
1431_fw.mp4	2860
1431_rv.mp4	2861
1432_fw.mp4	2862
1432_rv.mp4	2863
1433_fw.mp4	2864
1433_rv.mp4	2865
1434_fw.mp4	2866
1434_rv.mp4	2867
1435_fw.mp4	2868
1435_rv.mp4	2869
1436_fw.mp4	2870
1436_rv.mp4	2871
1437_fw.mp4	2872
1437_rv.mp4	2873
1438_fw.mp4	2874
1438_rv.mp4	2875
1439_fw.mp4	2876
1439_rv.mp4	2877
1440_fw.mp4	2878
1440_rv.mp4	2879
1441_fw.mp4	2880
1441_rv.mp4	2881
1442_fw.mp4	2882
1442_rv.mp4	2883
1443_fw.mp4	2884
1443_rv.mp4	2885
1444_fw.mp4	2886
1444_rv.mp4	2887
1445_fw.mp4	2888
1445_rv.mp4	2889
1446_fw.mp4	2890
1446_rv.mp4	2891
1447_fw.mp4	2892
1447_rv.mp4	2893
1448_fw.mp4	2894
1448_rv.mp4	2895
1449_fw.mp4	2896
1449_rv.mp4	2897
1450_fw.mp4	2898
1450_rv.mp4	2899
1451_fw.mp4	2900
1451_rv.mp4	2901
1452_fw.mp4	2902
1452_rv.mp4	2903
1453_fw.mp4	2904
1453_rv.mp4	2905
1454_fw.mp4	2906
1454_rv.mp4	2907
1455_fw.mp4	2908
1455_rv.mp4	2909
1456_fw.mp4	2910
1456_rv.mp4	2911
1457_fw.mp4	2912
1457_rv.mp4	2913
1458_fw.mp4	2914
1458_rv.mp4	2915
1459_fw.mp4	2916
1459_rv.mp4	2917
1460_fw.mp4	2918
1460_rv.mp4	2919
1461_fw.mp4	2920
1461_rv.mp4	2921
1462_fw.mp4	2922
1462_rv.mp4	2923
1463_fw.mp4	2924
1463_rv.mp4	2925
1464_fw.mp4	2926
1464_rv.mp4	2927
1465_fw.mp4	2928
1465_rv.mp4	2929
1466_fw.mp4	2930
1466_rv.mp4	2931
1467_fw.mp4	2932
1467_rv.mp4	2933
1468_fw.mp4	2934
1468_rv.mp4	2935
1469_fw.mp4	2936
1469_rv.mp4	2937
1470_fw.mp4	2938
1470_rv.mp4	2939
1471_fw.mp4	2940
1471_rv.mp4	2941
1472_fw.mp4	2942
1472_rv.mp4	2943
1473_fw.mp4	2944
1473_rv.mp4	2945
1474_fw.mp4	2946
1474_rv.mp4	2947
1475_fw.mp4	2948
1475_rv.mp4	2949
1476_fw.mp4	2950
1476_rv.mp4	2951
1477_fw.mp4	2952
1477_rv.mp4	2953
1478_fw.mp4	2954
1478_rv.mp4	2955
1479_fw.mp4	2956
1479_rv.mp4	2957
1480_fw.mp4	2958
1480_rv.mp4	2959
1481_fw.mp4	2960
1481_rv.mp4	2961
1482_fw.mp4	2962
1482_rv.mp4	2963
1483_fw.mp4	2964
1483_rv.mp4	2965
1484_fw.mp4	2966
1484_rv.mp4	2967
1485_fw.mp4	2968
1485_rv.mp4	2969
1486_fw.mp4	2970
1486_rv.mp4	2971
1487_fw.mp4	2972
1487_rv.mp4	2973
1488_fw.mp4	2974
1488_rv.mp4	2975
1489_fw.mp4	2976
1489_rv.mp4	2977
1490_fw.mp4	2978
1490_rv.mp4	2979
1491_fw.mp4	2980
1491_rv.mp4	2981
1492_fw.mp4	2982
1492_rv.mp4	2983
1493_fw.mp4	2984
1493_rv.mp4	2985
1494_fw.mp4	2986
1494_rv.mp4	2987
1495_fw.mp4	2988
1495_rv.mp4	2989
1496_fw.mp4	2990
1496_rv.mp4	2991
1497_fw.mp4	2992
1497_rv.mp4	2993
1498_fw.mp4	2994
1498_rv.mp4	2995
1499_fw.mp4	2996
1499_rv.mp4	2997
1500_fw.mp4	2998
1500_rv.mp4	2999
1501_fw.mp4	3000
1501_rv.mp4	3001
1502_fw.mp4	3002
1502_rv.mp4	3003
1503_fw.mp4	3004
1503_rv.mp4	3005
1504_fw.mp4	3006
1504_rv.mp4	3007
1505_fw.mp4	3008
1505_rv.mp4	3009
1506_fw.mp4	3010
1506_rv.mp4	3011
1507_fw.mp4	3012
1507_rv.mp4	3013
1508_fw.mp4	3014
1508_rv.mp4	3015
1509_fw.mp4	3016
1509_rv.mp4	3017
1510_fw.mp4	3018
1510_rv.mp4	3019
1511_fw.mp4	3020
1511_rv.mp4	3021
1512_fw.mp4	3022
1512_rv.mp4	3023
1513_fw.mp4	3024
1513_rv.mp4	3025
1514_fw.mp4	3026
1514_rv.mp4	3027
1515_fw.mp4	3028
1515_rv.mp4	3029
1516_fw.mp4	3030
1516_rv.mp4	3031
1517_fw.mp4	3032
1517_rv.mp4	3033
1518_fw.mp4	3034
1518_rv.mp4	3035
1519_fw.mp4	3036
1519_rv.mp4	3037
1520_fw.mp4	3038
1520_rv.mp4	3039
1521_fw.mp4	3040
1521_rv.mp4	3041
1522_fw.mp4	3042
1522_rv.mp4	3043
1523_fw.mp4	3044
1523_rv.mp4	3045
1524_fw.mp4	3046
1524_rv.mp4	3047
1525_fw.mp4	3048
1525_rv.mp4	3049
1526_fw.mp4	3050
1526_rv.mp4	3051
1527_fw.mp4	3052
1527_rv.mp4	3053
1528_fw.mp4	3054
1528_rv.mp4	3055
1529_fw.mp4	3056
1529_rv.mp4	3057
1530_fw.mp4	3058
1530_rv.mp4	3059
1531_fw.mp4	3060
1531_rv.mp4	3061
1532_fw.mp4	3062
1532_rv.mp4	3063
1533_fw.mp4	3064
1533_rv.mp4	3065
1534_fw.mp4	3066
1534_rv.mp4	3067
1535_fw.mp4	3068
1535_rv.mp4	3069
1536_fw.mp4	3070
1536_rv.mp4	3071
1537_fw.mp4	3072
1537_rv.mp4	3073
1538_fw.mp4	3074
1538_rv.mp4	3075
1539_fw.mp4	3076
1539_rv.mp4	3077
1540_fw.mp4	3078
1540_rv.mp4	3079
1541_fw.mp4	3080
1541_rv.mp4	3081
1542_fw.mp4	3082
1542_rv.mp4	3083
1543_fw.mp4	3084
1543_rv.mp4	3085
1544_fw.mp4	3086
1544_rv.mp4	3087
1545_fw.mp4	3088
1545_rv.mp4	3089
1546_fw.mp4	3090
1546_rv.mp4	3091
1547_fw.mp4	3092
1547_rv.mp4	3093
1548_fw.mp4	3094
1548_rv.mp4	3095
1549_fw.mp4	3096
1549_rv.mp4	3097
1550_fw.mp4	3098
1550_rv.mp4	3099
1551_fw.mp4	3100
1551_rv.mp4	3101
1552_fw.mp4	3102
1552_rv.mp4	3103
1553_fw.mp4	3104
1553_rv.mp4	3105
1554_fw.mp4	3106
1554_rv.mp4	3107
1555_fw.mp4	3108
1555_rv.mp4	3109
1556_fw.mp4	3110
1556_rv.mp4	3111
1557_fw.mp4	3112
1557_rv.mp4	3113
1558_fw.mp4	3114
1558_rv.mp4	3115
1559_fw.mp4	3116
1559_rv.mp4	3117
1560_fw.mp4	3118
1560_rv.mp4	3119
1561_fw.mp4	3120
1561_rv.mp4	3121
1562_fw.mp4	3122
1562_rv.mp4	3123
1563_fw.mp4	3124
1563_rv.mp4	3125
1564_fw.mp4	3126
1564_rv.mp4	3127
1565_fw.mp4	3128
1565_rv.mp4	3129
1566_fw.mp4	3130
1566_rv.mp4	3131
1567_fw.mp4	3132
1567_rv.mp4	3133
1568_fw.mp4	3134
1568_rv.mp4	3135
1569_fw.mp4	3136
1569_rv.mp4	3137
1570_fw.mp4	3138
1570_rv.mp4	3139
1571_fw.mp4	3140
1571_rv.mp4	3141
1572_fw.mp4	3142
1572_rv.mp4	3143
1573_fw.mp4	3144
1573_rv.mp4	3145
1574_fw.mp4	3146
1574_rv.mp4	3147
1575_fw.mp4	3148
1575_rv.mp4	3149
1576_fw.mp4	3150
1576_rv.mp4	3151
1577_fw.mp4	3152
1577_rv.mp4	3153
1578_fw.mp4	3154
1578_rv.mp4	3155
1579_fw.mp4	3156
1579_rv.mp4	3157
1580_fw.mp4	3158
1580_rv.mp4	3159
1581_fw.mp4	3160
1581_rv.mp4	3161
1582_fw.mp4	3162
1582_rv.mp4	3163
1583_fw.mp4	3164
1583_rv.mp4	3165
1584_fw.mp4	3166
1584_rv.mp4	3167
1585_fw.mp4	3168
1585_rv.mp4	3169
1586_fw.mp4	3170
1586_rv.mp4	3171
1587_fw.mp4	3172
1587_rv.mp4	3173
1588_fw.mp4	3174
1588_rv.mp4	3175
1589_fw.mp4	3176
1589_rv.mp4	3177
1590_fw.mp4	3178
1590_rv.mp4	3179
1591_fw.mp4	3180
1591_rv.mp4	3181
1592_fw.mp4	3182
1592_rv.mp4	3183
1593_fw.mp4	3184
1593_rv.mp4	3185
1594_fw.mp4	3186
1594_rv.mp4	3187
1595_fw.mp4	3188
1595_rv.mp4	3189
1596_fw.mp4	3190
1596_rv.mp4	3191
1597_fw.mp4	3192
1597_rv.mp4	3193
1598_fw.mp4	3194
1598_rv.mp4	3195
1599_fw.mp4	3196
1599_rv.mp4	3197
1600_fw.mp4	3198
1600_rv.mp4	3199
1601_fw.mp4	3200
1601_rv.mp4	3201
1602_fw.mp4	3202
1602_rv.mp4	3203
1603_fw.mp4	3204
1603_rv.mp4	3205
1604_fw.mp4	3206
1604_rv.mp4	3207
1605_fw.mp4	3208
1605_rv.mp4	3209
1606_fw.mp4	3210
1606_rv.mp4	3211
1607_fw.mp4	3212
1607_rv.mp4	3213
1608_fw.mp4	3214
1608_rv.mp4	3215
1609_fw.mp4	3216
1609_rv.mp4	3217
1610_fw.mp4	3218
1610_rv.mp4	3219
1611_fw.mp4	3220
1611_rv.mp4	3221
1612_fw.mp4	3222
1612_rv.mp4	3223
1613_fw.mp4	3224
1613_rv.mp4	3225
1614_fw.mp4	3226
1614_rv.mp4	3227
1615_fw.mp4	3228
1615_rv.mp4	3229
1616_fw.mp4	3230
1616_rv.mp4	3231
1617_fw.mp4	3232
1617_rv.mp4	3233
1618_fw.mp4	3234
1618_rv.mp4	3235
1619_fw.mp4	3236
1619_rv.mp4	3237
1620_fw.mp4	3238
1620_rv.mp4	3239
1621_fw.mp4	3240
1621_rv.mp4	3241
1622_fw.mp4	3242
1622_rv.mp4	3243
1623_fw.mp4	3244
1623_rv.mp4	3245
1624_fw.mp4	3246
1624_rv.mp4	3247
1625_fw.mp4	3248
1625_rv.mp4	3249
1626_fw.mp4	3250
1626_rv.mp4	3251
1627_fw.mp4	3252
1627_rv.mp4	3253
1628_fw.mp4	3254
1628_rv.mp4	3255
1629_fw.mp4	3256
1629_rv.mp4	3257
1630_fw.mp4	3258
1630_rv.mp4	3259
1631_fw.mp4	3260
1631_rv.mp4	3261
1632_fw.mp4	3262
1632_rv.mp4	3263
1633_fw.mp4	3264
1633_rv.mp4	3265
1634_fw.mp4	3266
1634_rv.mp4	3267
1635_fw.mp4	3268
1635_rv.mp4	3269
1636_fw.mp4	3270
1636_rv.mp4	3271
1637_fw.mp4	3272
1637_rv.mp4	3273
1638_fw.mp4	3274
1638_rv.mp4	3275
1639_fw.mp4	3276
1639_rv.mp4	3277
1640_fw.mp4	3278
1640_rv.mp4	3279
1641_fw.mp4	3280
1641_rv.mp4	3281
1642_fw.mp4	3282
1642_rv.mp4	3283
1643_fw.mp4	3284
1643_rv.mp4	3285
1644_fw.mp4	3286
1644_rv.mp4	3287
1645_fw.mp4	3288
1645_rv.mp4	3289
1646_fw.mp4	3290
1646_rv.mp4	3291
1647_fw.mp4	3292
1647_rv.mp4	3293
1648_fw.mp4	3294
1648_rv.mp4	3295
1649_fw.mp4	3296
1649_rv.mp4	3297
1650_fw.mp4	3298
1650_rv.mp4	3299
1651_fw.mp4	3300
1651_rv.mp4	3301
1652_fw.mp4	3302
1652_rv.mp4	3303
1653_fw.mp4	3304
1653_rv.mp4	3305
1654_fw.mp4	3306
1654_rv.mp4	3307
1655_fw.mp4	3308
1655_rv.mp4	3309
1656_fw.mp4	3310
1656_rv.mp4	3311
1657_fw.mp4	3312
1657_rv.mp4	3313
1658_fw.mp4	3314
1658_rv.mp4	3315
1659_fw.mp4	3316
1659_rv.mp4	3317
1660_fw.mp4	3318
1660_rv.mp4	3319
1661_fw.mp4	3320
1661_rv.mp4	3321
1662_fw.mp4	3322
1662_rv.mp4	3323
1663_fw.mp4	3324
1663_rv.mp4	3325
1664_fw.mp4	3326
1664_rv.mp4	3327
1665_fw.mp4	3328
1665_rv.mp4	3329
1666_fw.mp4	3330
1666_rv.mp4	3331
1667_fw.mp4	3332
1667_rv.mp4	3333
1668_fw.mp4	3334
1668_rv.mp4	3335
1669_fw.mp4	3336
1669_rv.mp4	3337
1670_fw.mp4	3338
1670_rv.mp4	3339
1671_fw.mp4	3340
1671_rv.mp4	3341
1672_fw.mp4	3342
1672_rv.mp4	3343
1673_fw.mp4	3344
1673_rv.mp4	3345
1674_fw.mp4	3346
1674_rv.mp4	3347
1675_fw.mp4	3348
1675_rv.mp4	3349
1676_fw.mp4	3350
1676_rv.mp4	3351
1677_fw.mp4	3352
1677_rv.mp4	3353
1678_fw.mp4	3354
1678_rv.mp4	3355
1679_fw.mp4	3356
1679_rv.mp4	3357
1680_fw.mp4	3358
1680_rv.mp4	3359
1681_fw.mp4	3360
1681_rv.mp4	3361
1682_fw.mp4	3362
1682_rv.mp4	3363
1683_fw.mp4	3364
1683_rv.mp4	3365
1684_fw.mp4	3366
1684_rv.mp4	3367
1685_fw.mp4	3368
1685_rv.mp4	3369
1686_fw.mp4	3370
1686_rv.mp4	3371
1687_fw.mp4	3372
1687_rv.mp4	3373
1688_fw.mp4	3374
1688_rv.mp4	3375
1689_fw.mp4	3376
1689_rv.mp4	3377
1690_fw.mp4	3378
1690_rv.mp4	3379
1691_fw.mp4	3380
1691_rv.mp4	3381
1692_fw.mp4	3382
1692_rv.mp4	3383
1693_fw.mp4	3384
1693_rv.mp4	3385
1694_fw.mp4	3386
1694_rv.mp4	3387
1695_fw.mp4	3388
1695_rv.mp4	3389
1696_fw.mp4	3390
1696_rv.mp4	3391
1697_fw.mp4	3392
1697_rv.mp4	3393
1698_fw.mp4	3394
1698_rv.mp4	3395
1699_fw.mp4	3396
1699_rv.mp4	3397
1700_fw.mp4	3398
1700_rv.mp4	3399
1701_fw.mp4	3400
1701_rv.mp4	3401
1702_fw.mp4	3402
1702_rv.mp4	3403
1703_fw.mp4	3404
1703_rv.mp4	3405
1704_fw.mp4	3406
1704_rv.mp4	3407
1705_fw.mp4	3408
1705_rv.mp4	3409
1706_fw.mp4	3410
1706_rv.mp4	3411
1707_fw.mp4	3412
1707_rv.mp4	3413
1708_fw.mp4	3414
1708_rv.mp4	3415
1709_fw.mp4	3416
1709_rv.mp4	3417
1710_fw.mp4	3418
1710_rv.mp4	3419
1711_fw.mp4	3420
1711_rv.mp4	3421
1712_fw.mp4	3422
1712_rv.mp4	3423
1713_fw.mp4	3424
1713_rv.mp4	3425
1714_fw.mp4	3426
1714_rv.mp4	3427
1715_fw.mp4	3428
1715_rv.mp4	3429
1716_fw.mp4	3430
1716_rv.mp4	3431
1717_fw.mp4	3432
1717_rv.mp4	3433
1718_fw.mp4	3434
1718_rv.mp4	3435
1719_fw.mp4	3436
1719_rv.mp4	3437
1720_fw.mp4	3438
1720_rv.mp4	3439
1721_fw.mp4	3440
1721_rv.mp4	3441
1722_fw.mp4	3442
1722_rv.mp4	3443
1723_fw.mp4	3444
1723_rv.mp4	3445
1724_fw.mp4	3446
1724_rv.mp4	3447
1725_fw.mp4	3448
1725_rv.mp4	3449
1726_fw.mp4	3450
1726_rv.mp4	3451
1727_fw.mp4	3452
1727_rv.mp4	3453
1728_fw.mp4	3454
1728_rv.mp4	3455
1729_fw.mp4	3456
1729_rv.mp4	3457
1730_fw.mp4	3458
1730_rv.mp4	3459
1731_fw.mp4	3460
1731_rv.mp4	3461
1732_fw.mp4	3462
1732_rv.mp4	3463
1733_fw.mp4	3464
1733_rv.mp4	3465
1734_fw.mp4	3466
1734_rv.mp4	3467
1735_fw.mp4	3468
1735_rv.mp4	3469
1736_fw.mp4	3470
1736_rv.mp4	3471
1737_fw.mp4	3472
1737_rv.mp4	3473
1738_fw.mp4	3474
1738_rv.mp4	3475
1739_fw.mp4	3476
1739_rv.mp4	3477
1740_fw.mp4	3478
1740_rv.mp4	3479
1741_fw.mp4	3480
1741_rv.mp4	3481
1742_fw.mp4	3482
1742_rv.mp4	3483
1743_fw.mp4	3484
1743_rv.mp4	3485
1744_fw.mp4	3486
1744_rv.mp4	3487
1745_fw.mp4	3488
1745_rv.mp4	3489
1746_fw.mp4	3490
1746_rv.mp4	3491
1747_fw.mp4	3492
1747_rv.mp4	3493
1748_fw.mp4	3494
1748_rv.mp4	3495
1749_fw.mp4	3496
1749_rv.mp4	3497
1750_fw.mp4	3498
1750_rv.mp4	3499
1751_fw.mp4	3500
1751_rv.mp4	3501
1752_fw.mp4	3502
1752_rv.mp4	3503
1753_fw.mp4	3504
1753_rv.mp4	3505
1754_fw.mp4	3506
1754_rv.mp4	3507
1755_fw.mp4	3508
1755_rv.mp4	3509
1756_fw.mp4	3510
1756_rv.mp4	3511
1757_fw.mp4	3512
1757_rv.mp4	3513
1758_fw.mp4	3514
1758_rv.mp4	3515
1759_fw.mp4	3516
1759_rv.mp4	3517
1760_fw.mp4	3518
1760_rv.mp4	3519
1761_fw.mp4	3520
1761_rv.mp4	3521
1762_fw.mp4	3522
1762_rv.mp4	3523
1763_fw.mp4	3524
1763_rv.mp4	3525
1764_fw.mp4	3526
1764_rv.mp4	3527
1765_fw.mp4	3528
1765_rv.mp4	3529
1766_fw.mp4	3530
1766_rv.mp4	3531
1767_fw.mp4	3532
1767_rv.mp4	3533
1768_fw.mp4	3534
1768_rv.mp4	3535
1769_fw.mp4	3536
1769_rv.mp4	3537
1770_fw.mp4	3538
1770_rv.mp4	3539
1771_fw.mp4	3540
1771_rv.mp4	3541
1772_fw.mp4	3542
1772_rv.mp4	3543
1773_fw.mp4	3544
1773_rv.mp4	3545
1774_fw.mp4	3546
1774_rv.mp4	3547
1775_fw.mp4	3548
1775_rv.mp4	3549
1776_fw.mp4	3550
1776_rv.mp4	3551
1777_fw.mp4	3552
1777_rv.mp4	3553
1778_fw.mp4	3554
1778_rv.mp4	3555
1779_fw.mp4	3556
1779_rv.mp4	3557
1780_fw.mp4	3558
1780_rv.mp4	3559
1781_fw.mp4	3560
1781_rv.mp4	3561
1782_fw.mp4	3562
1782_rv.mp4	3563
1783_fw.mp4	3564
1783_rv.mp4	3565
1784_fw.mp4	3566
1784_rv.mp4	3567
1785_fw.mp4	3568
1785_rv.mp4	3569
1786_fw.mp4	3570
1786_rv.mp4	3571
1787_fw.mp4	3572
1787_rv.mp4	3573
1788_fw.mp4	3574
1788_rv.mp4	3575
1789_fw.mp4	3576
1789_rv.mp4	3577
1790_fw.mp4	3578
1790_rv.mp4	3579
1791_fw.mp4	3580
1791_rv.mp4	3581
1792_fw.mp4	3582
1792_rv.mp4	3583
1793_fw.mp4	3584
1793_rv.mp4	3585
1794_fw.mp4	3586
1794_rv.mp4	3587
1795_fw.mp4	3588
1795_rv.mp4	3589
1796_fw.mp4	3590
1796_rv.mp4	3591
1797_fw.mp4	3592
1797_rv.mp4	3593
1798_fw.mp4	3594
1798_rv.mp4	3595
1799_fw.mp4	3596
1799_rv.mp4	3597
1800_fw.mp4	3598
1800_rv.mp4	3599
1801_fw.mp4	3600
1801_rv.mp4	3601
1802_fw.mp4	3602
1802_rv.mp4	3603
1803_fw.mp4	3604
1803_rv.mp4	3605
1804_fw.mp4	3606
1804_rv.mp4	3607
1805_fw.mp4	3608
1805_rv.mp4	3609
1806_fw.mp4	3610
1806_rv.mp4	3611
1807_fw.mp4	3612
1807_rv.mp4	3613
1808_fw.mp4	3614
1808_rv.mp4	3615
1809_fw.mp4	3616
1809_rv.mp4	3617
1810_fw.mp4	3618
1810_rv.mp4	3619
1811_fw.mp4	3620
1811_rv.mp4	3621
1812_fw.mp4	3622
1812_rv.mp4	3623
1813_fw.mp4	3624
1813_rv.mp4	3625
1814_fw.mp4	3626
1814_rv.mp4	3627
1815_fw.mp4	3628
1815_rv.mp4	3629
1816_fw.mp4	3630
1816_rv.mp4	3631
1817_fw.mp4	3632
1817_rv.mp4	3633
1818_fw.mp4	3634
1818_rv.mp4	3635
1819_fw.mp4	3636
1819_rv.mp4	3637
1820_fw.mp4	3638
1820_rv.mp4	3639
1821_fw.mp4	3640
1821_rv.mp4	3641
1822_fw.mp4	3642
1822_rv.mp4	3643
1823_fw.mp4	3644
1823_rv.mp4	3645
1824_fw.mp4	3646
1824_rv.mp4	3647
1825_fw.mp4	3648
1825_rv.mp4	3649
1826_fw.mp4	3650
1826_rv.mp4	3651
1827_fw.mp4	3652
1827_rv.mp4	3653
1828_fw.mp4	3654
1828_rv.mp4	3655
1829_fw.mp4	3656
1829_rv.mp4	3657
1830_fw.mp4	3658
1830_rv.mp4	3659
1831_fw.mp4	3660
1831_rv.mp4	3661
1832_fw.mp4	3662
1832_rv.mp4	3663
1833_fw.mp4	3664
1833_rv.mp4	3665
1834_fw.mp4	3666
1834_rv.mp4	3667
1835_fw.mp4	3668
1835_rv.mp4	3669
1836_fw.mp4	3670
1836_rv.mp4	3671
1837_fw.mp4	3672
1837_rv.mp4	3673
1838_fw.mp4	3674
1838_rv.mp4	3675
1839_fw.mp4	3676
1839_rv.mp4	3677
1840_fw.mp4	3678
1840_rv.mp4	3679
1841_fw.mp4	3680
1841_rv.mp4	3681
1842_fw.mp4	3682
1842_rv.mp4	3683
1843_fw.mp4	3684
1843_rv.mp4	3685
1844_fw.mp4	3686
1844_rv.mp4	3687
1845_fw.mp4	3688
1845_rv.mp4	3689
1846_fw.mp4	3690
1846_rv.mp4	3691
1847_fw.mp4	3692
1847_rv.mp4	3693
1848_fw.mp4	3694
1848_rv.mp4	3695
1849_fw.mp4	3696
1849_rv.mp4	3697
1850_fw.mp4	3698
1850_rv.mp4	3699
1851_fw.mp4	3700
1851_rv.mp4	3701
1852_fw.mp4	3702
1852_rv.mp4	3703
1853_fw.mp4	3704
1853_rv.mp4	3705
1854_fw.mp4	3706
1854_rv.mp4	3707
1855_fw.mp4	3708
1855_rv.mp4	3709
1856_fw.mp4	3710
1856_rv.mp4	3711
1857_fw.mp4	3712
1857_rv.mp4	3713
1858_fw.mp4	3714
1858_rv.mp4	3715
1859_fw.mp4	3716
1859_rv.mp4	3717
1860_fw.mp4	3718
1860_rv.mp4	3719
1861_fw.mp4	3720
1861_rv.mp4	3721
1862_fw.mp4	3722
1862_rv.mp4	3723
1863_fw.mp4	3724
1863_rv.mp4	3725
1864_fw.mp4	3726
1864_rv.mp4	3727
1865_fw.mp4	3728
1865_rv.mp4	3729
1866_fw.mp4	3730
1866_rv.mp4	3731
1867_fw.mp4	3732
1867_rv.mp4	3733
1868_fw.mp4	3734
1868_rv.mp4	3735
1869_fw.mp4	3736
1869_rv.mp4	3737
1870_fw.mp4	3738
1870_rv.mp4	3739
1871_fw.mp4	3740
1871_rv.mp4	3741
1872_fw.mp4	3742
1872_rv.mp4	3743
1873_fw.mp4	3744
1873_rv.mp4	3745
1874_fw.mp4	3746
1874_rv.mp4	3747
1875_fw.mp4	3748
1875_rv.mp4	3749
1876_fw.mp4	3750
1876_rv.mp4	3751
1877_fw.mp4	3752
1877_rv.mp4	3753
1878_fw.mp4	3754
1878_rv.mp4	3755
1879_fw.mp4	3756
1879_rv.mp4	3757
1880_fw.mp4	3758
1880_rv.mp4	3759
1881_fw.mp4	3760
1881_rv.mp4	3761
1882_fw.mp4	3762
1882_rv.mp4	3763
1883_fw.mp4	3764
1883_rv.mp4	3765
1884_fw.mp4	3766
1884_rv.mp4	3767
1885_fw.mp4	3768
1885_rv.mp4	3769
1886_fw.mp4	3770
1886_rv.mp4	3771
1887_fw.mp4	3772
1887_rv.mp4	3773
1888_fw.mp4	3774
1888_rv.mp4	3775
1889_fw.mp4	3776
1889_rv.mp4	3777
1890_fw.mp4	3778
1890_rv.mp4	3779
1891_fw.mp4	3780
1891_rv.mp4	3781
1892_fw.mp4	3782
1892_rv.mp4	3783
1893_fw.mp4	3784
1893_rv.mp4	3785
1894_fw.mp4	3786
1894_rv.mp4	3787
1895_fw.mp4	3788
1895_rv.mp4	3789
1896_fw.mp4	3790
1896_rv.mp4	3791
1897_fw.mp4	3792
1897_rv.mp4	3793
1898_fw.mp4	3794
1898_rv.mp4	3795
1899_fw.mp4	3796
1899_rv.mp4	3797
1900_fw.mp4	3798
1900_rv.mp4	3799
1901_fw.mp4	3800
1901_rv.mp4	3801
1902_fw.mp4	3802
1902_rv.mp4	3803
1903_fw.mp4	3804
1903_rv.mp4	3805
1904_fw.mp4	3806
1904_rv.mp4	3807
1905_fw.mp4	3808
1905_rv.mp4	3809
1906_fw.mp4	3810
1906_rv.mp4	3811
1907_fw.mp4	3812
1907_rv.mp4	3813
1908_fw.mp4	3814
1908_rv.mp4	3815
1909_fw.mp4	3816
1909_rv.mp4	3817
1910_fw.mp4	3818
1910_rv.mp4	3819
1911_fw.mp4	3820
1911_rv.mp4	3821
1912_fw.mp4	3822
1912_rv.mp4	3823
1913_fw.mp4	3824
1913_rv.mp4	3825
1914_fw.mp4	3826
1914_rv.mp4	3827
1915_fw.mp4	3828
1915_rv.mp4	3829
1916_fw.mp4	3830
1916_rv.mp4	3831
1917_fw.mp4	3832
1917_rv.mp4	3833
1918_fw.mp4	3834
1918_rv.mp4	3835
1919_fw.mp4	3836
1919_rv.mp4	3837
1920_fw.mp4	3838
1920_rv.mp4	3839
1921_fw.mp4	3840
1921_rv.mp4	3841
1922_fw.mp4	3842
1922_rv.mp4	3843
1923_fw.mp4	3844
1923_rv.mp4	3845
1924_fw.mp4	3846
1924_rv.mp4	3847
1925_fw.mp4	3848
1925_rv.mp4	3849
1926_fw.mp4	3850
1926_rv.mp4	3851
1927_fw.mp4	3852
1927_rv.mp4	3853
1928_fw.mp4	3854
1928_rv.mp4	3855
1929_fw.mp4	3856
1929_rv.mp4	3857
1930_fw.mp4	3858
1930_rv.mp4	3859
1931_fw.mp4	3860
1931_rv.mp4	3861
1932_fw.mp4	3862
1932_rv.mp4	3863
1933_fw.mp4	3864
1933_rv.mp4	3865
1934_fw.mp4	3866
1934_rv.mp4	3867
1935_fw.mp4	3868
1935_rv.mp4	3869
1936_fw.mp4	3870
1936_rv.mp4	3871
1937_fw.mp4	3872
1937_rv.mp4	3873
1938_fw.mp4	3874
1938_rv.mp4	3875
1939_fw.mp4	3876
1939_rv.mp4	3877
1940_fw.mp4	3878
1940_rv.mp4	3879
1941_fw.mp4	3880
1941_rv.mp4	3881
1942_fw.mp4	3882
1942_rv.mp4	3883
1943_fw.mp4	3884
1943_rv.mp4	3885
1944_fw.mp4	3886
1944_rv.mp4	3887
1945_fw.mp4	3888
1945_rv.mp4	3889
1946_fw.mp4	3890
1946_rv.mp4	3891
1947_fw.mp4	3892
1947_rv.mp4	3893
1948_fw.mp4	3894
1948_rv.mp4	3895
1949_fw.mp4	3896
1949_rv.mp4	3897
1950_fw.mp4	3898
1950_rv.mp4	3899
1951_fw.mp4	3900
1951_rv.mp4	3901
1952_fw.mp4	3902
1952_rv.mp4	3903
1953_fw.mp4	3904
1953_rv.mp4	3905
1954_fw.mp4	3906
1954_rv.mp4	3907
1955_fw.mp4	3908
1955_rv.mp4	3909
1956_fw.mp4	3910
1956_rv.mp4	3911
1957_fw.mp4	3912
1957_rv.mp4	3913
1958_fw.mp4	3914
1958_rv.mp4	3915
1959_fw.mp4	3916
1959_rv.mp4	3917
1960_fw.mp4	3918
1960_rv.mp4	3919
1961_fw.mp4	3920
1961_rv.mp4	3921
1962_fw.mp4	3922
1962_rv.mp4	3923
1963_fw.mp4	3924
1963_rv.mp4	3925
1964_fw.mp4	3926
1964_rv.mp4	3927
1965_fw.mp4	3928
1965_rv.mp4	3929
1966_fw.mp4	3930
1966_rv.mp4	3931
1967_fw.mp4	3932
1967_rv.mp4	3933
1968_fw.mp4	3934
1968_rv.mp4	3935
1969_fw.mp4	3936
1969_rv.mp4	3937
1970_fw.mp4	3938
1970_rv.mp4	3939
1971_fw.mp4	3940
1971_rv.mp4	3941
1972_fw.mp4	3942
1972_rv.mp4	3943
1973_fw.mp4	3944
1973_rv.mp4	3945
1974_fw.mp4	3946
1974_rv.mp4	3947
1975_fw.mp4	3948
1975_rv.mp4	3949
1976_fw.mp4	3950
1976_rv.mp4	3951
1977_fw.mp4	3952
1977_rv.mp4	3953
1978_fw.mp4	3954
1978_rv.mp4	3955
1979_fw.mp4	3956
1979_rv.mp4	3957
1980_fw.mp4	3958
1980_rv.mp4	3959
1981_fw.mp4	3960
1981_rv.mp4	3961
1982_fw.mp4	3962
1982_rv.mp4	3963
1983_fw.mp4	3964
1983_rv.mp4	3965
1984_fw.mp4	3966
1984_rv.mp4	3967
1985_fw.mp4	3968
1985_rv.mp4	3969
1986_fw.mp4	3970
1986_rv.mp4	3971
1987_fw.mp4	3972
1987_rv.mp4	3973
1988_fw.mp4	3974
1988_rv.mp4	3975
1989_fw.mp4	3976
1989_rv.mp4	3977
1990_fw.mp4	3978
1990_rv.mp4	3979
1991_fw.mp4	3980
1991_rv.mp4	3981
1992_fw.mp4	3982
1992_rv.mp4	3983
1993_fw.mp4	3984
1993_rv.mp4	3985
1994_fw.mp4	3986
1994_rv.mp4	3987
1995_fw.mp4	3988
1995_rv.mp4	3989
1996_fw.mp4	3990
1996_rv.mp4	3991
1997_fw.mp4	3992
1997_rv.mp4	3993
1998_fw.mp4	3994
1998_rv.mp4	3995
1999_fw.mp4	3996
1999_rv.mp4	3997
2000_fw.mp4	3998
2000_rv.mp4	3999
2001_fw.mp4	4000
2001_rv.mp4	4001
2002_fw.mp4	4002
2002_rv.mp4	4003
2003_fw.mp4	4004
2003_rv.mp4	4005
2004_fw.mp4	4006
2004_rv.mp4	4007
2005_fw.mp4	4008
2005_rv.mp4	4009
2006_fw.mp4	4010
2006_rv.mp4	4011
2007_fw.mp4	4012
2007_rv.mp4	4013
2008_fw.mp4	4014
2008_rv.mp4	4015
2009_fw.mp4	4016
2009_rv.mp4	4017
2010_fw.mp4	4018
2010_rv.mp4	4019
2011_fw.mp4	4020
2011_rv.mp4	4021
2012_fw.mp4	4022
2012_rv.mp4	4023
2013_fw.mp4	4024
2013_rv.mp4	4025
2014_fw.mp4	4026
2014_rv.mp4	4027
2015_fw.mp4	4028
2015_rv.mp4	4029
2016_fw.mp4	4030
2016_rv.mp4	4031
2017_fw.mp4	4032
2017_rv.mp4	4033
2018_fw.mp4	4034
2018_rv.mp4	4035
2019_fw.mp4	4036
2019_rv.mp4	4037
2020_fw.mp4	4038
2020_rv.mp4	4039
2021_fw.mp4	4040
2021_rv.mp4	4041
2022_fw.mp4	4042
2022_rv.mp4	4043
2023_fw.mp4	4044
2023_rv.mp4	4045
2024_fw.mp4	4046
2024_rv.mp4	4047
2025_fw.mp4	4048
2025_rv.mp4	4049
2026_fw.mp4	4050
2026_rv.mp4	4051
2027_fw.mp4	4052
2027_rv.mp4	4053
2028_fw.mp4	4054
2028_rv.mp4	4055
2029_fw.mp4	4056
2029_rv.mp4	4057
2030_fw.mp4	4058
2030_rv.mp4	4059
2031_fw.mp4	4060
2031_rv.mp4	4061
2032_fw.mp4	4062
2032_rv.mp4	4063
2033_fw.mp4	4064
2033_rv.mp4	4065
2034_fw.mp4	4066
2034_rv.mp4	4067
2035_fw.mp4	4068
2035_rv.mp4	4069
2036_fw.mp4	4070
2036_rv.mp4	4071
2037_fw.mp4	4072
2037_rv.mp4	4073
2038_fw.mp4	4074
2038_rv.mp4	4075
2039_fw.mp4	4076
2039_rv.mp4	4077
2040_fw.mp4	4078
2040_rv.mp4	4079
2041_fw.mp4	4080
2041_rv.mp4	4081
2042_fw.mp4	4082
2042_rv.mp4	4083
2043_fw.mp4	4084
2043_rv.mp4	4085
2044_fw.mp4	4086
2044_rv.mp4	4087
2045_fw.mp4	4088
2045_rv.mp4	4089
2046_fw.mp4	4090
2046_rv.mp4	4091
2047_fw.mp4	4092
2047_rv.mp4	4093
2048_fw.mp4	4094
2048_rv.mp4	4095
2049_fw.mp4	4096
2049_rv.mp4	4097
2050_fw.mp4	4098
2050_rv.mp4	4099
2051_fw.mp4	4100
2051_rv.mp4	4101
2052_fw.mp4	4102
2052_rv.mp4	4103
2053_fw.mp4	4104
2053_rv.mp4	4105
2054_fw.mp4	4106
2054_rv.mp4	4107
2055_fw.mp4	4108
2055_rv.mp4	4109
2056_fw.mp4	4110
2056_rv.mp4	4111
2057_fw.mp4	4112
2057_rv.mp4	4113
2058_fw.mp4	4114
2058_rv.mp4	4115
2059_fw.mp4	4116
2059_rv.mp4	4117
2060_fw.mp4	4118
2060_rv.mp4	4119
2061_fw.mp4	4120
2061_rv.mp4	4121
2062_fw.mp4	4122
2062_rv.mp4	4123
2063_fw.mp4	4124
2063_rv.mp4	4125
2064_fw.mp4	4126
2064_rv.mp4	4127
2065_fw.mp4	4128
2065_rv.mp4	4129
2066_fw.mp4	4130
2066_rv.mp4	4131
2067_fw.mp4	4132
2067_rv.mp4	4133
2068_fw.mp4	4134
2068_rv.mp4	4135
2069_fw.mp4	4136
2069_rv.mp4	4137
2070_fw.mp4	4138
2070_rv.mp4	4139
2071_fw.mp4	4140
2071_rv.mp4	4141
2072_fw.mp4	4142
2072_rv.mp4	4143
2073_fw.mp4	4144
2073_rv.mp4	4145
2074_fw.mp4	4146
2074_rv.mp4	4147
2075_fw.mp4	4148
2075_rv.mp4	4149
2076_fw.mp4	4150
2076_rv.mp4	4151
2077_fw.mp4	4152
2077_rv.mp4	4153
2078_fw.mp4	4154
2078_rv.mp4	4155
2079_fw.mp4	4156
2079_rv.mp4	4157
2080_fw.mp4	4158
2080_rv.mp4	4159
2081_fw.mp4	4160
2081_rv.mp4	4161
2082_fw.mp4	4162
2082_rv.mp4	4163
2083_fw.mp4	4164
2083_rv.mp4	4165
2084_fw.mp4	4166
2084_rv.mp4	4167
2085_fw.mp4	4168
2085_rv.mp4	4169
2086_fw.mp4	4170
2086_rv.mp4	4171
2087_fw.mp4	4172
2087_rv.mp4	4173
2088_fw.mp4	4174
2088_rv.mp4	4175
2089_fw.mp4	4176
2089_rv.mp4	4177
2090_fw.mp4	4178
2090_rv.mp4	4179
2091_fw.mp4	4180
2091_rv.mp4	4181
2092_fw.mp4	4182
2092_rv.mp4	4183
2093_fw.mp4	4184
2093_rv.mp4	4185
2094_fw.mp4	4186
2094_rv.mp4	4187
2095_fw.mp4	4188
2095_rv.mp4	4189
2096_fw.mp4	4190
2096_rv.mp4	4191
2097_fw.mp4	4192
2097_rv.mp4	4193
2098_fw.mp4	4194
2098_rv.mp4	4195
2099_fw.mp4	4196
2099_rv.mp4	4197
2100_fw.mp4	4198
2100_rv.mp4	4199
2101_fw.mp4	4200
2101_rv.mp4	4201
2102_fw.mp4	4202
2102_rv.mp4	4203
2103_fw.mp4	4204
2103_rv.mp4	4205
2104_fw.mp4	4206
2104_rv.mp4	4207
2105_fw.mp4	4208
2105_rv.mp4	4209
2106_fw.mp4	4210
2106_rv.mp4	4211
2107_fw.mp4	4212
2107_rv.mp4	4213
2108_fw.mp4	4214
2108_rv.mp4	4215
2109_fw.mp4	4216
2109_rv.mp4	4217
2110_fw.mp4	4218
2110_rv.mp4	4219
2111_fw.mp4	4220
2111_rv.mp4	4221
2112_fw.mp4	4222
2112_rv.mp4	4223
2113_fw.mp4	4224
2113_rv.mp4	4225
2114_fw.mp4	4226
2114_rv.mp4	4227
2115_fw.mp4	4228
2115_rv.mp4	4229
2116_fw.mp4	4230
2116_rv.mp4	4231
2117_fw.mp4	4232
2117_rv.mp4	4233
2118_fw.mp4	4234
2118_rv.mp4	4235
2119_fw.mp4	4236
2119_rv.mp4	4237
2120_fw.mp4	4238
2120_rv.mp4	4239
2121_fw.mp4	4240
2121_rv.mp4	4241
2122_fw.mp4	4242
2122_rv.mp4	4243
2123_fw.mp4	4244
2123_rv.mp4	4245
2124_fw.mp4	4246
2124_rv.mp4	4247
2125_fw.mp4	4248
2125_rv.mp4	4249
2126_fw.mp4	4250
2126_rv.mp4	4251
2127_fw.mp4	4252
2127_rv.mp4	4253
2128_fw.mp4	4254
2128_rv.mp4	4255
2129_fw.mp4	4256
2129_rv.mp4	4257
2130_fw.mp4	4258
2130_rv.mp4	4259
2131_fw.mp4	4260
2131_rv.mp4	4261
2132_fw.mp4	4262
2132_rv.mp4	4263
2133_fw.mp4	4264
2133_rv.mp4	4265
2134_fw.mp4	4266
2134_rv.mp4	4267
2135_fw.mp4	4268
2135_rv.mp4	4269
2136_fw.mp4	4270
2136_rv.mp4	4271
2137_fw.mp4	4272
2137_rv.mp4	4273
2138_fw.mp4	4274
2138_rv.mp4	4275
2139_fw.mp4	4276
2139_rv.mp4	4277
2140_fw.mp4	4278
2140_rv.mp4	4279
2141_fw.mp4	4280
2141_rv.mp4	4281
2142_fw.mp4	4282
2142_rv.mp4	4283
2143_fw.mp4	4284
2143_rv.mp4	4285
2144_fw.mp4	4286
2144_rv.mp4	4287
2145_fw.mp4	4288
2145_rv.mp4	4289
2146_fw.mp4	4290
2146_rv.mp4	4291
2147_fw.mp4	4292
2147_rv.mp4	4293
2148_fw.mp4	4294
2148_rv.mp4	4295
2149_fw.mp4	4296
2149_rv.mp4	4297
2150_fw.mp4	4298
2150_rv.mp4	4299
2151_fw.mp4	4300
2151_rv.mp4	4301
2152_fw.mp4	4302
2152_rv.mp4	4303
2153_fw.mp4	4304
2153_rv.mp4	4305
2154_fw.mp4	4306
2154_rv.mp4	4307
2155_fw.mp4	4308
2155_rv.mp4	4309
2156_fw.mp4	4310
2156_rv.mp4	4311
2157_fw.mp4	4312
2157_rv.mp4	4313
2158_fw.mp4	4314
2158_rv.mp4	4315
2159_fw.mp4	4316
2159_rv.mp4	4317
2160_fw.mp4	4318
2160_rv.mp4	4319
2161_fw.mp4	4320
2161_rv.mp4	4321
2162_fw.mp4	4322
2162_rv.mp4	4323
2163_fw.mp4	4324
2163_rv.mp4	4325
2164_fw.mp4	4326
2164_rv.mp4	4327
2165_fw.mp4	4328
2165_rv.mp4	4329
2166_fw.mp4	4330
2166_rv.mp4	4331
2167_fw.mp4	4332
2167_rv.mp4	4333
2168_fw.mp4	4334
2168_rv.mp4	4335
2169_fw.mp4	4336
2169_rv.mp4	4337
2170_fw.mp4	4338
2170_rv.mp4	4339
2171_fw.mp4	4340
2171_rv.mp4	4341
2172_fw.mp4	4342
2172_rv.mp4	4343
2173_fw.mp4	4344
2173_rv.mp4	4345
2174_fw.mp4	4346
2174_rv.mp4	4347
2175_fw.mp4	4348
2175_rv.mp4	4349
2176_fw.mp4	4350
2176_rv.mp4	4351
2177_fw.mp4	4352
2177_rv.mp4	4353
2178_fw.mp4	4354
2178_rv.mp4	4355
2179_fw.mp4	4356
2179_rv.mp4	4357
